{"type": "FeatureCollection", "generated": "2026-08-31 16:46 UTC", "verified": true, "count": 395, "features": [{"type": "Feature", "geometry": {"type": "Polygon", "coordinates": [[[-82.9371063, 39.9395315], [-82.9368317, 39.9396368], [-82.9367029, 39.9395973], [-82.9365227, 39.9393604], [-82.9362308, 39.9389853], [-82.9361021, 39.9387221], [-82.9359562, 39.938393], [-82.9359562, 39.9381232], [-82.936042, 39.9380574], [-82.9362308, 39.9381166], [-82.9364454, 39.938268], [-82.9366943, 39.9386234], [-82.9368574, 39.9388405], [-82.9372007, 39.9393078], [-82.9372093, 39.9394328], [-82.9371063, 39.9395315]]]}, "properties": {"name": "Unnamed water", "tier": "HIDDEN GEM", "score": 100, "wtype": "pond", "acres": 2.16, "access": "PUBLIC", "owner": "CITY OF COLUMBUS", "owner_addr": "1139 COLLEGE AVE", "species": ["Largemouth bass", "Bluegill", "Black crappie", "Channel catfish"], "bass": "PRIME", "easy_access": false, "public_shore_m": 430, "nearest_park_m": 448, "osm_id": 30164474, "lat": 39.938883, "lon": -82.936545}}, {"type": "Feature", "geometry": {"type": "Polygon", "coordinates": [[[-83.0632945, 39.9744804], [-83.0633247, 39.9744635], [-83.0633757, 39.9744645], [-83.0633998, 39.9744892], [-83.0635607, 39.9748139], [-83.0636939, 39.9751136], [-83.0637203, 39.9751993], [-83.0637926, 39.9756797], [-83.0638021, 39.9758396], [-83.0637834, 39.9760718], [-83.063704, 39.9764069], [-83.0635195, 39.9769352], [-83.0634964, 39.9770728], [-83.063475, 39.9776069], [-83.0634534, 39.9777223], [-83.0633511, 39.9779012], [-83.0633414, 39.97811], [-83.0633059, 39.9781498], [-83.0631745, 39.9781786], [-83.0630727, 39.9781808], [-83.0630141, 39.9781626], [-83.0629649, 39.9781296], [-83.0628634, 39.9780615], [-83.062622, 39.9779538], [-83.0623136, 39.9777215], [-83.0622545, 39.9776422], [-83.0622466, 39.9775641], [-83.0622679, 39.9774757], [-83.0624337, 39.9771756], [-83.0629428, 39.9764361], [-83.0630877, 39.9761788], [-83.0632228, 39.975891], [-83.0632942, 39.975679], [-83.0633548, 39.97541], [-83.0633731, 39.9752473], [-83.063373, 39.9750318], [-83.0633441, 39.9747297], [-83.0632945, 39.9744804]]]}, "properties": {"name": "Unnamed water", "tier": "HIDDEN GEM", "score": 100, "wtype": "lake", "acres": 5.74, "access": "PUBLIC", "owner": "CITY OF COLUMBUS", "owner_addr": "DUBLIN        RD REAR", "species": ["Largemouth bass", "Bluegill", "Black crappie", "Channel catfish"], "bass": "PRIME", "easy_access": true, "public_shore_m": 271, "nearest_park_m": 175, "osm_id": 30169627, "lat": 39.97675, "lon": -83.063164}}, {"type": "Feature", "geometry": {"type": "Polygon", "coordinates": [[[-83.1721082, 40.0283933], [-83.1723829, 40.0283735], [-83.1726918, 40.028459], [-83.1728721, 40.0286693], [-83.1728463, 40.0288796], [-83.1726833, 40.0290045], [-83.1723142, 40.0291162], [-83.1720567, 40.0290899], [-83.171885, 40.0289716], [-83.1716104, 40.0289453], [-83.171576, 40.0288993], [-83.1716619, 40.0287744], [-83.171825, 40.0286364], [-83.1719537, 40.0284458], [-83.1721082, 40.0283933]]]}, "properties": {"name": "Unnamed water", "tier": "HIDDEN GEM", "score": 100, "wtype": "pond", "acres": 1.55, "access": "PUBLIC", "owner": "CITY OF HILLIARD", "owner_addr": "3800 VETERANS MEMORIA DR", "species": ["Largemouth bass", "Bluegill", "Black crappie", "Channel catfish"], "bass": "PRIME", "easy_access": true, "public_shore_m": 303, "nearest_park_m": 164, "osm_id": 32058578, "lat": 40.028749, "lon": -83.172278}}, {"type": "Feature", "geometry": {"type": "Polygon", "coordinates": [[[-83.1760736, 40.0269473], [-83.176477, 40.0267765], [-83.1765971, 40.0267699], [-83.1767173, 40.026829], [-83.1767345, 40.0269342], [-83.1766572, 40.0271182], [-83.176683, 40.02723], [-83.1768546, 40.0274928], [-83.1768546, 40.0275783], [-83.1768031, 40.0276769], [-83.1766057, 40.0277426], [-83.1764684, 40.0277163], [-83.1762796, 40.0276046], [-83.1761337, 40.0276046], [-83.1760307, 40.0276177], [-83.1759362, 40.0275783], [-83.1758247, 40.0275586], [-83.1757131, 40.0276177], [-83.1755243, 40.0277755], [-83.1753698, 40.0278149], [-83.1752496, 40.0278149], [-83.1751724, 40.0277623], [-83.175138, 40.0276572], [-83.1751981, 40.0275389], [-83.1753612, 40.0273614], [-83.1754384, 40.0272957], [-83.1753526, 40.0270919], [-83.1753612, 40.0269473], [-83.1754556, 40.0268619], [-83.1756101, 40.0268619], [-83.1757732, 40.0269539], [-83.1758847, 40.0269933], [-83.1760736, 40.0269473]]]}, "properties": {"name": "Unnamed water", "tier": "HIDDEN GEM", "score": 100, "wtype": "pond", "acres": 2.7, "access": "PUBLIC", "owner": "CITY OF HILLIARD", "owner_addr": "VETERANS MEMORAL DR", "species": ["Largemouth bass", "Bluegill", "Black crappie", "Channel catfish"], "bass": "PRIME", "easy_access": false, "public_shore_m": 491, "nearest_park_m": 268, "osm_id": 32058584, "lat": 40.027304, "lon": -83.176033}}, {"type": "Feature", "geometry": {"type": "Polygon", "coordinates": [[[-83.1675513, 40.1125605], [-83.1676411, 40.112507], [-83.1677186, 40.1124567], [-83.1678204, 40.1124416], [-83.1679394, 40.1124665], [-83.1680181, 40.1125148], [-83.168118, 40.1125922], [-83.168192, 40.1126983], [-83.1682116, 40.1129126], [-83.1682222, 40.1130556], [-83.1682497, 40.1131742], [-83.1683084, 40.1132217], [-83.1683786, 40.1132511], [-83.1684115, 40.1133366], [-83.1684118, 40.1134227], [-83.1683452, 40.1134719], [-83.1682204, 40.1135564], [-83.1679233, 40.1137199], [-83.1678868, 40.1137685], [-83.1678367, 40.1138], [-83.1677555, 40.1138263], [-83.1676641, 40.1138351], [-83.1675813, 40.1138601], [-83.1675008, 40.1138806], [-83.1674349, 40.1138758], [-83.1673384, 40.1138679], [-83.1672837, 40.1138581], [-83.167231, 40.1138205], [-83.1671935, 40.1137385], [-83.1671588, 40.1136107], [-83.1672537, 40.1134556], [-83.1673953, 40.1132522], [-83.1674194, 40.113062], [-83.167419, 40.1128088], [-83.1674371, 40.1126923], [-83.1674873, 40.1126264], [-83.1675513, 40.1125605]]]}, "properties": {"name": "Unnamed water", "tier": "HIDDEN GEM", "score": 100, "wtype": "pond", "acres": 2.66, "access": "PUBLIC", "owner": "CITY OF DUBLIN", "owner_addr": "6500 POST RD", "species": ["Largemouth bass", "Bluegill", "Black crappie", "Channel catfish"], "bass": "PRIME", "easy_access": false, "public_shore_m": 427, "nearest_park_m": 328, "osm_id": 38000797, "lat": 40.113205, "lon": -83.167776}}, {"type": "Feature", "geometry": {"type": "Polygon", "coordinates": [[[-82.8381712, 40.1223299], [-82.8383172, 40.1221658], [-82.838506, 40.1220805], [-82.8388064, 40.1220673], [-82.8390982, 40.1221395], [-82.8393128, 40.1223364], [-82.839287, 40.1224349], [-82.839124, 40.1225071], [-82.8391068, 40.1226252], [-82.8393557, 40.1226777], [-82.8393471, 40.1229337], [-82.8393128, 40.1232159], [-82.8392355, 40.1232684], [-82.8390038, 40.1234128], [-82.8388922, 40.12338], [-82.8389437, 40.1232618], [-82.8388579, 40.1232618], [-82.838712, 40.1234259], [-82.8387206, 40.1235244], [-82.8385918, 40.1235572], [-82.8385146, 40.1237081], [-82.8384631, 40.1237475], [-82.8383772, 40.1236819], [-82.8382657, 40.1235441], [-82.838197, 40.12338], [-82.8382399, 40.1232487], [-82.8382914, 40.1231634], [-82.8382571, 40.1230584], [-82.8380854, 40.1228877], [-82.8380425, 40.1227171], [-82.8380854, 40.1225005], [-82.8381712, 40.1223299]]]}, "properties": {"name": "Unnamed water", "tier": "HIDDEN GEM", "score": 100, "wtype": "pond", "acres": 3.51, "access": "PUBLIC", "owner": "BOARD OF PARK COMMISSIONERS OF THE COLUMBUS & FRANKLIN COUNTY METROPOLITAN PARK DISTRICT", "owner_addr": "HARLEM RD", "species": ["Largemouth bass", "Bluegill", "Black crappie", "Channel catfish"], "bass": "PRIME", "easy_access": false, "public_shore_m": 550, "nearest_park_m": 761, "osm_id": 40420943, "lat": 40.122802, "lon": -82.838693}}, {"type": "Feature", "geometry": {"type": "Polygon", "coordinates": [[[-83.1645134, 39.9849625], [-83.1646164, 39.9849427], [-83.164728, 39.9849559], [-83.1648224, 39.985094], [-83.1648653, 39.9854491], [-83.1647709, 39.9855872], [-83.1645649, 39.9856793], [-83.1643074, 39.9857056], [-83.1639383, 39.9857056], [-83.1631658, 39.9856793], [-83.1628483, 39.9856464], [-83.1628054, 39.9856201], [-83.1628139, 39.9855543], [-83.162874, 39.9855346], [-83.163286, 39.9855215], [-83.1636208, 39.9854688], [-83.1640156, 39.9852847], [-83.1645134, 39.9849625]]]}, "properties": {"name": "Unnamed water", "tier": "HIDDEN GEM", "score": 100, "wtype": "pond", "acres": 1.77, "access": "PUBLIC", "owner": "CITY OF COLUMBUS", "owner_addr": "SPINDLER RD", "species": ["Largemouth bass", "Bluegill", "Black crappie", "Channel catfish"], "bass": "PRIME", "easy_access": false, "public_shore_m": 437, "nearest_park_m": 260, "osm_id": 43788840, "lat": 39.985431, "lon": -83.164142}}, {"type": "Feature", "geometry": {"type": "Polygon", "coordinates": [[[-83.1535647, 39.9975174], [-83.1541741, 39.9975569], [-83.154217, 39.9975963], [-83.1541741, 39.9976752], [-83.1539595, 39.9977673], [-83.1538908, 39.9978528], [-83.1538737, 39.9979777], [-83.1538737, 39.9982473], [-83.1537878, 39.9983591], [-83.1536934, 39.9983788], [-83.1535475, 39.9983459], [-83.1534531, 39.9982539], [-83.1534102, 39.9981158], [-83.1534531, 39.9979382], [-83.1533758, 39.9976621], [-83.1534359, 39.99757], [-83.1535647, 39.9975174]]]}, "properties": {"name": "Unnamed water", "tier": "HIDDEN GEM", "score": 100, "wtype": "pond", "acres": 1.0, "access": "PUBLIC", "owner": "COLUMBUS METROPOLITAN HOUSING AUTHORITY", "owner_addr": "2347 HILLIARD & ROME DR", "species": ["Largemouth bass", "Bluegill", "Black crappie", "Channel catfish"], "bass": "PRIME", "easy_access": false, "public_shore_m": 283, "nearest_park_m": 262, "osm_id": 44035983, "lat": 39.997888, "lon": -83.153704}}, {"type": "Feature", "geometry": {"type": "Polygon", "coordinates": [[[-83.1607716, 39.9926704], [-83.1608574, 39.9927115], [-83.1609539, 39.992802], [-83.161029, 39.9930157], [-83.1610076, 39.9931472], [-83.1609325, 39.9933362], [-83.1608037, 39.9934184], [-83.1607072, 39.9934513], [-83.1602137, 39.9934513], [-83.1591944, 39.9933938], [-83.1591193, 39.9933527], [-83.1590549, 39.993254], [-83.1590442, 39.9928759], [-83.1590764, 39.9927362], [-83.1591837, 39.9926704], [-83.1593554, 39.9926211], [-83.1595914, 39.9926211], [-83.160557, 39.9926622], [-83.1607716, 39.9926704]]]}, "properties": {"name": "Unnamed water", "tier": "HIDDEN GEM", "score": 100, "wtype": "pond", "acres": 3.46, "access": "PUBLIC", "owner": "CITY OF COLUMBUS", "owner_addr": "STEFFI        DR REAR", "species": ["Largemouth bass", "Bluegill", "Black crappie", "Channel catfish"], "bass": "PRIME", "easy_access": false, "public_shore_m": 462, "nearest_park_m": 577, "osm_id": 46044208, "lat": 39.993038, "lon": -83.160017}}, {"type": "Feature", "geometry": {"type": "Polygon", "coordinates": [[[-83.1657877, 40.0152956], [-83.1657007, 40.0153889], [-83.1655325, 40.0154111], [-83.1643671, 40.015531], [-83.1647498, 40.0149182], [-83.1648426, 40.0148915], [-83.1656891, 40.0149004], [-83.1657877, 40.014967], [-83.1657877, 40.0152956]]]}, "properties": {"name": "Unnamed water", "tier": "HIDDEN GEM", "score": 100, "wtype": "pond", "acres": 1.55, "access": "PUBLIC", "owner": "CITY OF HILLIARD", "owner_addr": "FRAZELL RD", "species": ["Largemouth bass", "Bluegill", "Black crappie", "Channel catfish"], "bass": "PRIME", "easy_access": true, "public_shore_m": 332, "nearest_park_m": 154, "osm_id": 65184757, "lat": 40.015192, "lon": -83.165141}}, {"type": "Feature", "geometry": {"type": "Polygon", "coordinates": [[[-83.1796992, 40.0347957], [-83.179903, 40.0347957], [-83.1802034, 40.0346561], [-83.1803751, 40.034615], [-83.181051, 40.0346068], [-83.1811583, 40.0346314], [-83.1812656, 40.0347054], [-83.1812978, 40.0348615], [-83.1813836, 40.03496], [-83.1815767, 40.0349929], [-83.1816948, 40.0350668], [-83.1817269, 40.0352968], [-83.1816498, 40.0355366], [-83.1814827, 40.0356638], [-83.1811047, 40.035724], [-83.1809545, 40.0357075], [-83.1806046, 40.0355829], [-83.1807176, 40.0354978], [-83.1808011, 40.0353821], [-83.180799, 40.0352529], [-83.1806687, 40.0351838], [-83.1804009, 40.0351095], [-83.1801697, 40.0351581], [-83.1801327, 40.0352299], [-83.1803699, 40.0354249], [-83.1804123, 40.0354725], [-83.1803362, 40.035531], [-83.1797958, 40.0353543], [-83.179431, 40.0351982], [-83.1793344, 40.0350997], [-83.179367, 40.0349613], [-83.1795552, 40.0347811], [-83.1796992, 40.0347957]]]}, "properties": {"name": "Unnamed water", "tier": "HIDDEN GEM", "score": 100, "wtype": "pond", "acres": 3.8, "access": "PUBLIC", "owner": "CITY OF HILLIARD", "owner_addr": "4171 COSGRAY RD", "species": ["Largemouth bass", "Bluegill", "Black crappie", "Channel catfish"], "bass": "PRIME", "easy_access": true, "public_shore_m": 663, "nearest_park_m": 161, "osm_id": 73293304, "lat": 40.035115, "lon": -83.180654}}, {"type": "Feature", "geometry": {"type": "Polygon", "coordinates": [[[-82.8984141, 40.1298217], [-82.8985829, 40.1297173], [-82.8989236, 40.1297129], [-82.8989742, 40.1296979], [-82.8990032, 40.1297049], [-82.8990277, 40.1297108], [-82.8989939, 40.1300681], [-82.8989095, 40.1302252], [-82.8988111, 40.1302729], [-82.8984678, 40.1303385], [-82.8983176, 40.1303959], [-82.898103, 40.1305272], [-82.897942, 40.1305928], [-82.8970945, 40.1307979], [-82.8969443, 40.1308717], [-82.8968692, 40.1309701], [-82.8968477, 40.1311014], [-82.8968477, 40.1313639], [-82.8967941, 40.1314541], [-82.8965688, 40.1315443], [-82.8963756, 40.1315607], [-82.895925, 40.1315607], [-82.895807, 40.1315279], [-82.8956691, 40.1314844], [-82.8957001, 40.131394], [-82.8957817, 40.1312412], [-82.8957817, 40.1310367], [-82.8956945, 40.130645], [-82.8956156, 40.1302855], [-82.8956691, 40.13018], [-82.8958043, 40.130137], [-82.896159, 40.1301714], [-82.8963673, 40.1303286], [-82.896463, 40.1303845], [-82.8966207, 40.1304276], [-82.8967868, 40.1304039], [-82.8968881, 40.130363], [-82.8970852, 40.1302145], [-82.8972428, 40.1301391], [-82.8975469, 40.1301241], [-82.898048, 40.1301499], [-82.8982028, 40.1301262], [-82.8983068, 40.130076], [-82.8984141, 40.1298217]]]}, "properties": {"name": "Unnamed water", "tier": "HIDDEN GEM", "score": 100, "wtype": "pond", "acres": 5.97, "access": "PUBLIC", "owner": "CITY OF WESTERVILLE OHIO", "owner_addr": "COUNTY LINE RD", "species": ["Largemouth bass", "Bluegill", "Black crappie", "Channel catfish"], "bass": "PRIME", "easy_access": false, "public_shore_m": 894, "nearest_park_m": 316, "osm_id": 79483603, "lat": 40.130629, "lon": -82.896966}}, {"type": "Feature", "geometry": {"type": "Polygon", "coordinates": [[[-83.1618051, 40.0560424], [-83.1619338, 40.0560588], [-83.1620947, 40.0562723], [-83.1620947, 40.0563462], [-83.1619553, 40.0563955], [-83.1606142, 40.0564858], [-83.1605498, 40.0564447], [-83.1605927, 40.0563462], [-83.1607215, 40.0563051], [-83.160936, 40.0562887], [-83.1612794, 40.0562477], [-83.1616012, 40.0560998], [-83.1618051, 40.0560424]]]}, "properties": {"name": "Unnamed water", "tier": "HIDDEN GEM", "score": 100, "wtype": "pond", "acres": 0.83, "access": "PUBLIC", "owner": "CITY OF COLUMBUS OHIO", "owner_addr": "AVERY RD", "species": ["Largemouth bass", "Bluegill", "Black crappie", "Channel catfish"], "bass": "PRIME", "easy_access": true, "public_shore_m": 304, "nearest_park_m": 124, "osm_id": 111757898, "lat": 40.056301, "lon": -83.161428}}, {"type": "Feature", "geometry": {"type": "Polygon", "coordinates": [[[-82.9441489, 39.9135302], [-82.9443034, 39.9136141], [-82.9444172, 39.9137853], [-82.9443957, 39.9143284], [-82.9442455, 39.9146494], [-82.9439558, 39.9148304], [-82.9436018, 39.9149538], [-82.9434237, 39.9149308], [-82.943252, 39.9148567], [-82.9432048, 39.9147152], [-82.9432799, 39.9145671], [-82.9435052, 39.9144107], [-82.9435696, 39.914312], [-82.9435267, 39.9138841], [-82.9435481, 39.9137442], [-82.9437412, 39.9135549], [-82.9439344, 39.9134973], [-82.9441489, 39.9135302]]]}, "properties": {"name": "Unnamed water", "tier": "HIDDEN GEM", "score": 100, "wtype": "pond", "acres": 2.71, "access": "PUBLIC", "owner": "COLUMBUS CITY STORAGE LTD", "owner_addr": "2185 PERFORMANCE WY", "species": ["Largemouth bass", "Bluegill", "Black crappie", "Channel catfish"], "bass": "PRIME", "easy_access": false, "public_shore_m": 432, "nearest_park_m": 378, "osm_id": 129229797, "lat": 39.91424, "lon": -82.943883}}, {"type": "Feature", "geometry": {"type": "Polygon", "coordinates": [[[-82.8756798, 39.8857292], [-82.8755831, 39.8854415], [-82.8757068, 39.8853584], [-82.8759117, 39.8855157], [-82.8761785, 39.8856521], [-82.8763988, 39.8857915], [-82.8767428, 39.8860051], [-82.877056, 39.8862305], [-82.8771642, 39.8863492], [-82.8771951, 39.88645], [-82.8769091, 39.8865331], [-82.8766539, 39.8865538], [-82.8764684, 39.8865479], [-82.8763215, 39.8866309], [-82.8763215, 39.8866712], [-82.8763215, 39.8868297], [-82.8763331, 39.8869394], [-82.8760045, 39.8870403], [-82.8756218, 39.8871856], [-82.8754285, 39.8872034], [-82.8752778, 39.887242], [-82.8750652, 39.8874199], [-82.8750072, 39.8873903], [-82.8749067, 39.887417], [-82.8748912, 39.8874793], [-82.8747946, 39.8874941], [-82.8744814, 39.8876246], [-82.8741258, 39.8877937], [-82.8738823, 39.887847], [-82.8736697, 39.8877343], [-82.8735576, 39.8874911], [-82.8734996, 39.8872034], [-82.8735923, 39.8866131], [-82.8736581, 39.8865538], [-82.8738127, 39.886542], [-82.8744737, 39.886539], [-82.8747868, 39.886536], [-82.875185, 39.8865864], [-82.8754015, 39.8866161], [-82.8755136, 39.8866191], [-82.8754904, 39.8865627], [-82.8753783, 39.8862513], [-82.8753783, 39.8860199], [-82.8755522, 39.8858538], [-82.8756798, 39.8857292]]]}, "properties": {"name": "Unnamed water", "tier": "HIDDEN GEM", "score": 100, "wtype": "lake", "acres": 8.66, "access": "PUBLIC_BANK", "owner": "CITY OF COLUMBUS OHIO", "owner_addr": "S HAMILTON RD", "species": ["Largemouth bass", "Bluegill", "Black crappie", "Channel catfish"], "bass": "PRIME", "easy_access": false, "public_shore_m": 397, "nearest_park_m": 460, "osm_id": 158670542, "lat": 39.886721, "lon": -82.875186}}, {"type": "Feature", "geometry": {"type": "Polygon", "coordinates": [[[-83.1692611, 40.01202], [-83.1693534, 40.0120352], [-83.169304, 40.0123159], [-83.1691967, 40.0124063], [-83.1689349, 40.0124297], [-83.1688963, 40.012398], [-83.1688963, 40.0123077], [-83.1689929, 40.0121762], [-83.1692611, 40.01202]]]}, "properties": {"name": "Unnamed water", "tier": "HIDDEN GEM", "score": 100, "wtype": "pond", "acres": 0.28, "access": "PUBLIC", "owner": "CITY OF COLUMBUS", "owner_addr": "6000 ROBERTS RD", "species": ["Largemouth bass", "Bluegill"], "bass": "GOOD", "easy_access": false, "public_shore_m": 136, "nearest_park_m": 321, "osm_id": 172246981, "lat": 40.012246, "lon": -83.169135}}, {"type": "Feature", "geometry": {"type": "Polygon", "coordinates": [[[-83.171203, 40.0078702], [-83.1713103, 40.0078948], [-83.171439, 40.0080099], [-83.1714605, 40.0081003], [-83.1714133, 40.0082634], [-83.1714069, 40.0084536], [-83.1714712, 40.0087084], [-83.1720463, 40.0096275], [-83.1721321, 40.0097837], [-83.1721643, 40.0100138], [-83.1721107, 40.0101535], [-83.1719283, 40.0103014], [-83.1715528, 40.0104822], [-83.1712845, 40.0106547], [-83.1710313, 40.0108285], [-83.1708811, 40.0109764], [-83.1707803, 40.0114354], [-83.1707309, 40.0115845], [-83.1706129, 40.0116256], [-83.1704949, 40.0115927], [-83.170452, 40.0114941], [-83.1705807, 40.011264], [-83.1706344, 40.011034], [-83.1705915, 40.0108778], [-83.1703554, 40.0106067], [-83.1703018, 40.0104012], [-83.1703447, 40.0101383], [-83.1704906, 40.0098905], [-83.1706988, 40.0095384], [-83.170791, 40.0092084], [-83.1708275, 40.0087906], [-83.1708168, 40.0084454], [-83.1707524, 40.0081742], [-83.1706837, 40.0080415], [-83.1706773, 40.0079688], [-83.1706945, 40.0078936], [-83.1707803, 40.0078525], [-83.171203, 40.0078702]]]}, "properties": {"name": "Unnamed water", "tier": "HIDDEN GEM", "score": 100, "wtype": "lake", "acres": 7.84, "access": "PUBLIC", "owner": "CITY OF COLUMBUS", "owner_addr": "6000 ROBERTS RD", "species": ["Largemouth bass", "Bluegill", "Black crappie", "Channel catfish"], "bass": "PRIME", "easy_access": false, "public_shore_m": 985, "nearest_park_m": 652, "osm_id": 172246982, "lat": 40.009662, "lon": -83.171153}}, {"type": "Feature", "geometry": {"type": "Polygon", "coordinates": [[[-83.197092, 40.0064976], [-83.1971617, 40.0065263], [-83.1971993, 40.006588], [-83.1971671, 40.0066414], [-83.1970437, 40.0067154], [-83.1961532, 40.0072084], [-83.1961371, 40.0072701], [-83.1961479, 40.0073235], [-83.1960763, 40.0072594], [-83.196003, 40.0072413], [-83.1959118, 40.0072413], [-83.1959065, 40.0072125], [-83.1960602, 40.0071813], [-83.1963391, 40.0070416], [-83.1965073, 40.0069208], [-83.1965322, 40.0068731], [-83.1965054, 40.0067869], [-83.1965287, 40.0067277], [-83.1966253, 40.0066496], [-83.197033, 40.0065017], [-83.197092, 40.0064976]]]}, "properties": {"name": "Unnamed water", "tier": "HIDDEN GEM", "score": 100, "wtype": "pond", "acres": 0.48, "access": "PUBLIC", "owner": "BOARD OF EDUCATION OF THE HILLIARD CITY SCHOOL DIST", "owner_addr": "2800 WALKER RD", "species": ["Largemouth bass", "Bluegill"], "bass": "GOOD", "easy_access": true, "public_shore_m": 307, "nearest_park_m": 217, "osm_id": 180311181, "lat": 40.006805, "lon": -83.196688}}, {"type": "Feature", "geometry": {"type": "Polygon", "coordinates": [[[-83.198122, 40.0083302], [-83.1982829, 40.0085438], [-83.1983508, 40.0086523], [-83.1984653, 40.0087575], [-83.1985672, 40.0088438], [-83.1986316, 40.008967], [-83.1987638, 40.0091454], [-83.1988623, 40.0091684], [-83.1988623, 40.0092341], [-83.1987067, 40.0092629], [-83.1986048, 40.0092629], [-83.1985136, 40.0092012], [-83.1984742, 40.0091166], [-83.1984707, 40.0089917], [-83.1984259, 40.0088742], [-83.198358, 40.0088109], [-83.198281, 40.0087797], [-83.1982132, 40.0087], [-83.1981756, 40.0085562], [-83.1980576, 40.0083507], [-83.198122, 40.0083302]]]}, "properties": {"name": "Unnamed water", "tier": "HIDDEN GEM", "score": 100, "wtype": "pond", "acres": 0.39, "access": "PUBLIC", "owner": "BOARD OF EDUCATION OF THE HILLIARD CITY SCHOOL DIST", "owner_addr": "2800 WALKER RD", "species": ["Largemouth bass", "Bluegill"], "bass": "GOOD", "easy_access": true, "public_shore_m": 267, "nearest_park_m": 229, "osm_id": 180311197, "lat": 40.008893, "lon": -83.198473}}, {"type": "Feature", "geometry": {"type": "Polygon", "coordinates": [[[-83.1303668, 40.1274512], [-83.1305917, 40.127441], [-83.1308626, 40.1274205], [-83.1310906, 40.1273774], [-83.1311175, 40.1272995], [-83.131085, 40.1272379], [-83.1308895, 40.1271744], [-83.1307017, 40.1270534], [-83.1306102, 40.1269816], [-83.1305298, 40.1269775], [-83.1303906, 40.1270492], [-83.1302752, 40.1271661], [-83.1302294, 40.1272707], [-83.1303098, 40.1273876], [-83.1303668, 40.1274512]]]}, "properties": {"name": "Unnamed water", "tier": "HIDDEN GEM", "score": 100, "wtype": "pond", "acres": 0.64, "access": "PUBLIC", "owner": "VILLAGE OF DUBLIN", "owner_addr": "BRANDONWAY CT", "species": ["Largemouth bass", "Bluegill", "Black crappie", "Channel catfish"], "bass": "PRIME", "easy_access": false, "public_shore_m": 202, "nearest_park_m": 659, "osm_id": 200616079, "lat": 40.127249, "lon": -83.130632}}, {"type": "Feature", "geometry": {"type": "Polygon", "coordinates": [[[-83.1653102, 40.109147], [-83.1653076, 40.1090278], [-83.1652741, 40.1089811], [-83.165227, 40.1089526], [-83.1651521, 40.1089321], [-83.1650422, 40.1089311], [-83.1649376, 40.1089577], [-83.1648943, 40.1089808], [-83.1648479, 40.1090415], [-83.1648189, 40.1091324], [-83.164834, 40.1092033], [-83.1648824, 40.1092764], [-83.1649529, 40.1093541], [-83.1649945, 40.1093862], [-83.165043, 40.1094041], [-83.1651062, 40.1094088], [-83.1651854, 40.1094077], [-83.1654083, 40.1093838], [-83.1654438, 40.1093674], [-83.1654615, 40.1093488], [-83.1654686, 40.1093173], [-83.1654613, 40.1092888], [-83.165438, 40.1092669], [-83.1654058, 40.1092419], [-83.1653432, 40.1092131], [-83.165316, 40.1091814], [-83.1653102, 40.109147]]]}, "properties": {"name": "Unnamed water", "tier": "HIDDEN GEM", "score": 100, "wtype": "pond", "acres": 0.51, "access": "PUBLIC", "owner": "VILLAGE OF DUBLIN", "owner_addr": "6500 POST RD", "species": ["Largemouth bass", "Bluegill", "Black crappie", "Channel catfish"], "bass": "PRIME", "easy_access": true, "public_shore_m": 116, "nearest_park_m": 170, "osm_id": 202429669, "lat": 40.109182, "lon": -83.165118}}, {"type": "Feature", "geometry": {"type": "Polygon", "coordinates": [[[-83.1630804, 40.1090917], [-83.1631045, 40.1090681], [-83.1631933, 40.109026], [-83.1633384, 40.1089892], [-83.1634348, 40.1089769], [-83.1634507, 40.1089546], [-83.1634497, 40.1089353], [-83.1634838, 40.1089331], [-83.1634843, 40.1089575], [-83.1634968, 40.1089829], [-83.1635191, 40.1089903], [-83.1635867, 40.1089969], [-83.1636234, 40.1090118], [-83.1637066, 40.1090191], [-83.1637252, 40.1090147], [-83.1638407, 40.1090382], [-83.1639562, 40.1090558], [-83.16404, 40.1090858], [-83.1640886, 40.109118], [-83.164123, 40.1091604], [-83.1641409, 40.1092009], [-83.1641164, 40.109261], [-83.1640796, 40.1093265], [-83.164041, 40.109343], [-83.1639717, 40.1093626], [-83.1639067, 40.1093634], [-83.1638274, 40.109348], [-83.1638137, 40.1093278], [-83.1637455, 40.1093082], [-83.1637167, 40.1093113], [-83.1636861, 40.1093261], [-83.1636144, 40.1093451], [-83.1635792, 40.1093432], [-83.1633994, 40.1093108], [-83.1632526, 40.1092741], [-83.1631784, 40.1092507], [-83.163114, 40.109213], [-83.1630806, 40.1091823], [-83.1630669, 40.1091552], [-83.1630804, 40.1090917]]]}, "properties": {"name": "Unnamed water", "tier": "HIDDEN GEM", "score": 100, "wtype": "pond", "acres": 0.7, "access": "PUBLIC", "owner": "CITY OF DUBLIN", "owner_addr": "AVERY RD", "species": ["Largemouth bass", "Bluegill", "Black crappie", "Channel catfish"], "bass": "PRIME", "easy_access": false, "public_shore_m": 230, "nearest_park_m": 295, "osm_id": 202429982, "lat": 40.109169, "lon": -83.163611}}, {"type": "Feature", "geometry": {"type": "Polygon", "coordinates": [[[-83.1627543, 40.1096511], [-83.162853, 40.1096671], [-83.1629195, 40.1096976], [-83.1629502, 40.1097392], [-83.1629724, 40.1098152], [-83.1629539, 40.109876], [-83.1629093, 40.1099221], [-83.1628586, 40.1099517], [-83.1628012, 40.1099644], [-83.1624855, 40.1100002], [-83.1623571, 40.1100091], [-83.1621406, 40.1100542], [-83.1619849, 40.1100772], [-83.1618671, 40.1101016], [-83.161636, 40.1101177], [-83.1614968, 40.1101126], [-83.1613817, 40.1100779], [-83.1613422, 40.1100497], [-83.1613251, 40.1100079], [-83.1613262, 40.1099423], [-83.1613328, 40.1098747], [-83.1613538, 40.109842], [-83.1613979, 40.1098245], [-83.1614789, 40.1098278], [-83.1615792, 40.109853], [-83.1616473, 40.1098943], [-83.161701, 40.1099044], [-83.1617485, 40.1099023], [-83.1617731, 40.1098844], [-83.1617832, 40.1098652], [-83.1618084, 40.1098173], [-83.1618525, 40.1097734], [-83.1619082, 40.1097486], [-83.1620115, 40.1097344], [-83.1621743, 40.1097294], [-83.1624094, 40.1096951], [-83.1625193, 40.1096783], [-83.1626736, 40.1096547], [-83.1627543, 40.1096511]]]}, "properties": {"name": "Unnamed water", "tier": "HIDDEN GEM", "score": 100, "wtype": "pond", "acres": 1.11, "access": "PUBLIC", "owner": "CITY OF DUBLIN", "owner_addr": "TULLYMORE DR", "species": ["Largemouth bass", "Bluegill", "Black crappie", "Channel catfish"], "bass": "PRIME", "easy_access": false, "public_shore_m": 337, "nearest_park_m": 414, "osm_id": 202429983, "lat": 40.109891, "lon": -83.162166}}, {"type": "Feature", "geometry": {"type": "Polygon", "coordinates": [[[-83.1593894, 40.0877334], [-83.1595576, 40.0875418], [-83.1596684, 40.0873476], [-83.1597757, 40.0872245], [-83.1598435, 40.087085], [-83.1599009, 40.0869701], [-83.1600082, 40.0869235], [-83.160137, 40.0869372], [-83.1602872, 40.0869235], [-83.1603692, 40.086866], [-83.1604588, 40.0868605], [-83.160498, 40.0869261], [-83.1605446, 40.0869865], [-83.1606804, 40.0870193], [-83.1608413, 40.0870275], [-83.1609808, 40.0869947], [-83.1610704, 40.0869097], [-83.1611095, 40.0867429], [-83.1610881, 40.0866799], [-83.1610451, 40.0866253], [-83.1609808, 40.0865814], [-83.1608842, 40.0865761], [-83.1607769, 40.0865814], [-83.1606519, 40.0866499], [-83.1605623, 40.0867074], [-83.1605052, 40.0867373], [-83.1604516, 40.0866881], [-83.1604623, 40.0866499], [-83.1603979, 40.0866089], [-83.1603301, 40.0866007], [-83.1602228, 40.0866007], [-83.1601332, 40.0866198], [-83.160001, 40.0866224], [-83.1599186, 40.0866306], [-83.1595753, 40.0867456], [-83.1595147, 40.0867484], [-83.1592749, 40.0866772], [-83.1591676, 40.0866471], [-83.1590603, 40.0866717], [-83.158989, 40.0867183], [-83.1589603, 40.0867948], [-83.1589461, 40.0868523], [-83.1589959, 40.0869973], [-83.1589192, 40.0870924], [-83.1589461, 40.0871943], [-83.1589388, 40.0872709], [-83.158989, 40.087353], [-83.1590281, 40.0874242], [-83.1589959, 40.0875063], [-83.1589423, 40.0876212], [-83.1589461, 40.0877006], [-83.1589997, 40.0877663], [-83.1590641, 40.0878401], [-83.1591821, 40.0878537], [-83.159277, 40.0878022], [-83.1593894, 40.0877334]]]}, "properties": {"name": "Unnamed water", "tier": "HIDDEN GEM", "score": 100, "wtype": "pond", "acres": 2.86, "access": "PUBLIC", "owner": "CITY OF DUBLIN", "owner_addr": "WOERNER TEMPLE RD", "species": ["Largemouth bass", "Bluegill", "Black crappie", "Channel catfish"], "bass": "PRIME", "easy_access": false, "public_shore_m": 613, "nearest_park_m": 315, "osm_id": 224603582, "lat": 40.08705, "lon": -83.159736}}, {"type": "Feature", "geometry": {"type": "Polygon", "coordinates": [[[-83.1593181, 40.0881767], [-83.1591644, 40.088245], [-83.1590499, 40.0883053], [-83.1590104, 40.0883654], [-83.1589817, 40.0884695], [-83.1589997, 40.0885378], [-83.1590212, 40.0886281], [-83.1591212, 40.0886472], [-83.1592035, 40.0886472], [-83.1593036, 40.0886226], [-83.1593645, 40.0886117], [-83.1594967, 40.0885844], [-83.1595576, 40.0885706], [-83.1596719, 40.0885351], [-83.1597542, 40.0884777], [-83.1598435, 40.088412], [-83.1598972, 40.0883435], [-83.1599224, 40.0882669], [-83.1599079, 40.0881957], [-83.1598757, 40.0881383], [-83.1598328, 40.0881165], [-83.1596863, 40.0881192], [-83.1596182, 40.0881356], [-83.1594967, 40.0881602], [-83.1593967, 40.0881465], [-83.1593181, 40.0881767]]]}, "properties": {"name": "Unnamed water", "tier": "HIDDEN GEM", "score": 100, "wtype": "pond", "acres": 0.82, "access": "PUBLIC", "owner": "CITY OF DUBLIN", "owner_addr": "6225 KENDALL RIDGE BL", "species": ["Largemouth bass", "Bluegill", "Black crappie", "Channel catfish"], "bass": "PRIME", "easy_access": false, "public_shore_m": 224, "nearest_park_m": 422, "osm_id": 224603611, "lat": 40.088376, "lon": -83.159442}}, {"type": "Feature", "geometry": {"type": "Polygon", "coordinates": [[[-82.9229167, 39.8791233], [-82.923185, 39.879115], [-82.9235926, 39.8791891], [-82.923818, 39.8793044], [-82.9240754, 39.8795432], [-82.9247621, 39.8802677], [-82.9247535, 39.8803401], [-82.9245818, 39.8803895], [-82.9243995, 39.8803813], [-82.9243115, 39.8804406], [-82.9242948, 39.8804801], [-82.9242578, 39.880597], [-82.9241505, 39.880737], [-82.924142, 39.8808094], [-82.9243327, 39.8809181], [-82.9243595, 39.8809675], [-82.9243595, 39.8810375], [-82.924397, 39.8810951], [-82.9245741, 39.8811816], [-82.924794, 39.8813133], [-82.92503, 39.8814368], [-82.9250783, 39.8814985], [-82.92507, 39.8815339], [-82.9249657, 39.8815273], [-82.9246599, 39.8814409], [-82.9243327, 39.8813297], [-82.9239733, 39.8812762], [-82.9234744, 39.8811322], [-82.9227663, 39.8809675], [-82.9224015, 39.8808728], [-82.9223586, 39.8808275], [-82.9223103, 39.8806752], [-82.9223317, 39.8806382], [-82.9224068, 39.8806052], [-82.9224819, 39.8805805], [-82.9225141, 39.8805394], [-82.9225088, 39.8805023], [-82.9225463, 39.8804694], [-82.922545, 39.8804345], [-82.9224551, 39.8803541], [-82.9223693, 39.880173], [-82.9223907, 39.8800536], [-82.9224229, 39.8800248], [-82.9226107, 39.8799754], [-82.9226643, 39.8799795], [-82.9227824, 39.8800454], [-82.9229433, 39.8800783], [-82.9231954, 39.8800618], [-82.9233563, 39.8800001], [-82.9234285, 39.8799079], [-82.9234636, 39.8797943], [-82.9234744, 39.8796955], [-82.9234958, 39.8796625], [-82.9234797, 39.8795843], [-82.9234368, 39.8795473], [-82.9231525, 39.8794608], [-82.9229755, 39.8794608], [-82.9228735, 39.8794938], [-82.9227555, 39.8795884], [-82.9226107, 39.8797531], [-82.9225678, 39.8798231], [-82.9224897, 39.8798832], [-82.9224229, 39.8798848], [-82.9223854, 39.8798601], [-82.9223854, 39.8797655], [-82.9224498, 39.8795555], [-82.9225356, 39.8793209], [-82.9226429, 39.8792138], [-82.9227716, 39.8791438], [-82.9229167, 39.8791233]]]}, "properties": {"name": "Unnamed water", "tier": "HIDDEN GEM", "score": 100, "wtype": "lake", "acres": 7.68, "access": "PUBLIC", "owner": "VILLAGE OF OBETZ (THE)", "owner_addr": "4200 ALUM CREEK DR", "species": ["Largemouth bass", "Bluegill", "Black crappie", "Channel catfish"], "bass": "PRIME", "easy_access": false, "public_shore_m": 1138, "nearest_park_m": 712, "osm_id": 231001180, "lat": 39.880297, "lon": -82.92352}}, {"type": "Feature", "geometry": {"type": "Polygon", "coordinates": [[[-83.1432172, 40.0484828], [-83.1432708, 40.0485115], [-83.143303, 40.048569], [-83.1432923, 40.0486224], [-83.1432491, 40.0486476], [-83.1430131, 40.0486682], [-83.1429111, 40.0486969], [-83.1428202, 40.0487577], [-83.1427341, 40.048816], [-83.1425839, 40.0488571], [-83.1424498, 40.0488776], [-83.1422084, 40.0488735], [-83.1420957, 40.0488571], [-83.1420421, 40.0488037], [-83.1420153, 40.0487216], [-83.1420367, 40.0485861], [-83.1420853, 40.0485362], [-83.1421604, 40.0484992], [-83.1422784, 40.0484787], [-83.1425198, 40.048491], [-83.1429704, 40.0484828], [-83.1432172, 40.0484828]]]}, "properties": {"name": "Unnamed water", "tier": "HIDDEN GEM", "score": 100, "wtype": "pond", "acres": 0.87, "access": "PUBLIC", "owner": "HILLIARD CITY SCHOOL DISTRICT BD OF EDUCATION", "owner_addr": "4681 LEAP RD", "species": ["Largemouth bass", "Bluegill", "Black crappie", "Channel catfish"], "bass": "PRIME", "easy_access": false, "public_shore_m": 265, "nearest_park_m": 465, "osm_id": 243320055, "lat": 40.048652, "lon": -83.142569}}, {"type": "Feature", "geometry": {"type": "Polygon", "coordinates": [[[-83.1404652, 40.0499855], [-83.1405242, 40.0499937], [-83.140583, 40.0500274], [-83.140524, 40.0500808], [-83.1403791, 40.050126], [-83.1400039, 40.0501785], [-83.1395691, 40.0502204], [-83.1394675, 40.0502319], [-83.1393602, 40.0502853], [-83.1392741, 40.0503148], [-83.1391829, 40.0503025], [-83.1390005, 40.0502409], [-83.1389525, 40.0502073], [-83.1389525, 40.0501621], [-83.1389718, 40.0499726], [-83.1389522, 40.0498755], [-83.1389415, 40.0497933], [-83.1389686, 40.0497515], [-83.1390541, 40.0496948], [-83.1391939, 40.0496529], [-83.1393548, 40.0496447], [-83.139505, 40.0496447], [-83.1395855, 40.0496652], [-83.139623, 40.0496981], [-83.139682, 40.0499075], [-83.1397303, 40.0499978], [-83.1398105, 40.0500397], [-83.1399663, 40.0500471], [-83.1401541, 40.0500389], [-83.1403419, 40.050006], [-83.1404652, 40.0499855]]]}, "properties": {"name": "Unnamed water", "tier": "HIDDEN GEM", "score": 100, "wtype": "pond", "acres": 1.27, "access": "PUBLIC", "owner": "CITY OF HILLIARD", "owner_addr": "DAVIDSON&BRITTON RD", "species": ["Largemouth bass", "Bluegill", "Black crappie", "Channel catfish"], "bass": "PRIME", "easy_access": true, "public_shore_m": 373, "nearest_park_m": 173, "osm_id": 243321607, "lat": 40.049995, "lon": -83.13948}}, {"type": "Feature", "geometry": {"type": "Polygon", "coordinates": [[[-83.1413718, 40.0495379], [-83.1414255, 40.0495256], [-83.1414898, 40.0495297], [-83.1415542, 40.049579], [-83.1416132, 40.0498007], [-83.1416025, 40.0498623], [-83.1415435, 40.049928], [-83.1412696, 40.0500069], [-83.1411572, 40.0500553], [-83.141039, 40.0501095], [-83.1409209, 40.0501054], [-83.1408351, 40.0500808], [-83.1407817, 40.0500307], [-83.1407761, 40.049974], [-83.1408029, 40.0499042], [-83.1408727, 40.0497974], [-83.1408998, 40.0496981], [-83.1409534, 40.0496118], [-83.1409963, 40.0495831], [-83.1410768, 40.0495667], [-83.1411841, 40.0495626], [-83.1413718, 40.0495379]]]}, "properties": {"name": "Unnamed water", "tier": "HIDDEN GEM", "score": 100, "wtype": "pond", "acres": 0.8, "access": "PUBLIC", "owner": "CITY OF HILLIARD", "owner_addr": "DAVIDSON&BRITTON RD", "species": ["Largemouth bass", "Bluegill", "Black crappie", "Channel catfish"], "bass": "PRIME", "easy_access": false, "public_shore_m": 219, "nearest_park_m": 292, "osm_id": 243321609, "lat": 40.04981, "lon": -83.141195}}, {"type": "Feature", "geometry": {"type": "Polygon", "coordinates": [[[-83.1095138, 39.993451], [-83.1094119, 39.9934921], [-83.1093046, 39.9934839], [-83.1091437, 39.993451], [-83.1090847, 39.993451], [-83.1090096, 39.9934675], [-83.1089828, 39.9935332], [-83.1090954, 39.9935702], [-83.1091598, 39.9935949], [-83.1092671, 39.9936771], [-83.109369, 39.993714], [-83.1094602, 39.9937017], [-83.1096372, 39.9936729], [-83.1097338, 39.9936606], [-83.1097338, 39.9935702], [-83.1098893, 39.9935044], [-83.1099269, 39.9934469], [-83.1098625, 39.9933647], [-83.1097606, 39.9933442], [-83.1096533, 39.9933811], [-83.1095138, 39.993451]]]}, "properties": {"name": "Unnamed water", "tier": "HIDDEN GEM", "score": 100, "wtype": "pond", "acres": 0.43, "access": "PUBLIC", "owner": "CITY OF COLUMBUS", "owner_addr": "1900 N WILSON RD", "species": ["Largemouth bass", "Bluegill"], "bass": "GOOD", "easy_access": true, "public_shore_m": 200, "nearest_park_m": 148, "osm_id": 244030784, "lat": 39.993537, "lon": -83.109493}}, {"type": "Feature", "geometry": {"type": "Polygon", "coordinates": [[[-83.1088111, 39.9932168], [-83.1090579, 39.9931551], [-83.1091651, 39.9930935], [-83.1091705, 39.9930113], [-83.1091276, 39.9929291], [-83.1090525, 39.9929044], [-83.1089345, 39.9929619], [-83.1088111, 39.9930277], [-83.1086502, 39.9930688], [-83.1085697, 39.9929784], [-83.1084624, 39.9929537], [-83.1082586, 39.9929907], [-83.108162, 39.9930236], [-83.1081298, 39.9930976], [-83.1081566, 39.993151], [-83.1082478, 39.993188], [-83.1083605, 39.9932291], [-83.1084463, 39.9932743], [-83.1085536, 39.9932866], [-83.1086931, 39.9932661], [-83.1088111, 39.9932168]]]}, "properties": {"name": "Unnamed water", "tier": "HIDDEN GEM", "score": 100, "wtype": "pond", "acres": 0.55, "access": "PUBLIC", "owner": "CITY OF COLUMBUS", "owner_addr": "1900 N WILSON RD", "species": ["Largemouth bass", "Bluegill", "Black crappie", "Channel catfish"], "bass": "PRIME", "easy_access": true, "public_shore_m": 224, "nearest_park_m": 212, "osm_id": 244030785, "lat": 39.993102, "lon": -83.108648}}, {"type": "Feature", "geometry": {"type": "Polygon", "coordinates": [[[-82.9549137, 39.9643809], [-82.9548977, 39.9644535], [-82.954902, 39.9644904], [-82.9549166, 39.9645384], [-82.9549326, 39.9645987], [-82.9549356, 39.9646468], [-82.9549079, 39.9646881], [-82.954851, 39.9647093], [-82.9547971, 39.9647205], [-82.9547359, 39.9647104], [-82.9546703, 39.964678], [-82.9546339, 39.9646367], [-82.9546295, 39.9646032], [-82.9546324, 39.9645507], [-82.954647, 39.9645094], [-82.954647, 39.9644502], [-82.9546368, 39.9644033], [-82.954612, 39.964363], [-82.9545712, 39.9643195], [-82.9545246, 39.9642726], [-82.9544779, 39.9642156], [-82.9544648, 39.9641832], [-82.9544677, 39.9641329], [-82.9544619, 39.9640871], [-82.9544794, 39.964019], [-82.9545202, 39.9639542], [-82.9545697, 39.9639039], [-82.954628, 39.9638715], [-82.9547126, 39.9638593], [-82.9547913, 39.9638514], [-82.9549135, 39.9637968], [-82.9550456, 39.9637231], [-82.9551244, 39.9636818], [-82.9551935, 39.9636671], [-82.9552955, 39.9636694], [-82.9554034, 39.9637051], [-82.9555142, 39.9637241], [-82.9556293, 39.963704], [-82.9557095, 39.963704], [-82.9558027, 39.9637085], [-82.9558362, 39.9637487], [-82.9558625, 39.9637677], [-82.9559135, 39.9637766], [-82.9559601, 39.9637643], [-82.9560636, 39.9637732], [-82.9561394, 39.9637855], [-82.9562148, 39.9637229], [-82.9562618, 39.9636839], [-82.9562968, 39.9636392], [-82.9563405, 39.963618], [-82.9564046, 39.9636157], [-82.9564148, 39.9636381], [-82.9565781, 39.9637006], [-82.9566786, 39.9636962], [-82.9567165, 39.9636682], [-82.9567763, 39.9636571], [-82.9568418, 39.9636009], [-82.956951, 39.9635897], [-82.9569765, 39.9636316], [-82.9568819, 39.9637571], [-82.9568375, 39.9637308], [-82.9567675, 39.9637498], [-82.9567194, 39.9637978], [-82.9566626, 39.9637654], [-82.9566641, 39.9637196], [-82.9566305, 39.9637185], [-82.9565908, 39.96381], [-82.9565289, 39.9638379], [-82.9564925, 39.9638184], [-82.9564816, 39.9637654], [-82.9565507, 39.9637375], [-82.9565358, 39.9637051], [-82.956444, 39.963666], [-82.9563915, 39.9636582], [-82.9563114, 39.9637207], [-82.9562617, 39.9637598], [-82.9561991, 39.963809], [-82.9560942, 39.9638425], [-82.9558712, 39.9638034], [-82.955724, 39.9638023], [-82.9556162, 39.9638392], [-82.9554952, 39.9638447], [-82.9553684, 39.9638291], [-82.9553014, 39.9638347], [-82.9552183, 39.9638604], [-82.9551498, 39.9639129], [-82.9551309, 39.9639788], [-82.9551352, 39.9640603], [-82.9551105, 39.9641396], [-82.9550026, 39.9642446], [-82.9549312, 39.9643217], [-82.9549137, 39.9643809]]]}, "properties": {"name": "Unnamed water", "tier": "HIDDEN GEM", "score": 100, "wtype": "pond", "acres": 1.38, "access": "PUBLIC", "owner": "CITY OF COLUMBUS OHIO", "owner_addr": "1747 E BROAD ST", "species": ["Largemouth bass", "Bluegill", "Black crappie", "Channel catfish"], "bass": "PRIME", "easy_access": true, "public_shore_m": 663, "nearest_park_m": 145, "osm_id": 244502869, "lat": 39.964042, "lon": -82.955154}}, {"type": "Feature", "geometry": {"type": "Polygon", "coordinates": [[[-83.1306028, 40.0618771], [-83.1306296, 40.0618032], [-83.1306672, 40.0616718], [-83.1307262, 40.0615774], [-83.1307744, 40.0615445], [-83.1307852, 40.0615732], [-83.1307744, 40.0616307], [-83.1307101, 40.0617744], [-83.1307369, 40.0618812], [-83.1307798, 40.0619304], [-83.1307369, 40.0620084], [-83.130694, 40.0620865], [-83.1306242, 40.0621029], [-83.1305921, 40.0621973], [-83.1305223, 40.062226], [-83.1305116, 40.0623287], [-83.1304687, 40.0623821], [-83.1304526, 40.0624724], [-83.1304472, 40.0625299], [-83.130356, 40.0625586], [-83.1301307, 40.0625463], [-83.1300556, 40.0625175], [-83.1300502, 40.0624395], [-83.1300824, 40.0622794], [-83.1301683, 40.0622343], [-83.1303024, 40.0621439], [-83.1303399, 40.0620454], [-83.1304633, 40.0619756], [-83.1305384, 40.0619099], [-83.1306028, 40.0618771]]]}, "properties": {"name": "Unnamed water", "tier": "HIDDEN GEM", "score": 100, "wtype": "pond", "acres": 0.62, "access": "PUBLIC", "owner": "CITY OF COLUMBUS OHIO", "owner_addr": "5091 HAYDEN RUN RD", "species": ["Largemouth bass", "Bluegill", "Black crappie", "Channel catfish"], "bass": "PRIME", "easy_access": true, "public_shore_m": 290, "nearest_park_m": 125, "osm_id": 254297056, "lat": 40.062189, "lon": -83.130419}}, {"type": "Feature", "geometry": {"type": "Polygon", "coordinates": [[[-82.9137467, 40.1222652], [-82.9138619, 40.1223332], [-82.9139068, 40.1223598], [-82.9139651, 40.12251], [-82.9138923, 40.1227994], [-82.9137758, 40.1228551], [-82.9133756, 40.1232446], [-82.9134556, 40.1234171], [-82.9133829, 40.123584], [-82.9131136, 40.1236119], [-82.9127497, 40.1235896], [-82.9127934, 40.1234227], [-82.9125751, 40.1230888], [-82.912546, 40.1229274], [-82.9130263, 40.1226937], [-82.9133465, 40.1224099], [-82.9134993, 40.1222986], [-82.9137467, 40.1222652]]]}, "properties": {"name": "Unnamed water", "tier": "HIDDEN GEM", "score": 100, "wtype": "pond", "acres": 2.46, "access": "PUBLIC", "owner": "CITY OF WESTERVILLE", "owner_addr": "WALNUT ST", "species": ["Largemouth bass", "Bluegill", "Black crappie", "Channel catfish"], "bass": "PRIME", "easy_access": false, "public_shore_m": 436, "nearest_park_m": 330, "osm_id": 330873959, "lat": 40.122947, "lon": -82.913259}}, {"type": "Feature", "geometry": {"type": "Polygon", "coordinates": [[[-83.0208551, 39.9027672], [-83.0189864, 39.9030279], [-83.0185475, 39.9036578], [-83.0200623, 39.904179], [-83.0208551, 39.9027672]]]}, "properties": {"name": "Unnamed water", "tier": "HIDDEN GEM", "score": 100, "wtype": "pond", "acres": 4.24, "access": "PUBLIC_BANK", "owner": "CITY OF COLUMBUS OHIO", "owner_addr": "2512 JACKSON PL", "species": ["Largemouth bass", "Bluegill", "Black crappie", "Channel catfish"], "bass": "PRIME", "easy_access": false, "public_shore_m": 211, "nearest_park_m": 335, "osm_id": 365322381, "lat": 39.903422, "lon": -83.019716}}, {"type": "Feature", "geometry": {"type": "Polygon", "coordinates": [[[-83.0110842, 39.9492427], [-83.0109936, 39.9492071], [-83.0109185, 39.9491275], [-83.0109473, 39.9490598], [-83.0109782, 39.9489734], [-83.0109495, 39.9488921], [-83.0108302, 39.9488193], [-83.0107087, 39.9487583], [-83.0106269, 39.948677], [-83.0105982, 39.9485754], [-83.0106358, 39.9484907], [-83.0108147, 39.9484349], [-83.0109914, 39.9484315], [-83.0111483, 39.9484501], [-83.0112477, 39.9485094], [-83.0112256, 39.9486008], [-83.011135, 39.9486465], [-83.0110422, 39.9487261], [-83.0110621, 39.9488786], [-83.0110842, 39.948992], [-83.0111836, 39.9490428], [-83.0112897, 39.9490479], [-83.0113979, 39.9490462], [-83.0114597, 39.9490902], [-83.0114443, 39.9491461], [-83.0113338, 39.9491698], [-83.0112079, 39.9492173], [-83.0110842, 39.9492427]]]}, "properties": {"name": "Unnamed water", "tier": "HIDDEN GEM", "score": 100, "wtype": "pond", "acres": 0.69, "access": "PUBLIC", "owner": "CITY OF COLUMBUS OHIO", "owner_addr": "562 W WHITTIER ST", "species": ["Largemouth bass", "Bluegill", "Black crappie", "Channel catfish"], "bass": "PRIME", "easy_access": true, "public_shore_m": 297, "nearest_park_m": 176, "osm_id": 389801542, "lat": 39.948781, "lon": -83.010988}}, {"type": "Feature", "geometry": {"type": "Polygon", "coordinates": [[[-82.8831149, 40.1077389], [-82.8818622, 40.1076443], [-82.8806988, 40.1075565], [-82.8806488, 40.1079362], [-82.8818006, 40.1080231], [-82.883065, 40.1081186], [-82.8831149, 40.1077389]]]}, "properties": {"name": "Unnamed water", "tier": "HIDDEN GEM", "score": 100, "wtype": "pond", "acres": 2.17, "access": "PUBLIC", "owner": "CITY OF COLUMBUS", "owner_addr": "7600 SUNBURY RD", "species": ["Largemouth bass", "Bluegill", "Black crappie", "Channel catfish"], "bass": "PRIME", "easy_access": true, "public_shore_m": 499, "nearest_park_m": 175, "osm_id": 396983840, "lat": 40.107838, "lon": -82.881882}}, {"type": "Feature", "geometry": {"type": "Polygon", "coordinates": [[[-83.0112034, 39.9503205], [-83.0112579, 39.950209], [-83.0113229, 39.9501652], [-83.0113619, 39.9500457], [-83.0114008, 39.9499281], [-83.0114034, 39.9498146], [-83.0113385, 39.9497788], [-83.0112631, 39.9497987], [-83.0112112, 39.9498226], [-83.0111566, 39.9499321], [-83.0111176, 39.9500058], [-83.0110345, 39.9500397], [-83.0109903, 39.9500895], [-83.0109955, 39.9501472], [-83.0110423, 39.950191], [-83.0110371, 39.9502667], [-83.0110215, 39.9502966], [-83.0110813, 39.9503444], [-83.0111722, 39.9503325], [-83.0112034, 39.9503205]]]}, "properties": {"name": "Unnamed water", "tier": "HIDDEN GEM", "score": 100, "wtype": "pond", "acres": 0.32, "access": "PUBLIC", "owner": "CITY OF COLUMBUS OHIO", "owner_addr": "459 FURNACE ST", "species": ["Largemouth bass", "Bluegill"], "bass": "GOOD", "easy_access": true, "public_shore_m": 120, "nearest_park_m": 175, "osm_id": 409625834, "lat": 39.950065, "lon": -83.011207}}, {"type": "Feature", "geometry": {"type": "Polygon", "coordinates": [[[-83.1487517, 40.0638792], [-83.1486847, 40.0637704], [-83.1486927, 40.0636636], [-83.1487115, 40.0636021], [-83.1488134, 40.0635815], [-83.1489797, 40.0636062], [-83.1491541, 40.0635856], [-83.1492318, 40.0636082], [-83.1492265, 40.0636985], [-83.1491272, 40.0638135], [-83.1490012, 40.0639018], [-83.1488456, 40.0639223], [-83.1487517, 40.0638792]]]}, "properties": {"name": "Unnamed water", "tier": "HIDDEN GEM", "score": 100, "wtype": "pond", "acres": 0.33, "access": "PUBLIC", "owner": "CITY OF HILLIARD", "owner_addr": "SILVERRTON WY", "species": ["Largemouth bass", "Bluegill"], "bass": "GOOD", "easy_access": true, "public_shore_m": 141, "nearest_park_m": 208, "osm_id": 416481628, "lat": 40.063734, "lon": -83.148939}}, {"type": "Feature", "geometry": {"type": "Polygon", "coordinates": [[[-83.1978788, 40.0629677], [-83.1977684, 40.0630963], [-83.1975091, 40.0631735], [-83.1971682, 40.0633131], [-83.1970386, 40.0633866], [-83.1969666, 40.0634564], [-83.1967745, 40.0634381], [-83.1966353, 40.0633499], [-83.1965825, 40.0631919], [-83.1966689, 40.0630853], [-83.1968129, 40.0629751], [-83.1970002, 40.0628722], [-83.1971634, 40.0628171], [-83.1972546, 40.0628171], [-83.1973843, 40.0627766], [-83.1975091, 40.0627693], [-83.1975331, 40.0628722], [-83.1976483, 40.0629163], [-83.1977684, 40.0628979], [-83.1978788, 40.0629677]]]}, "properties": {"name": "Unnamed water", "tier": "HIDDEN GEM", "score": 100, "wtype": "pond", "acres": 1.13, "access": "PUBLIC", "owner": "COLUMBUS & FRANKLIN CNTY METROPOLITAN PARK DIST", "owner_addr": "7262 HAYDEN RUN RD", "species": ["Largemouth bass", "Bluegill", "Black crappie", "Channel catfish"], "bass": "PRIME", "easy_access": true, "public_shore_m": 289, "nearest_park_m": 171, "osm_id": 416600009, "lat": 40.063096, "lon": -83.197163}}, {"type": "Feature", "geometry": {"type": "Polygon", "coordinates": [[[-83.1020289, 40.1025802], [-83.1021784, 40.1025813], [-83.1023132, 40.102592], [-83.1023786, 40.1026014], [-83.1024033, 40.1026067], [-83.1024171, 40.102612], [-83.1024279, 40.1026173], [-83.1024395, 40.1026273], [-83.1024537, 40.1026491], [-83.1024634, 40.1026668], [-83.1024664, 40.1026786], [-83.1024659, 40.1026939], [-83.1024664, 40.1027116], [-83.1024752, 40.1027506], [-83.102477, 40.1027631], [-83.1024859, 40.1028064], [-83.1024839, 40.1028535], [-83.1024808, 40.1028663], [-83.1024778, 40.1028767], [-83.1024699, 40.1029755], [-83.1024667, 40.1030346], [-83.1024645, 40.1030718], [-83.1024596, 40.1031057], [-83.1024539, 40.1031381], [-83.1024504, 40.1031436], [-83.1024453, 40.103149], [-83.1024418, 40.1031552], [-83.1024518, 40.1031985], [-83.102426, 40.1032056], [-83.1024133, 40.103172], [-83.1024077, 40.1031642], [-83.102399, 40.1031583], [-83.1023834, 40.1031527], [-83.1023677, 40.103144], [-83.102352, 40.1031344], [-83.102338, 40.1031232], [-83.1022827, 40.1030748], [-83.1022653, 40.1030604], [-83.102257, 40.1030489], [-83.1022371, 40.1030316], [-83.1022152, 40.1030093], [-83.1022024, 40.1029969], [-83.1021019, 40.1029323], [-83.1020887, 40.1029205], [-83.1020789, 40.1029075], [-83.1020669, 40.1028911], [-83.1020363, 40.1028669], [-83.1019748, 40.1028291], [-83.1019496, 40.1028088], [-83.1018626, 40.1027326], [-83.1018401, 40.10271], [-83.1018312, 40.1026987], [-83.1018032, 40.1026628], [-83.1017821, 40.1026252], [-83.1017751, 40.1026179], [-83.1017316, 40.102602], [-83.1017401, 40.1025828], [-83.10179, 40.1025961], [-83.1018011, 40.1025964], [-83.1018132, 40.102594], [-83.1018234, 40.1025893], [-83.1018346, 40.1025865], [-83.1020289, 40.1025802]]]}, "properties": {"name": "Unnamed water", "tier": "HIDDEN GEM", "score": 100, "wtype": "pond", "acres": 0.57, "access": "PUBLIC", "owner": "CITY OF DUBLIN OHIO", "owner_addr": "W HOBBS LANDING DR", "species": ["Largemouth bass", "Bluegill", "Black crappie", "Channel catfish"], "bass": "PRIME", "easy_access": true, "public_shore_m": 221, "nearest_park_m": 182, "osm_id": 429220769, "lat": 40.102801, "lon": -83.10221}}, {"type": "Feature", "geometry": {"type": "Polygon", "coordinates": [[[-83.0300306, 40.010101], [-83.0299425, 40.0101085], [-83.0298006, 40.0101123], [-83.0295803, 40.0101085], [-83.0295068, 40.0100673], [-83.029404, 40.0100223], [-83.0292719, 40.0099885], [-83.0291837, 40.0099248], [-83.0291054, 40.009831], [-83.0290565, 40.0097186], [-83.0290565, 40.0096211], [-83.0290809, 40.0095311], [-83.0290858, 40.0091186], [-83.0291103, 40.0090399], [-83.0291544, 40.0089911], [-83.0292376, 40.0089724], [-83.0295264, 40.0089836], [-83.0297957, 40.0089874], [-83.0299964, 40.0089874], [-83.0302265, 40.0089874], [-83.0303146, 40.0089911], [-83.0304174, 40.0090024], [-83.0305496, 40.0090399], [-83.0306181, 40.0090999], [-83.0306426, 40.0091524], [-83.030667, 40.0092161], [-83.0306475, 40.0093398], [-83.0305985, 40.0094823], [-83.0305544, 40.0095423], [-83.0304908, 40.0096023], [-83.0303978, 40.0096773], [-83.0303048, 40.0097448], [-83.030246, 40.0098048], [-83.0302216, 40.0098648], [-83.0302314, 40.0099173], [-83.0302705, 40.009951], [-83.0303244, 40.010041], [-83.0303782, 40.0101685], [-83.0304027, 40.0102285], [-83.0304027, 40.010311], [-83.0303684, 40.010371], [-83.0303146, 40.0104197], [-83.030246, 40.0104347], [-83.0301775, 40.0104122], [-83.0301334, 40.0103747], [-83.0300992, 40.0103147], [-83.0300943, 40.0102435], [-83.0300845, 40.0101647], [-83.0300747, 40.010116], [-83.0300306, 40.010101]]]}, "properties": {"name": "Unnamed water", "tier": "HIDDEN GEM", "score": 100, "wtype": "lake", "acres": 3.72, "access": "PUBLIC", "owner": "STATE OF OHIO", "owner_addr": "2200 OLENTANGY RIVER RD", "species": ["Largemouth bass", "Bluegill", "Black crappie", "Channel catfish"], "bass": "PRIME", "easy_access": true, "public_shore_m": 532, "nearest_park_m": 160, "osm_id": 444978485, "lat": 40.00954, "lon": -83.02983}}, {"type": "Feature", "geometry": {"type": "Polygon", "coordinates": [[[-83.1572896, 40.1223383], [-83.1572841, 40.1222793], [-83.1572813, 40.1222308], [-83.1572951, 40.1221717], [-83.1573365, 40.1221064], [-83.157364, 40.1220452], [-83.1573889, 40.1219777], [-83.1574137, 40.1218871], [-83.1574192, 40.1218027], [-83.1574137, 40.1217057], [-83.1574164, 40.1216129], [-83.1574275, 40.1214864], [-83.157455, 40.1213747], [-83.1575019, 40.1213578], [-83.1577115, 40.1213388], [-83.1578273, 40.1213346], [-83.1578659, 40.1213536], [-83.1579101, 40.1214358], [-83.1579404, 40.1215286], [-83.1579542, 40.1215982], [-83.1579928, 40.1216383], [-83.1580534, 40.1216636], [-83.1581251, 40.1216678], [-83.1582189, 40.121653], [-83.1583402, 40.1216151], [-83.1584478, 40.121594], [-83.1585222, 40.1216024], [-83.1585857, 40.1216404], [-83.158627, 40.1217036], [-83.1586574, 40.1217859], [-83.1586519, 40.1218597], [-83.1586436, 40.1219461], [-83.1586132, 40.1220094], [-83.1585443, 40.1220537], [-83.1583485, 40.1221085], [-83.1580728, 40.1221802], [-83.1579183, 40.1222055], [-83.1577887, 40.1222413], [-83.1575791, 40.1222898], [-83.1574413, 40.1223215], [-83.157364, 40.1223362], [-83.1573237, 40.1223426], [-83.1572896, 40.1223383]]]}, "properties": {"name": "Unnamed water", "tier": "HIDDEN GEM", "score": 100, "wtype": "pond", "acres": 1.98, "access": "PUBLIC", "owner": "CITY OF DUBLIN", "owner_addr": "6449 AVERY RD", "species": ["Largemouth bass", "Bluegill", "Black crappie", "Channel catfish"], "bass": "PRIME", "easy_access": false, "public_shore_m": 396, "nearest_park_m": 342, "osm_id": 452448962, "lat": 40.121857, "lon": -83.1579}}, {"type": "Feature", "geometry": {"type": "Polygon", "coordinates": [[[-83.1062296, 40.1184371], [-83.1067625, 40.1184779], [-83.1069285, 40.118493], [-83.1069572, 40.1184938], [-83.1069869, 40.1184877], [-83.1070086, 40.1184733], [-83.1070155, 40.1184529], [-83.1070126, 40.1184083], [-83.1069869, 40.1183554], [-83.1069414, 40.1182964], [-83.1068949, 40.1182624], [-83.1068415, 40.1182352], [-83.1067684, 40.1182027], [-83.1066646, 40.1181823], [-83.1065904, 40.1181732], [-83.1065183, 40.1181687], [-83.106455, 40.1181717], [-83.1063927, 40.1181868], [-83.1063196, 40.1182163], [-83.1062682, 40.118245], [-83.1062177, 40.1182783], [-83.1061752, 40.1183191], [-83.1061584, 40.1183531], [-83.1061476, 40.1183811], [-83.1061476, 40.1184076], [-83.1061594, 40.1184227], [-83.1061871, 40.1184325], [-83.1062296, 40.1184371]]]}, "properties": {"name": "Unnamed water", "tier": "HIDDEN GEM", "score": 100, "wtype": "pond", "acres": 0.48, "access": "PUBLIC", "owner": "CITY OF DUBLIN", "owner_addr": "BEECH WOOD LP", "species": ["Largemouth bass", "Bluegill"], "bass": "GOOD", "easy_access": false, "public_shore_m": 150, "nearest_park_m": 320, "osm_id": 456661917, "lat": 40.118339, "lon": -83.106591}}, {"type": "Feature", "geometry": {"type": "Polygon", "coordinates": [[[-83.0180612, 40.1334616], [-83.017988, 40.1334124], [-83.0179451, 40.1333851], [-83.0178808, 40.1333619], [-83.0178076, 40.133366], [-83.0177522, 40.1333865], [-83.0176987, 40.1334274], [-83.0176272, 40.1334561], [-83.0175647, 40.1334643], [-83.0174915, 40.1334479], [-83.0174254, 40.1334111], [-83.0173825, 40.1333674], [-83.0173557, 40.1333182], [-83.0173379, 40.1332513], [-83.0173325, 40.1331967], [-83.0173414, 40.1331393], [-83.0173629, 40.1330765], [-83.01742, 40.1330178], [-83.0174915, 40.1329741], [-83.0175558, 40.1329495], [-83.0176254, 40.1329331], [-83.0176826, 40.1329263], [-83.0177469, 40.1329372], [-83.0177987, 40.1329618], [-83.0178433, 40.1330082], [-83.0178933, 40.1330601], [-83.0179576, 40.1330833], [-83.0180719, 40.1330984], [-83.0181612, 40.1331011], [-83.0182077, 40.1331011], [-83.0182488, 40.1330943], [-83.0182809, 40.1331025], [-83.0183291, 40.1331339], [-83.0183756, 40.1331803], [-83.0183863, 40.133254], [-83.0183809, 40.1332991], [-83.0182845, 40.1333756], [-83.018188, 40.1334493], [-83.018163, 40.1334834], [-83.0181398, 40.1334971], [-83.0181041, 40.1334862], [-83.0180612, 40.1334616]]]}, "properties": {"name": "Unnamed water", "tier": "HIDDEN GEM", "score": 100, "wtype": "pond", "acres": 0.91, "access": "PUBLIC", "owner": "CITY OF COLUMBUS OHIO", "owner_addr": "8355 N HIGH ST", "species": ["Largemouth bass", "Bluegill", "Black crappie", "Channel catfish"], "bass": "PRIME", "easy_access": true, "public_shore_m": 257, "nearest_park_m": 212, "osm_id": 462719515, "lat": 40.13322, "lon": -83.017815}}, {"type": "Feature", "geometry": {"type": "Polygon", "coordinates": [[[-83.0182898, 40.1334944], [-83.0182202, 40.1336295], [-83.0182184, 40.133665], [-83.0182291, 40.1337101], [-83.0182666, 40.1337497], [-83.0183166, 40.1337675], [-83.0183827, 40.1337716], [-83.0184309, 40.1337675], [-83.0184845, 40.1337675], [-83.0185202, 40.1337688], [-83.0185506, 40.1337716], [-83.0186006, 40.1337961], [-83.0186363, 40.133792], [-83.0186631, 40.1337661], [-83.018722, 40.133676], [-83.0187274, 40.1336364], [-83.0187078, 40.1335954], [-83.0186131, 40.1335613], [-83.0185756, 40.1335258], [-83.0185756, 40.1334903], [-83.0185845, 40.1334507], [-83.0185845, 40.133422], [-83.0185559, 40.1334042], [-83.0185149, 40.1333906], [-83.0184738, 40.133381], [-83.0184274, 40.1333892], [-83.018397, 40.1333974], [-83.0183291, 40.1334438], [-83.0182898, 40.1334944]]]}, "properties": {"name": "Unnamed water", "tier": "HIDDEN GEM", "score": 100, "wtype": "pond", "acres": 0.33, "access": "PUBLIC", "owner": "CITY OF COLUMBUS OHIO", "owner_addr": "8355 N HIGH ST", "species": ["Largemouth bass", "Bluegill"], "bass": "GOOD", "easy_access": true, "public_shore_m": 145, "nearest_park_m": 245, "osm_id": 462719520, "lat": 40.133608, "lon": -83.018462}}, {"type": "Feature", "geometry": {"type": "Polygon", "coordinates": [[[-83.0874626, 39.8688544], [-83.0875775, 39.8687798], [-83.0878868, 39.8688239], [-83.0880679, 39.8691562], [-83.0880282, 39.8701531], [-83.0879089, 39.8702006], [-83.0877145, 39.8701972], [-83.0874759, 39.8704345], [-83.0863979, 39.8703565], [-83.086336, 39.8703023], [-83.0863625, 39.8700005], [-83.0864509, 39.8699598], [-83.0871666, 39.8699598], [-83.0873389, 39.8698988], [-83.0873743, 39.8693562], [-83.0874626, 39.8688544]]]}, "properties": {"name": "Unnamed water", "tier": "HIDDEN GEM", "score": 100, "wtype": "pond", "acres": 3.26, "access": "PUBLIC", "owner": "CITY OF GROVE CITY", "owner_addr": "HAUGHN RD", "species": ["Largemouth bass", "Bluegill", "Black crappie", "Channel catfish"], "bass": "PRIME", "easy_access": false, "public_shore_m": 589, "nearest_park_m": 253, "osm_id": 465323281, "lat": 39.869765, "lon": -83.087436}}, {"type": "Feature", "geometry": {"type": "Polygon", "coordinates": [[[-82.8922452, 40.0632477], [-82.8913754, 40.0633914], [-82.8911085, 40.0639512], [-82.8913161, 40.0641479], [-82.892087, 40.0647077], [-82.8922452, 40.0632477]]]}, "properties": {"name": "Unnamed water", "tier": "HIDDEN GEM", "score": 100, "wtype": "pond", "acres": 2.38, "access": "PUBLIC", "owner": "CITY OF COLUMBUS", "owner_addr": "4262 MORSE RD", "species": ["Largemouth bass", "Bluegill", "Black crappie", "Channel catfish"], "bass": "PRIME", "easy_access": false, "public_shore_m": 423, "nearest_park_m": 572, "osm_id": 465326093, "lat": 40.063877, "lon": -82.891756}}, {"type": "Feature", "geometry": {"type": "Polygon", "coordinates": [[[-82.8957344, 40.0647682], [-82.8956751, 40.0642008], [-82.8939848, 40.064042], [-82.8939255, 40.0648287], [-82.8955564, 40.0648287], [-82.8957344, 40.0647682]]]}, "properties": {"name": "Unnamed water", "tier": "HIDDEN GEM", "score": 100, "wtype": "pond", "acres": 2.89, "access": "PUBLIC", "owner": "CITY OF COLUMBUS", "owner_addr": "4262 MORSE RD", "species": ["Largemouth bass", "Bluegill", "Black crappie", "Channel catfish"], "bass": "PRIME", "easy_access": false, "public_shore_m": 452, "nearest_park_m": 433, "osm_id": 465326094, "lat": 40.064476, "lon": -82.894794}}, {"type": "Feature", "geometry": {"type": "Polygon", "coordinates": [[[-82.892601, 40.0639134], [-82.8937081, 40.0640193], [-82.8936488, 40.0647758], [-82.8926208, 40.0647682], [-82.8927295, 40.0645942], [-82.8928382, 40.0643446], [-82.8926504, 40.0642387], [-82.892601, 40.0639134]]]}, "properties": {"name": "Unnamed water", "tier": "HIDDEN GEM", "score": 100, "wtype": "pond", "acres": 1.84, "access": "PUBLIC", "owner": "CITY OF COLUMBUS", "owner_addr": "4262 MORSE RD", "species": ["Largemouth bass", "Bluegill", "Black crappie", "Channel catfish"], "bass": "PRIME", "easy_access": false, "public_shore_m": 374, "nearest_park_m": 473, "osm_id": 465326095, "lat": 40.064358, "lon": -82.893176}}, {"type": "Feature", "geometry": {"type": "Polygon", "coordinates": [[[-82.8900805, 40.0619616], [-82.8896753, 40.0622415], [-82.8909602, 40.0637923], [-82.8911876, 40.0633687], [-82.8900805, 40.0619616]]]}, "properties": {"name": "Unnamed water", "tier": "HIDDEN GEM", "score": 100, "wtype": "pond", "acres": 2.08, "access": "PUBLIC", "owner": "CITY OF COLUMBUS", "owner_addr": "4262 MORSE RD", "species": ["Largemouth bass", "Bluegill", "Black crappie", "Channel catfish"], "bass": "PRIME", "easy_access": false, "public_shore_m": 484, "nearest_park_m": 646, "osm_id": 465326096, "lat": 40.062832, "lon": -82.890462}}, {"type": "Feature", "geometry": {"type": "Polygon", "coordinates": [[[-82.9473368, 40.1262075], [-82.947359, 40.1261649], [-82.9473627, 40.126075], [-82.947337, 40.1259107], [-82.9474234, 40.1257179], [-82.9473884, 40.1256269], [-82.9467953, 40.1251734], [-82.9466529, 40.1251787], [-82.9466085, 40.1252448], [-82.9466365, 40.1252841], [-82.9466342, 40.1253376], [-82.9466552, 40.1253948], [-82.9467276, 40.1254715], [-82.9467836, 40.1255394], [-82.946835, 40.125559], [-82.9469681, 40.1255554], [-82.9470802, 40.1256697], [-82.9468747, 40.1258857], [-82.946828, 40.1260286], [-82.9469004, 40.1261375], [-82.9470709, 40.1262107], [-82.9472156, 40.1262482], [-82.9472977, 40.1262412], [-82.9473368, 40.1262075]]]}, "properties": {"name": "Unnamed water", "tier": "HIDDEN GEM", "score": 100, "wtype": "pond", "acres": 1.0, "access": "PUBLIC", "owner": "CITY OF WESTERVILLE", "owner_addr": "60 N CLEVELAND AVE", "species": ["Largemouth bass", "Bluegill", "Black crappie", "Channel catfish"], "bass": "PRIME", "easy_access": true, "public_shore_m": 329, "nearest_park_m": 129, "osm_id": 468406501, "lat": 40.125736, "lon": -82.947061}}, {"type": "Feature", "geometry": {"type": "Polygon", "coordinates": [[[-83.0931097, 39.9129563], [-83.0930717, 39.9129838], [-83.0929939, 39.9130208], [-83.0929269, 39.9130496], [-83.0926614, 39.9131052], [-83.0925876, 39.913101], [-83.0925458, 39.9131073], [-83.0924025, 39.9132214], [-83.0922402, 39.9132944], [-83.0918795, 39.9134703], [-83.0916569, 39.9135444], [-83.0914718, 39.9136061], [-83.0913064, 39.9136797], [-83.0911432, 39.9136987], [-83.0909702, 39.9137069], [-83.0907664, 39.9137337], [-83.0905934, 39.9137347], [-83.0905176, 39.913716], [-83.0904955, 39.9136689], [-83.0905236, 39.9135002], [-83.090542, 39.9134244], [-83.0905655, 39.9133274], [-83.0906698, 39.9131268], [-83.0907246, 39.9130781], [-83.0908871, 39.9130589], [-83.090993, 39.9130547], [-83.0912532, 39.9130928], [-83.0914758, 39.9130969], [-83.0918378, 39.9131025], [-83.0921088, 39.9130311], [-83.0924602, 39.9128943], [-83.0925351, 39.9128771], [-83.0926117, 39.9128963], [-83.0927069, 39.9129066], [-83.092943, 39.9129128], [-83.0930074, 39.9129303], [-83.0931097, 39.9129563]]]}, "properties": {"name": "Unnamed water", "tier": "HIDDEN GEM", "score": 100, "wtype": "pond", "acres": 2.44, "access": "PUBLIC", "owner": "CITY OF COLUMBUS OHIO", "owner_addr": "WINDING HOLLOW DR", "species": ["Largemouth bass", "Bluegill", "Black crappie", "Channel catfish"], "bass": "PRIME", "easy_access": false, "public_shore_m": 531, "nearest_park_m": 677, "osm_id": 468483350, "lat": 39.913304, "lon": -83.0915}}, {"type": "Feature", "geometry": {"type": "Polygon", "coordinates": [[[-82.7900839, 40.1145392], [-82.7901073, 40.1147008], [-82.7900998, 40.1147711], [-82.7900653, 40.1148078], [-82.7900131, 40.1148229], [-82.7898322, 40.114829], [-82.7897576, 40.1148091], [-82.78969, 40.1147703], [-82.7896536, 40.1147261], [-82.7896315, 40.1146656], [-82.7896455, 40.1145014], [-82.7896728, 40.1143427], [-82.7897103, 40.1142831], [-82.7897584, 40.114256], [-82.7899164, 40.1142478], [-82.7900428, 40.1142483], [-82.7900926, 40.114263], [-82.7901265, 40.1142926], [-82.7901371, 40.1143508], [-82.7901247, 40.1144278], [-82.7900839, 40.1145392]]]}, "properties": {"name": "Unnamed water", "tier": "HIDDEN GEM", "score": 100, "wtype": "pond", "acres": 0.59, "access": "PUBLIC", "owner": "VILLAGE OF NEW ALBANY OH", "owner_addr": "7800 BEVELHYMER RD", "species": ["Largemouth bass", "Bluegill", "Black crappie", "Channel catfish"], "bass": "PRIME", "easy_access": false, "public_shore_m": 187, "nearest_park_m": 374, "osm_id": 469270592, "lat": 40.114534, "lon": -82.789885}}, {"type": "Feature", "geometry": {"type": "Polygon", "coordinates": [[[-82.7914882, 40.1121138], [-82.7915604, 40.1121647], [-82.7915667, 40.112208], [-82.7915567, 40.1122512], [-82.7915241, 40.112294], [-82.7914753, 40.1123305], [-82.7914673, 40.1123808], [-82.7914675, 40.1124518], [-82.7914417, 40.1125072], [-82.7913996, 40.1125346], [-82.7913115, 40.1125222], [-82.7911777, 40.1125222], [-82.7910908, 40.1125442], [-82.7909946, 40.1125307], [-82.7909066, 40.1124892], [-82.7908388, 40.1124468], [-82.7907324, 40.1124241], [-82.7906095, 40.112422], [-82.7905128, 40.1124327], [-82.7904308, 40.1124571], [-82.7903089, 40.1124845], [-82.7902279, 40.1124915], [-82.7901184, 40.1124673], [-82.7900192, 40.1123997], [-82.7899742, 40.1123462], [-82.7899615, 40.1122598], [-82.7899821, 40.1121815], [-82.7900377, 40.1121358], [-82.790126, 40.112123], [-82.7902083, 40.1121418], [-82.7902962, 40.1121577], [-82.7903726, 40.1121401], [-82.7904504, 40.1120902], [-82.7905633, 40.1120404], [-82.7907066, 40.1120337], [-82.7907944, 40.1120589], [-82.7908994, 40.1120959], [-82.7909881, 40.11213], [-82.7911184, 40.1121472], [-82.7912579, 40.1121118], [-82.7914048, 40.1120914], [-82.7914882, 40.1121138]]]}, "properties": {"name": "Unnamed water", "tier": "HIDDEN GEM", "score": 100, "wtype": "pond", "acres": 1.33, "access": "PUBLIC", "owner": "NEW ALBANY PLAIN LOCAL JOINT PARK DISTRICT", "owner_addr": "7500 WALNUT ST", "species": ["Largemouth bass", "Bluegill", "Black crappie", "Channel catfish"], "bass": "PRIME", "easy_access": false, "public_shore_m": 344, "nearest_park_m": 627, "osm_id": 469270593, "lat": 40.11229, "lon": -82.790784}}, {"type": "Feature", "geometry": {"type": "Polygon", "coordinates": [[[-83.1532809, 40.0846808], [-83.153194, 40.0846724], [-83.1531686, 40.0846309], [-83.1530671, 40.0840819], [-83.153078, 40.083996], [-83.1531831, 40.0839738], [-83.153328, 40.083971], [-83.1534222, 40.0839821], [-83.153473, 40.0840292], [-83.1535056, 40.0841152], [-83.1534947, 40.0842316], [-83.1534404, 40.0843924], [-83.1533824, 40.0845338], [-83.153328, 40.0846419], [-83.1532809, 40.0846808]]]}, "properties": {"name": "Unnamed water", "tier": "HIDDEN GEM", "score": 100, "wtype": "pond", "acres": 0.53, "access": "PUBLIC", "owner": "CITY OF DUBLIN", "owner_addr": "NORN ST", "species": ["Largemouth bass", "Bluegill", "Black crappie", "Channel catfish"], "bass": "PRIME", "easy_access": false, "public_shore_m": 197, "nearest_park_m": 707, "osm_id": 477791048, "lat": 40.084274, "lon": -83.15328}}, {"type": "Feature", "geometry": {"type": "Polygon", "coordinates": [[[-83.1686381, 39.9964997], [-83.1688098, 39.9964586], [-83.1690029, 39.9965079], [-83.1690887, 39.9965736], [-83.1690673, 39.9967298], [-83.1689063, 39.997001], [-83.1686703, 39.9972558], [-83.1686381, 39.997412], [-83.1685201, 39.9976175], [-83.1684986, 39.9977901], [-83.1685201, 39.998012], [-83.1685094, 39.998127], [-83.1683914, 39.9982257], [-83.1681339, 39.9982996], [-83.1679407, 39.9982832], [-83.1678549, 39.9982174], [-83.1673077, 39.99839], [-83.1668679, 39.9985133], [-83.1664602, 39.9985709], [-83.1659881, 39.9985791], [-83.165795, 39.9985709], [-83.1657199, 39.9985051], [-83.1657306, 39.9983983], [-83.1663207, 39.9982092], [-83.166664, 39.9981353], [-83.1669751, 39.9981106], [-83.1674579, 39.9980366], [-83.1677047, 39.9978723], [-83.1678227, 39.9976997], [-83.1680303, 39.9973792], [-83.1685094, 39.9966394], [-83.1686381, 39.9964997]]]}, "properties": {"name": "Unnamed water", "tier": "HIDDEN GEM", "score": 100, "wtype": "pond", "acres": 4.28, "access": "PUBLIC", "owner": "CITY OF COLUMBUS OHIO", "owner_addr": "6085 ROBERTS RD", "species": ["Largemouth bass", "Bluegill", "Black crappie", "Channel catfish"], "bass": "PRIME", "easy_access": true, "public_shore_m": 479, "nearest_park_m": 196, "osm_id": 480946791, "lat": 39.997757, "lon": -83.167778}}, {"type": "Feature", "geometry": {"type": "Polygon", "coordinates": [[[-83.1671859, 40.0010349], [-83.1671731, 40.0009352], [-83.1676591, 40.0006014], [-83.1680131, 40.0005193], [-83.1681741, 40.0004453], [-83.1683886, 40.0002974], [-83.1684852, 40.0000426], [-83.1684959, 39.9998453], [-83.1684423, 39.9997056], [-83.1683779, 39.9995659], [-83.1683028, 39.9994097], [-83.168217, 39.9993358], [-83.1682384, 39.99927], [-83.1684745, 39.9992782], [-83.1688285, 39.9993111], [-83.1689465, 39.9993933], [-83.1690109, 39.9995412], [-83.1690967, 39.9996892], [-83.1692255, 39.9998207], [-83.1693435, 39.9999768], [-83.1693757, 40.0001987], [-83.1694401, 40.0004782], [-83.1693971, 40.000585], [-83.1691611, 40.0006343], [-83.1687963, 40.0006836], [-83.1683886, 40.0006836], [-83.1679273, 40.000659], [-83.1678307, 40.0007494], [-83.167702, 40.0008891], [-83.1675732, 40.0009877], [-83.167225, 40.0010673], [-83.167202, 40.0010483], [-83.1671859, 40.0010349]]]}, "properties": {"name": "Unnamed water", "tier": "HIDDEN GEM", "score": 100, "wtype": "pond", "acres": 3.34, "access": "PUBLIC", "owner": "CITY OF COLUMBUS OHIO", "owner_addr": "6085 ROBERTS RD", "species": ["Largemouth bass", "Bluegill", "Black crappie", "Channel catfish"], "bass": "PRIME", "easy_access": false, "public_shore_m": 339, "nearest_park_m": 461, "osm_id": 480949954, "lat": 40.000179, "lon": -83.168623}}, {"type": "Feature", "geometry": {"type": "Polygon", "coordinates": [[[-83.1578887, 40.0908522], [-83.1579517, 40.0907722], [-83.1580013, 40.0906737], [-83.1580228, 40.0905567], [-83.1580348, 40.090451], [-83.1580147, 40.0903464], [-83.1579866, 40.0902571], [-83.1579852, 40.0901638], [-83.1579798, 40.0901268], [-83.1579544, 40.0901012], [-83.1578833, 40.0900725], [-83.1578091, 40.090085], [-83.1577666, 40.090174], [-83.1577076, 40.0904408], [-83.1576875, 40.0906193], [-83.1576808, 40.0907527], [-83.1576942, 40.0908122], [-83.1577237, 40.0908594], [-83.1578001, 40.090885], [-83.1578887, 40.0908522]]]}, "properties": {"name": "Unnamed water", "tier": "HIDDEN GEM", "score": 100, "wtype": "pond", "acres": 0.5, "access": "PUBLIC", "owner": "CITY OF DUBLIN OHIO", "owner_addr": "INNOVATION DR", "species": ["Largemouth bass", "Bluegill"], "bass": "GOOD", "easy_access": false, "public_shore_m": 204, "nearest_park_m": 687, "osm_id": 480956674, "lat": 40.090491, "lon": -83.157855}}, {"type": "Feature", "geometry": {"type": "Polygon", "coordinates": [[[-83.1579598, 40.0913107], [-83.1579624, 40.091239], [-83.1579772, 40.0911641], [-83.1580335, 40.0910523], [-83.1580967, 40.0909441], [-83.1581207, 40.0908553], [-83.1581005, 40.0908204], [-83.1580603, 40.0908255], [-83.1579664, 40.0909209], [-83.1577854, 40.0910759], [-83.1576821, 40.0911682], [-83.1576499, 40.0912349], [-83.1576191, 40.0913118], [-83.1576204, 40.0913508], [-83.1576486, 40.0913929], [-83.1576808, 40.0914052], [-83.1578913, 40.0913857], [-83.1579302, 40.091356], [-83.1579598, 40.0913107]]]}, "properties": {"name": "Unnamed water", "tier": "HIDDEN GEM", "score": 100, "wtype": "pond", "acres": 0.31, "access": "PUBLIC", "owner": "CITY OF DUBLIN OHIO", "owner_addr": "INNOVATION DR", "species": ["Largemouth bass", "Bluegill"], "bass": "GOOD", "easy_access": false, "public_shore_m": 168, "nearest_park_m": 735, "osm_id": 480956676, "lat": 40.091163, "lon": -83.157864}}, {"type": "Feature", "geometry": {"type": "Polygon", "coordinates": [[[-83.1435125, 40.1059245], [-83.1435638, 40.1059131], [-83.1436596, 40.1058657], [-83.1437676, 40.1057902], [-83.1438384, 40.1057244], [-83.1438785, 40.1056789], [-83.1439431, 40.1056493], [-83.1440256, 40.1055819], [-83.1440435, 40.1055493], [-83.1440389, 40.1055395], [-83.1440592, 40.105517], [-83.1440822, 40.1055093], [-83.144097, 40.1054969], [-83.1441619, 40.1054257], [-83.1442013, 40.1053718], [-83.1442627, 40.1052565], [-83.1442699, 40.1052113], [-83.1442858, 40.1051926], [-83.144274, 40.1051549], [-83.1442822, 40.105069], [-83.1442676, 40.1048641], [-83.1442397, 40.1047079], [-83.1442517, 40.1046012], [-83.1442303, 40.1044898], [-83.1442373, 40.1044643], [-83.1442244, 40.1043744], [-83.1442021, 40.1043118], [-83.1441567, 40.1042564], [-83.1441044, 40.104233], [-83.1440425, 40.1042167], [-83.143968, 40.104218], [-83.1436711, 40.1042282], [-83.1433676, 40.1042468], [-83.1431894, 40.1042682], [-83.1431343, 40.1042945], [-83.14309, 40.104314], [-83.1430768, 40.1043604], [-83.1430664, 40.1044285], [-83.1430682, 40.1045199], [-83.1431208, 40.1048292], [-83.1431752, 40.1054201], [-83.1431661, 40.1056146], [-83.1431779, 40.1057463], [-83.143219, 40.1058219], [-83.1432591, 40.1058525], [-83.1433516, 40.1058961], [-83.1434559, 40.1059226], [-83.1435125, 40.1059245]]]}, "properties": {"name": "Unnamed water", "tier": "HIDDEN GEM", "score": 100, "wtype": "pond", "acres": 3.93, "access": "PUBLIC", "owner": "CITY OF DUBLIN OHIO", "owner_addr": "POST RD", "species": ["Largemouth bass", "Bluegill", "Black crappie", "Channel catfish"], "bass": "PRIME", "easy_access": false, "public_shore_m": 506, "nearest_park_m": 366, "osm_id": 480957380, "lat": 40.10499, "lon": -83.143661}}, {"type": "Feature", "geometry": {"type": "Polygon", "coordinates": [[[-83.1402305, 40.1024623], [-83.1400884, 40.1024801], [-83.1399893, 40.1024871], [-83.1399047, 40.1024888], [-83.1398193, 40.1024782], [-83.1396915, 40.1024632], [-83.1396723, 40.1024571], [-83.1396594, 40.1024436], [-83.139659, 40.1024244], [-83.1396732, 40.1024102], [-83.1396998, 40.1023991], [-83.1399229, 40.1023328], [-83.1400901, 40.102287], [-83.1403099, 40.1022185], [-83.1403856, 40.1022032], [-83.1404269, 40.1022044], [-83.1404687, 40.1022161], [-83.1404965, 40.1022421], [-83.1405193, 40.1022877], [-83.1405225, 40.102321], [-83.1405036, 40.1023592], [-83.1404879, 40.1023786], [-83.1404636, 40.1023978], [-83.1403967, 40.1024271], [-83.1403319, 40.1024427], [-83.1402305, 40.1024623]]]}, "properties": {"name": "Unnamed water", "tier": "HIDDEN GEM", "score": 100, "wtype": "pond", "acres": 0.34, "access": "PUBLIC", "owner": "CITY OF DUBLIN OHIO", "owner_addr": "5555 PERIMETER DR", "species": ["Largemouth bass", "Bluegill"], "bass": "GOOD", "easy_access": true, "public_shore_m": 171, "nearest_park_m": 201, "osm_id": 481292436, "lat": 40.102366, "lon": -83.140148}}, {"type": "Feature", "geometry": {"type": "Polygon", "coordinates": [[[-83.1408947, 40.101222], [-83.1408626, 40.1012457], [-83.1408421, 40.1012719], [-83.1408279, 40.1012901], [-83.1408094, 40.1012911], [-83.1407825, 40.1012753], [-83.1407645, 40.1012601], [-83.1407535, 40.1012329], [-83.1407457, 40.1010533], [-83.1407465, 40.1010033], [-83.1407564, 40.1009602], [-83.1407918, 40.1009094], [-83.1408756, 40.100816], [-83.1409434, 40.1007588], [-83.1409897, 40.1007428], [-83.141025, 40.1007399], [-83.1410529, 40.1007434], [-83.1410772, 40.1007575], [-83.1410874, 40.1007767], [-83.141142, 40.1009448], [-83.141154, 40.1010052], [-83.1411545, 40.1010478], [-83.1411554, 40.1010877], [-83.1411419, 40.1011144], [-83.1411139, 40.1011475], [-83.141086, 40.1011669], [-83.1410376, 40.101182], [-83.1409819, 40.1011941], [-83.1409326, 40.1012002], [-83.1408947, 40.101222]]]}, "properties": {"name": "Unnamed water", "tier": "HIDDEN GEM", "score": 100, "wtype": "pond", "acres": 0.37, "access": "PUBLIC", "owner": "CITY OF DUBLIN", "owner_addr": "6565 COMMERCE PW", "species": ["Largemouth bass", "Bluegill"], "bass": "GOOD", "easy_access": true, "public_shore_m": 156, "nearest_park_m": 147, "osm_id": 481292438, "lat": 40.10101, "lon": -83.140945}}, {"type": "Feature", "geometry": {"type": "Polygon", "coordinates": [[[-83.1444702, 39.91736], [-83.1444112, 39.916749], [-83.1444971, 39.9166667], [-83.1445909, 39.9166503], [-83.1448457, 39.9167531], [-83.1449611, 39.9167737], [-83.1452347, 39.9167223], [-83.1454466, 39.9166811], [-83.145932, 39.9166935], [-83.1461278, 39.9167161], [-83.1462512, 39.9168169], [-83.1462995, 39.9169362], [-83.1463344, 39.9170185], [-83.1462512, 39.9171502], [-83.1461761, 39.9172263], [-83.1460313, 39.9173044], [-83.1458918, 39.9173353], [-83.1457336, 39.9172962], [-83.1455619, 39.9172777], [-83.1453688, 39.9173188], [-83.1452213, 39.917397], [-83.1451059, 39.9174834], [-83.1450107, 39.9178897], [-83.1449946, 39.9181325], [-83.1453071, 39.918547], [-83.145342, 39.9186581], [-83.1452132, 39.918693], [-83.1449101, 39.9187239], [-83.1446929, 39.9186437], [-83.1445775, 39.9185511], [-83.1444702, 39.91736]]]}, "properties": {"name": "Unnamed water", "tier": "HIDDEN GEM", "score": 100, "wtype": "pond", "acres": 4.45, "access": "PUBLIC", "owner": "CITY OF COLUMBUS", "owner_addr": "NORTON RD", "species": ["Largemouth bass", "Bluegill", "Black crappie", "Channel catfish"], "bass": "PRIME", "easy_access": false, "public_shore_m": 736, "nearest_park_m": 648, "osm_id": 490745030, "lat": 39.917431, "lon": -83.145126}}, {"type": "Feature", "geometry": {"type": "Polygon", "coordinates": [[[-83.046471, 40.0129843], [-83.0464169, 40.0129196], [-83.0463864, 40.0128704], [-83.0463594, 40.0128185], [-83.0463492, 40.0127693], [-83.0463459, 40.0127304], [-83.0463323, 40.012689], [-83.0462951, 40.0126553], [-83.0462444, 40.012619], [-83.0461936, 40.0125776], [-83.046153, 40.0125361], [-83.0461226, 40.0124869], [-83.0460786, 40.012448], [-83.046038, 40.012404], [-83.0460177, 40.01236], [-83.0460346, 40.0123056], [-83.0460719, 40.0122719], [-83.046126, 40.0122563], [-83.0461835, 40.0122226], [-83.0462139, 40.0122019], [-83.0462647, 40.0121708], [-83.0463289, 40.0121527], [-83.0464338, 40.0121553], [-83.0465251, 40.0121656], [-83.0466029, 40.0121864], [-83.0466571, 40.0121734], [-83.0467213, 40.0121579], [-83.0467585, 40.0121371], [-83.0467958, 40.0121216], [-83.0468397, 40.0121164], [-83.0468668, 40.0121371], [-83.0468769, 40.0121656], [-83.0468736, 40.0121993], [-83.0468397, 40.0122848], [-83.0468127, 40.0123237], [-83.0467755, 40.0123496], [-83.0467518, 40.0123729], [-83.0467585, 40.012404], [-83.046789, 40.0124403], [-83.0467991, 40.0124714], [-83.0468059, 40.012505], [-83.0467991, 40.0125439], [-83.0467788, 40.012575], [-83.0467518, 40.0125983], [-83.0467247, 40.0126294], [-83.046718, 40.0126709], [-83.0467247, 40.0127201], [-83.0467315, 40.0127615], [-83.0467382, 40.0128056], [-83.0467416, 40.012847], [-83.0467382, 40.0128937], [-83.0467213, 40.0129299], [-83.0466774, 40.0129558], [-83.04663, 40.0129818], [-83.046586, 40.0129973], [-83.0465184, 40.0130025], [-83.046471, 40.0129843]]]}, "properties": {"name": "Unnamed water", "tier": "HIDDEN GEM", "score": 100, "wtype": "pond", "acres": 1.05, "access": "PUBLIC", "owner": "STATE OF OHIO", "owner_addr": "995 - 1059 HESS RD", "species": ["Largemouth bass", "Bluegill", "Black crappie", "Channel catfish"], "bass": "PRIME", "easy_access": false, "public_shore_m": 286, "nearest_park_m": 418, "osm_id": 491981085, "lat": 40.0125, "lon": -83.046486}}, {"type": "Feature", "geometry": {"type": "Polygon", "coordinates": [[[-83.1429866, 40.1255914], [-83.1429973, 40.1256529], [-83.142949, 40.1256734], [-83.1428766, 40.125655], [-83.1428149, 40.1255975], [-83.1427506, 40.1255073], [-83.1427398, 40.1254027], [-83.142705, 40.125292], [-83.1426352, 40.1252038], [-83.142536, 40.1251381], [-83.1425065, 40.1250705], [-83.1425521, 40.1249946], [-83.142662, 40.1249618], [-83.1427506, 40.1250171], [-83.1428176, 40.1250828], [-83.1429383, 40.1251074], [-83.1430349, 40.1251279], [-83.1430617, 40.1251751], [-83.1430295, 40.1252284], [-83.1429866, 40.1252961], [-83.1429571, 40.1253843], [-83.1429651, 40.125493], [-83.1429866, 40.1255914]]]}, "properties": {"name": "Unnamed water", "tier": "HIDDEN GEM", "score": 100, "wtype": "pond", "acres": 0.44, "access": "PUBLIC", "owner": "CITY OF DUBLIN OHIO", "owner_addr": "5623 DUBLINSHIRE RD", "species": ["Largemouth bass", "Bluegill"], "bass": "GOOD", "easy_access": true, "public_shore_m": 204, "nearest_park_m": 242, "osm_id": 539111475, "lat": 40.125278, "lon": -83.14281}}, {"type": "Feature", "geometry": {"type": "Polygon", "coordinates": [[[-83.1410007, 40.1271238], [-83.1409206, 40.1271379], [-83.1408159, 40.1271309], [-83.1406187, 40.1270967], [-83.1404877, 40.1271203], [-83.1403706, 40.1271556], [-83.1402335, 40.127178], [-83.1401211, 40.1271733], [-83.1399978, 40.1271214], [-83.1399208, 40.1270307], [-83.1397899, 40.1267763], [-83.1397575, 40.1266939], [-83.1397852, 40.1266126], [-83.139853, 40.1265443], [-83.1399408, 40.1265101], [-83.1401195, 40.1265183], [-83.140269, 40.1265584], [-83.1404831, 40.1266043], [-83.1406633, 40.1266055], [-83.140839, 40.1265984], [-83.140956, 40.1266196], [-83.1410962, 40.1266833], [-83.1411763, 40.1267563], [-83.1412549, 40.1268152], [-83.141295, 40.1268764], [-83.1412903, 40.1269766], [-83.1412657, 40.1270307], [-83.1412256, 40.1270767], [-83.1411779, 40.1271061], [-83.1411255, 40.1271167], [-83.1410593, 40.1271155], [-83.1410007, 40.1271238]]]}, "properties": {"name": "Unnamed water", "tier": "HIDDEN GEM", "score": 100, "wtype": "pond", "acres": 1.77, "access": "PUBLIC", "owner": "CITY OF DUBLIN", "owner_addr": "BRISTOL PW", "species": ["Largemouth bass", "Bluegill", "Black crappie", "Channel catfish"], "bass": "PRIME", "easy_access": false, "public_shore_m": 342, "nearest_park_m": 484, "osm_id": 539111476, "lat": 40.126854, "lon": -83.140496}}, {"type": "Feature", "geometry": {"type": "Polygon", "coordinates": [[[-83.124451, 40.1182771], [-83.1246052, 40.1182735], [-83.1246915, 40.1182378], [-83.1247476, 40.1181789], [-83.124834, 40.1181092], [-83.1249694, 40.1180503], [-83.1250161, 40.1180074], [-83.1250278, 40.117945], [-83.1249788, 40.1178914], [-83.1248737, 40.1178664], [-83.1246425, 40.1178735], [-83.1244627, 40.1178825], [-83.124374, 40.1179039], [-83.1243226, 40.1179539], [-83.1242993, 40.1180092], [-83.1242946, 40.118086], [-83.124325, 40.1181753], [-83.124353, 40.1182253], [-83.124388, 40.1182592], [-83.124423, 40.1182735], [-83.124451, 40.1182771]]]}, "properties": {"name": "Unnamed water", "tier": "HIDDEN GEM", "score": 100, "wtype": "pond", "acres": 0.51, "access": "PUBLIC", "owner": "CITY OF DUBLIN", "owner_addr": "7391 COVENTRY WOODS DR", "species": ["Largemouth bass", "Bluegill", "Black crappie", "Channel catfish"], "bass": "PRIME", "easy_access": false, "public_shore_m": 175, "nearest_park_m": 636, "osm_id": 539111477, "lat": 40.118049, "lon": -83.124621}}, {"type": "Feature", "geometry": {"type": "Polygon", "coordinates": [[[-83.12344, 40.1184646], [-83.1233186, 40.1183521], [-83.1232485, 40.1182592], [-83.1231925, 40.1181914], [-83.123043, 40.1180914], [-83.1228773, 40.1180164], [-83.1227815, 40.1179842], [-83.1227535, 40.1179432], [-83.1227815, 40.1179021], [-83.1228235, 40.117886], [-83.1235077, 40.1178932], [-83.1235848, 40.1179021], [-83.1236338, 40.1179325], [-83.1236361, 40.117986], [-83.1236104, 40.118061], [-83.1236058, 40.1181717], [-83.1236081, 40.1183217], [-83.1235988, 40.1183967], [-83.1235661, 40.1184414], [-83.1235357, 40.1184681], [-83.1235007, 40.1184771], [-83.12344, 40.1184646]]]}, "properties": {"name": "Unnamed water", "tier": "HIDDEN GEM", "score": 100, "wtype": "pond", "acres": 0.66, "access": "PUBLIC", "owner": "CITY OF DUBLIN", "owner_addr": "7372 COVENTRY WOODS DR", "species": ["Largemouth bass", "Bluegill", "Black crappie", "Channel catfish"], "bass": "PRIME", "easy_access": false, "public_shore_m": 234, "nearest_park_m": 611, "osm_id": 539111478, "lat": 40.118102, "lon": -83.123311}}, {"type": "Feature", "geometry": {"type": "Polygon", "coordinates": [[[-83.1261233, 40.1185268], [-83.1261375, 40.1184149], [-83.1261456, 40.1182081], [-83.1261639, 40.118076], [-83.1261761, 40.1180107], [-83.1261741, 40.1179423], [-83.1261395, 40.1178879], [-83.1260582, 40.1178522], [-83.1260033, 40.1178584], [-83.125983, 40.1178832], [-83.1259688, 40.1180496], [-83.1259505, 40.1181833], [-83.1259525, 40.1182921], [-83.1259444, 40.1185066], [-83.1259505, 40.1185377], [-83.1259688, 40.1185579], [-83.1260094, 40.1185703], [-83.1260602, 40.1185703], [-83.1260928, 40.1185672], [-83.1261111, 40.1185486], [-83.1261233, 40.1185268]]]}, "properties": {"name": "Unnamed water", "tier": "HIDDEN GEM", "score": 100, "wtype": "pond", "acres": 0.31, "access": "PUBLIC", "owner": "CITY OF DUBLIN OHIO", "owner_addr": "7380 WELLINGTON RESERVE CT", "species": ["Largemouth bass", "Bluegill"], "bass": "GOOD", "easy_access": false, "public_shore_m": 179, "nearest_park_m": 644, "osm_id": 539111479, "lat": 40.118212, "lon": -83.126053}}, {"type": "Feature", "geometry": {"type": "Polygon", "coordinates": [[[-82.8551514, 40.006964], [-82.855087, 40.0069516], [-82.8549904, 40.0069557], [-82.8548832, 40.0069742], [-82.8548429, 40.0070215], [-82.8547732, 40.0071345], [-82.854741, 40.0072064], [-82.8546632, 40.0073255], [-82.8545962, 40.0073892], [-82.8544594, 40.0075269], [-82.8543682, 40.0076543], [-82.8542743, 40.0077323], [-82.8541268, 40.0078022], [-82.8540517, 40.0078597], [-82.854049, 40.0079172], [-82.8540517, 40.0079974], [-82.854116, 40.0080035], [-82.8542019, 40.0080241], [-82.8543306, 40.00802], [-82.8544647, 40.00802], [-82.8545613, 40.0080158], [-82.8547222, 40.0079789], [-82.8548268, 40.0079706], [-82.8549234, 40.0078946], [-82.8550521, 40.0078227], [-82.8551702, 40.0077755], [-82.8552399, 40.0077179], [-82.8553043, 40.007644], [-82.8553525, 40.0075598], [-82.8553525, 40.0074447], [-82.855323, 40.007344], [-82.8552962, 40.0072125], [-82.8552928, 40.0071928], [-82.8552865, 40.007157], [-82.8552801, 40.0071201], [-82.8552533, 40.0070605], [-82.8552211, 40.0070092], [-82.8551514, 40.006964]]]}, "properties": {"name": "Unnamed water", "tier": "HIDDEN GEM", "score": 100, "wtype": "pond", "acres": 1.81, "access": "PUBLIC_BANK", "owner": "GAHANNA-JEFFERSON CITY SCHOOL DISTRICT BOARD OF EDUCATION", "owner_addr": "349 SHADY SPRING DR", "species": ["Largemouth bass", "Bluegill", "Black crappie", "Channel catfish"], "bass": "PRIME", "easy_access": false, "public_shore_m": 89, "nearest_park_m": 346, "osm_id": 545292240, "lat": 40.007554, "lon": -82.85481}}, {"type": "Feature", "geometry": {"type": "Polygon", "coordinates": [[[-82.8400099, 40.0038536], [-82.8400402, 40.0037751], [-82.8400175, 40.0036938], [-82.8399188, 40.0036269], [-82.8397823, 40.0036211], [-82.8396761, 40.0036938], [-82.839585, 40.0038565], [-82.8394864, 40.0040541], [-82.8394409, 40.0041587], [-82.8393954, 40.0043039], [-82.8392968, 40.0044928], [-82.8391866, 40.0045527], [-82.8391526, 40.0045712], [-82.8389023, 40.0046439], [-82.8386633, 40.0046788], [-82.8383409, 40.004702], [-82.8380829, 40.0047717], [-82.8378553, 40.0047921], [-82.8374912, 40.004763], [-82.8372977, 40.0047804], [-82.8372205, 40.0048303], [-82.8369643, 40.004996], [-82.8368064, 40.0050669], [-82.8367004, 40.0052535], [-82.8365966, 40.0054089], [-82.8364703, 40.0055748], [-82.8363621, 40.0057044], [-82.8361997, 40.0058495], [-82.8361839, 40.0060827], [-82.8362267, 40.0062486], [-82.836335, 40.0063436], [-82.8364027, 40.0063781], [-82.8365199, 40.0064092], [-82.8366733, 40.00643], [-82.8368086, 40.0063574], [-82.8367748, 40.0062313], [-82.8368718, 40.0061155], [-82.8369823, 40.0060413], [-82.8371515, 40.0059324], [-82.8373661, 40.0057587], [-82.8374814, 40.0056313], [-82.8376638, 40.005467], [-82.8378676, 40.0053745], [-82.8383853, 40.005128], [-82.8388305, 40.0049699], [-82.8389968, 40.0049473], [-82.8392141, 40.004898], [-82.8393911, 40.0048672], [-82.8395306, 40.0047933], [-82.8395869, 40.0046597], [-82.8396567, 40.0045693], [-82.8396908, 40.0044373], [-82.839723, 40.0043367], [-82.8397874, 40.0042052], [-82.8398518, 40.0040881], [-82.8399242, 40.0040059], [-82.8400099, 40.0038536]]]}, "properties": {"name": "Unnamed water", "tier": "HIDDEN GEM", "score": 100, "wtype": "pond", "acres": 5.86, "access": "PUBLIC_BANK", "owner": "CITY OF GAHANNA", "owner_addr": "KASON'S WY", "species": ["Largemouth bass", "Bluegill", "Black crappie", "Channel catfish"], "bass": "PRIME", "easy_access": true, "public_shore_m": 625, "nearest_park_m": 183, "osm_id": 545312444, "lat": 40.005161, "lon": -82.837817}}, {"type": "Feature", "geometry": {"type": "Polygon", "coordinates": [[[-82.8455074, 39.9988737], [-82.8454758, 39.9989117], [-82.8454149, 39.9989601], [-82.8453608, 39.9989947], [-82.8452773, 39.9990154], [-82.8451736, 39.9990171], [-82.8451014, 39.998986], [-82.8450924, 39.998929], [-82.8451285, 39.998853], [-82.8451645, 39.998815], [-82.8451871, 39.9987649], [-82.8452142, 39.9987027], [-82.8451984, 39.9986474], [-82.8451645, 39.9985644], [-82.8451645, 39.9985143], [-82.8452164, 39.9984539], [-82.8452863, 39.9984228], [-82.8454036, 39.9984055], [-82.8455029, 39.9983986], [-82.8455615, 39.9984107], [-82.8456269, 39.9984193], [-82.8456675, 39.9984452], [-82.8456765, 39.9984746], [-82.845663, 39.9984953], [-82.8455908, 39.9985264], [-82.8455277, 39.9985454], [-82.8454645, 39.9985817], [-82.845442, 39.9986232], [-82.8454172, 39.9986733], [-82.8454081, 39.9987217], [-82.8454104, 39.9987735], [-82.8454442, 39.9988081], [-82.8454781, 39.9988357], [-82.8455006, 39.9988547], [-82.8455074, 39.9988737]]]}, "properties": {"name": "Unnamed water", "tier": "HIDDEN GEM", "score": 100, "wtype": "pond", "acres": 0.45, "access": "PUBLIC_BANK", "owner": "CITY OF GAHANNA", "owner_addr": "TECHCENTER DR", "species": ["Largemouth bass", "Bluegill"], "bass": "GOOD", "easy_access": false, "public_shore_m": 24, "nearest_park_m": 783, "osm_id": 545321645, "lat": 39.998694, "lon": -82.845337}}, {"type": "Feature", "geometry": {"type": "Polygon", "coordinates": [[[-82.9373306, 40.1062669], [-82.9374041, 40.1062628], [-82.9375135, 40.1062436], [-82.9376067, 40.1062024], [-82.9376856, 40.1061476], [-82.9377663, 40.1060571], [-82.9378165, 40.1059597], [-82.9378487, 40.1058706], [-82.9378326, 40.1058102], [-82.9377896, 40.1057801], [-82.9377214, 40.1057622], [-82.9376156, 40.1057787], [-82.9375368, 40.1058349], [-82.9374274, 40.1059254], [-82.9373593, 40.1060022], [-82.9373073, 40.1060639], [-82.9372624, 40.1061078], [-82.9372427, 40.1061805], [-82.9372571, 40.1062189], [-82.9372929, 40.1062504], [-82.9373306, 40.1062669]]]}, "properties": {"name": "Unnamed water", "tier": "HIDDEN GEM", "score": 100, "wtype": "pond", "acres": 0.43, "access": "PUBLIC", "owner": "CITY OF WESTERVILLE OHIO", "owner_addr": "BROOKSEDGE BL", "species": ["Largemouth bass", "Bluegill"], "bass": "GOOD", "easy_access": false, "public_shore_m": 164, "nearest_park_m": 591, "osm_id": 545403482, "lat": 40.106024, "lon": -82.937557}}, {"type": "Feature", "geometry": {"type": "Polygon", "coordinates": [[[-82.9374848, 40.1065686], [-82.9373682, 40.1066317], [-82.9372553, 40.1066975], [-82.93718, 40.1067633], [-82.9371065, 40.1068305], [-82.9370814, 40.1069306], [-82.9370616, 40.1070705], [-82.9370545, 40.1071116], [-82.9370096, 40.1071651], [-82.9369523, 40.1072076], [-82.9369379, 40.1072213], [-82.9369917, 40.1072748], [-82.937015, 40.1072954], [-82.9370455, 40.1073406], [-82.9371065, 40.1073735], [-82.937214, 40.1073941], [-82.9374023, 40.1073722], [-82.9375386, 40.1073653], [-82.9376461, 40.1073667], [-82.9377465, 40.1073489], [-82.9378218, 40.1072926], [-82.9378613, 40.1072282], [-82.9378559, 40.1071349], [-82.9378039, 40.1070362], [-82.9377268, 40.1069443], [-82.9376856, 40.1068895], [-82.93763, 40.1068044], [-82.9376246, 40.1067551], [-82.9376551, 40.1066262], [-82.9376784, 40.1065658], [-82.9376497, 40.1065206], [-82.937587, 40.1065233], [-82.9375152, 40.1065439], [-82.9374848, 40.1065686]]]}, "properties": {"name": "Unnamed water", "tier": "HIDDEN GEM", "score": 100, "wtype": "pond", "acres": 1.18, "access": "PUBLIC", "owner": "CITY OF WESTERVILLE OHIO", "owner_addr": "BROOKSEDGE BL", "species": ["Largemouth bass", "Bluegill", "Black crappie", "Channel catfish"], "bass": "PRIME", "easy_access": false, "public_shore_m": 286, "nearest_park_m": 478, "osm_id": 545403483, "lat": 40.107034, "lon": -82.937422}}, {"type": "Feature", "geometry": {"type": "Polygon", "coordinates": [[[-82.8157443, 40.0779425], [-82.8157765, 40.0779718], [-82.815806, 40.0779786], [-82.8158005, 40.0780003], [-82.8157884, 40.0780283], [-82.815793, 40.0780795], [-82.8157628, 40.0781123], [-82.815675, 40.0781052], [-82.8155964, 40.0781194], [-82.8155762, 40.0781741], [-82.8155602, 40.0781979], [-82.8155337, 40.0782145], [-82.815504, 40.0782101], [-82.8154146, 40.0782761], [-82.815333, 40.0783009], [-82.8152891, 40.078289], [-82.8152498, 40.0782396], [-82.8151897, 40.0781182], [-82.8151604, 40.0780239], [-82.8151673, 40.0779964], [-82.8151835, 40.0779779], [-82.8152196, 40.0779731], [-82.815279, 40.0779791], [-82.8154054, 40.077919], [-82.8154627, 40.0778824], [-82.8155224, 40.0778636], [-82.8156272, 40.0778695], [-82.8156904, 40.0778966], [-82.8157443, 40.0779425]]]}, "properties": {"name": "Unnamed water", "tier": "HIDDEN GEM", "score": 100, "wtype": "pond", "acres": 0.4, "access": "PUBLIC", "owner": "CITY OF NEW ALBANY", "owner_addr": "7822 ACKERLY LP", "species": ["Largemouth bass", "Bluegill"], "bass": "GOOD", "easy_access": true, "public_shore_m": 166, "nearest_park_m": 189, "osm_id": 546494568, "lat": 40.078063, "lon": -82.815466}}, {"type": "Feature", "geometry": {"type": "Polygon", "coordinates": [[[-82.8128867, 40.1001351], [-82.8130255, 40.1002438], [-82.8131088, 40.1003034], [-82.8131346, 40.1003531], [-82.8131467, 40.1004254], [-82.8131476, 40.1004794], [-82.8131427, 40.1005243], [-82.8131478, 40.1005608], [-82.8131479, 40.1006171], [-82.8131385, 40.100632], [-82.8131189, 40.1006454], [-82.8130764, 40.1006629], [-82.8130304, 40.1006738], [-82.8128424, 40.1006875], [-82.8128204, 40.1006805], [-82.8128117, 40.1006641], [-82.8127938, 40.1006594], [-82.8127535, 40.1006509], [-82.812729, 40.100636], [-82.8127068, 40.1005905], [-82.8127874, 40.1003869], [-82.8127673, 40.1001971], [-82.8127781, 40.1001545], [-82.812805, 40.1001232], [-82.8128452, 40.1001237], [-82.8128867, 40.1001351]]]}, "properties": {"name": "Unnamed water", "tier": "HIDDEN GEM", "score": 100, "wtype": "pond", "acres": 0.42, "access": "PUBLIC", "owner": "CITY OF NEW ALBANY", "owner_addr": "6500 NEW ALBANY EAST RD", "species": ["Largemouth bass", "Bluegill"], "bass": "GOOD", "easy_access": true, "public_shore_m": 169, "nearest_park_m": 136, "osm_id": 546525044, "lat": 40.100439, "lon": -82.812933}}, {"type": "Feature", "geometry": {"type": "Polygon", "coordinates": [[[-82.819399, 40.0713304], [-82.8195561, 40.0714365], [-82.8197317, 40.0716063], [-82.8197989, 40.0717068], [-82.8197957, 40.0717856], [-82.8197132, 40.0718431], [-82.8196741, 40.0719123], [-82.8196467, 40.0719512], [-82.8195729, 40.0719655], [-82.8194175, 40.0719387], [-82.8191956, 40.0718609], [-82.8190385, 40.0717477], [-82.8189183, 40.0717195], [-82.8187241, 40.0717398], [-82.8186182, 40.0717549], [-82.818523, 40.0717546], [-82.8184133, 40.071749], [-82.8183847, 40.0717195], [-82.8183908, 40.0716897], [-82.8184203, 40.0716653], [-82.8184794, 40.0716326], [-82.8185856, 40.0715497], [-82.8185763, 40.0713941], [-82.8185024, 40.0712526], [-82.8182713, 40.0709626], [-82.8181419, 40.0708636], [-82.8181512, 40.0707929], [-82.8182528, 40.0707787], [-82.8184284, 40.070807], [-82.8189738, 40.0710829], [-82.819399, 40.0713304]]]}, "properties": {"name": "Unnamed water", "tier": "HIDDEN GEM", "score": 100, "wtype": "pond", "acres": 2.06, "access": "PUBLIC", "owner": "VILLAGE OF NEW ALBANY", "owner_addr": "FENWAY RD", "species": ["Largemouth bass", "Bluegill", "Black crappie", "Channel catfish"], "bass": "PRIME", "easy_access": false, "public_shore_m": 450, "nearest_park_m": 609, "osm_id": 548280124, "lat": 40.07143, "lon": -82.818991}}, {"type": "Feature", "geometry": {"type": "Polygon", "coordinates": [[[-82.8243509, 40.0614504], [-82.824434, 40.0614566], [-82.8244877, 40.0614853], [-82.8245169, 40.0615479], [-82.8245038, 40.0616695], [-82.8244839, 40.0617063], [-82.8244452, 40.0617472], [-82.8243613, 40.0618288], [-82.8243195, 40.0618863], [-82.8243332, 40.0619513], [-82.8243482, 40.0619924], [-82.8243285, 40.0620202], [-82.8242811, 40.0620385], [-82.8242421, 40.0620742], [-82.8242313, 40.0621223], [-82.8242471, 40.062162], [-82.8242426, 40.0621971], [-82.8242272, 40.062223], [-82.8241924, 40.0622559], [-82.8241533, 40.0622803], [-82.8241039, 40.0623001], [-82.8240426, 40.0623055], [-82.823969, 40.0622969], [-82.8238595, 40.0622836], [-82.8237928, 40.0622664], [-82.8237528, 40.0622655], [-82.8236337, 40.0623202], [-82.8235533, 40.0623654], [-82.8234969, 40.0624257], [-82.8234826, 40.0624463], [-82.8234745, 40.0624621], [-82.8234612, 40.0624653], [-82.823447, 40.0624444], [-82.8234235, 40.0624139], [-82.8234013, 40.062391], [-82.8233862, 40.0623569], [-82.8233853, 40.0623167], [-82.8233946, 40.0622846], [-82.8234272, 40.0622518], [-82.8235218, 40.0622049], [-82.8235722, 40.062174], [-82.8235942, 40.0621354], [-82.8236454, 40.0620642], [-82.8237001, 40.0620188], [-82.8237955, 40.061975], [-82.8238883, 40.0619191], [-82.8239271, 40.0618569], [-82.8239271, 40.0617399], [-82.8238868, 40.0616845], [-82.8238842, 40.0616516], [-82.8239351, 40.0615839], [-82.8239539, 40.0615367], [-82.8240117, 40.0615167], [-82.8241629, 40.0614811], [-82.8243509, 40.0614504]]]}, "properties": {"name": "Unnamed water", "tier": "HIDDEN GEM", "score": 100, "wtype": "pond", "acres": 1.15, "access": "PUBLIC", "owner": "VILLAGE OF NEW ALBANY", "owner_addr": "LAMBTON PARK RD", "species": ["Largemouth bass", "Bluegill", "Black crappie", "Channel catfish"], "bass": "PRIME", "easy_access": false, "public_shore_m": 346, "nearest_park_m": 553, "osm_id": 549299899, "lat": 40.061928, "lon": -82.824033}}, {"type": "Feature", "geometry": {"type": "Polygon", "coordinates": [[[-82.8801628, 40.0251625], [-82.8802445, 40.0250945], [-82.8803239, 40.0250891], [-82.8803706, 40.0251374], [-82.8803636, 40.0251911], [-82.8803216, 40.0252554], [-82.8802235, 40.0253699], [-82.8801441, 40.0254539], [-82.8801114, 40.0255451], [-82.880039, 40.0256059], [-82.8799643, 40.0256971], [-82.8798662, 40.0257829], [-82.8797495, 40.0259242], [-82.8796818, 40.0260189], [-82.8795417, 40.0261441], [-82.8794483, 40.0262836], [-82.8793852, 40.026314], [-82.8793175, 40.0262925], [-82.8792615, 40.0262585], [-82.8792708, 40.0262049], [-82.8793269, 40.0260976], [-82.8794039, 40.0259867], [-82.8794296, 40.0259045], [-82.8794413, 40.0257454], [-82.8794786, 40.0256005], [-82.879495, 40.0254915], [-82.879572, 40.0254503], [-82.8796748, 40.025445], [-82.8797962, 40.0254378], [-82.8798452, 40.0254235], [-82.8798989, 40.0253341], [-82.8800554, 40.0252697], [-82.8801254, 40.0252322], [-82.8801628, 40.0251625]]]}, "properties": {"name": "Unnamed water", "tier": "HIDDEN GEM", "score": 100, "wtype": "pond", "acres": 1.0, "access": "PUBLIC", "owner": "VILLAGE OF GAHANNA", "owner_addr": "RIDENOUR RD", "species": ["Largemouth bass", "Bluegill", "Black crappie", "Channel catfish"], "bass": "PRIME", "easy_access": false, "public_shore_m": 356, "nearest_park_m": 265, "osm_id": 551421625, "lat": 40.025678, "lon": -82.879758}}, {"type": "Feature", "geometry": {"type": "Polygon", "coordinates": [[[-82.8203732, 40.0440775], [-82.8204906, 40.0440349], [-82.8206575, 40.0440775], [-82.8208801, 40.0442858], [-82.8209388, 40.0444372], [-82.8208863, 40.0445768], [-82.8207193, 40.0447093], [-82.8205061, 40.0447377], [-82.8203299, 40.0447235], [-82.8201352, 40.0447519], [-82.8198786, 40.0447519], [-82.8196746, 40.0447306], [-82.8195881, 40.0446407], [-82.8195634, 40.0444845], [-82.8196746, 40.044378], [-82.819925, 40.0443165], [-82.8202001, 40.0442077], [-82.8203732, 40.0440775]]]}, "properties": {"name": "Unnamed water", "tier": "HIDDEN GEM", "score": 100, "wtype": "pond", "acres": 1.57, "access": "PUBLIC", "owner": "CITY OF GAHANNA", "owner_addr": "MINTURN DR", "species": ["Largemouth bass", "Bluegill", "Black crappie", "Channel catfish"], "bass": "PRIME", "easy_access": true, "public_shore_m": 210, "nearest_park_m": 188, "osm_id": 551436860, "lat": 40.044456, "lon": -82.820296}}, {"type": "Feature", "geometry": {"type": "Polygon", "coordinates": [[[-82.7950762, 40.0464471], [-82.7950457, 40.0464144], [-82.7950152, 40.046279], [-82.7949482, 40.0461763], [-82.7948567, 40.0461576], [-82.7947286, 40.046181], [-82.7946615, 40.0462837], [-82.7946615, 40.046433], [-82.7947164, 40.0465964], [-82.7948567, 40.0466525], [-82.7950274, 40.0466665], [-82.7950945, 40.0467458], [-82.7951494, 40.0467458], [-82.7951372, 40.0466665], [-82.7952226, 40.0466104], [-82.795308, 40.0465544], [-82.7952714, 40.0464751], [-82.7951982, 40.0464471], [-82.7950762, 40.0464471]]]}, "properties": {"name": "Unnamed water", "tier": "HIDDEN GEM", "score": 100, "wtype": "pond", "acres": 0.5, "access": "PUBLIC", "owner": "JEFFERSON TOWNSHIP BD OF TOWNSHIP TRS", "owner_addr": "7494 CLARK STATE RD", "species": ["Largemouth bass", "Bluegill", "Black crappie", "Channel catfish"], "bass": "PRIME", "easy_access": true, "public_shore_m": 198, "nearest_park_m": 154, "osm_id": 551463181, "lat": 40.046451, "lon": -82.794929}}, {"type": "Feature", "geometry": {"type": "Polygon", "coordinates": [[[-82.8371375, 40.0119068], [-82.8371131, 40.0118227], [-82.8373204, 40.0117386], [-82.8377839, 40.0115705], [-82.8379547, 40.011365], [-82.8379668, 40.0110193], [-82.8377473, 40.0108699], [-82.8376985, 40.0107111], [-82.8378083, 40.0104962], [-82.8377107, 40.0101039], [-82.8375278, 40.0100011], [-82.8375278, 40.0097489], [-82.8374912, 40.009534], [-82.8373814, 40.0094593], [-82.837296, 40.0093472], [-82.8372595, 40.0091604], [-82.837296, 40.0089081], [-82.8373448, 40.0087213], [-82.8374546, 40.0087026], [-82.8375278, 40.0088241], [-82.8375766, 40.0089922], [-82.8376619, 40.0091417], [-82.8376741, 40.0093472], [-82.8375888, 40.009478], [-82.8376619, 40.0096461], [-82.837601, 40.0098143], [-82.8377473, 40.0098703], [-82.8378571, 40.0098143], [-82.8379425, 40.0098797], [-82.8378205, 40.0100291], [-82.8378205, 40.010188], [-82.8379303, 40.0104589], [-82.8381376, 40.0107017], [-82.8381376, 40.0108886], [-82.8380766, 40.0110007], [-82.83804, 40.011337], [-82.8381742, 40.0115425], [-82.8381864, 40.01172], [-82.8380156, 40.0118227], [-82.8371375, 40.0119068]]]}, "properties": {"name": "Unnamed water", "tier": "HIDDEN GEM", "score": 100, "wtype": "pond", "acres": 2.03, "access": "PUBLIC", "owner": "STATE OF OHIO", "owner_addr": "TAYLOR STATION RD", "species": ["Largemouth bass", "Bluegill", "Black crappie", "Channel catfish"], "bass": "PRIME", "easy_access": false, "public_shore_m": 908, "nearest_park_m": 291, "osm_id": 551466672, "lat": 40.010477, "lon": -82.837712}}, {"type": "Feature", "geometry": {"type": "Polygon", "coordinates": [[[-82.8397597, 40.0067315], [-82.8394914, 40.006909], [-82.8395036, 40.0071892], [-82.8393938, 40.0073574], [-82.838967, 40.0073761], [-82.8386742, 40.0074695], [-82.8384059, 40.0075723], [-82.8380522, 40.0074602], [-82.837979, 40.0075255], [-82.8381864, 40.007703], [-82.8383083, 40.0079179], [-82.8386864, 40.008002], [-82.8393694, 40.0078151], [-82.8398817, 40.0073854], [-82.840145, 40.007201], [-82.8403352, 40.0069418], [-82.840211, 40.0067688], [-82.8399061, 40.0067034], [-82.8397597, 40.0067315]]]}, "properties": {"name": "Unnamed water", "tier": "HIDDEN GEM", "score": 100, "wtype": "pond", "acres": 2.64, "access": "PUBLIC", "owner": "STATE OF OHIO DEPT OF NATURAL RESOURCES", "owner_addr": "KASONS WY", "species": ["Largemouth bass", "Bluegill", "Black crappie", "Channel catfish"], "bass": "PRIME", "easy_access": false, "public_shore_m": 552, "nearest_park_m": 406, "osm_id": 551466673, "lat": 40.007418, "lon": -82.839274}}, {"type": "Feature", "geometry": {"type": "Polygon", "coordinates": [[[-82.8346997, 40.0088841], [-82.8350859, 40.0089827], [-82.8351503, 40.0092662], [-82.8350537, 40.0095128], [-82.8351342, 40.0097346], [-82.8354721, 40.009784], [-82.8357457, 40.0099688], [-82.8357296, 40.010277], [-82.8357135, 40.0105975], [-82.8353434, 40.0105359], [-82.8351181, 40.0103386], [-82.8347962, 40.0102524], [-82.8343295, 40.0100428], [-82.8342812, 40.0096114], [-82.8343456, 40.009106], [-82.8346997, 40.0088841]]]}, "properties": {"name": "Unnamed water", "tier": "HIDDEN GEM", "score": 100, "wtype": "pond", "acres": 3.34, "access": "PUBLIC", "owner": "STATE OF OHIO", "owner_addr": "TAYLOR STATION RD", "species": ["Largemouth bass", "Bluegill", "Black crappie", "Channel catfish"], "bass": "PRIME", "easy_access": true, "public_shore_m": 531, "nearest_park_m": 217, "osm_id": 551466674, "lat": 40.009766, "lon": -82.834946}}, {"type": "Feature", "geometry": {"type": "Polygon", "coordinates": [[[-82.8422956, 40.0990823], [-82.8422393, 40.0990413], [-82.8422205, 40.0989961], [-82.8422285, 40.0988238], [-82.8422393, 40.098672], [-82.8422366, 40.0986042], [-82.8421883, 40.0986104], [-82.8421427, 40.0986658], [-82.8420462, 40.098752], [-82.8419255, 40.0988074], [-82.841845, 40.0988628], [-82.8418208, 40.0989243], [-82.841853, 40.0989797], [-82.8421561, 40.0990659], [-82.8422688, 40.0990987], [-82.8422956, 40.0990823]]]}, "properties": {"name": "Unnamed water", "tier": "HIDDEN GEM", "score": 100, "wtype": "pond", "acres": 0.27, "access": "PUBLIC", "owner": "CITY OF COLUMBUS OHIO", "owner_addr": "WARNER RD", "species": ["Largemouth bass", "Bluegill"], "bass": "GOOD", "easy_access": false, "public_shore_m": 138, "nearest_park_m": 622, "osm_id": 551642003, "lat": 40.098878, "lon": -82.84208}}, {"type": "Feature", "geometry": {"type": "Polygon", "coordinates": [[[-82.8123549, 40.0732226], [-82.8123187, 40.0732657], [-82.8122342, 40.0732811], [-82.8121054, 40.0732257], [-82.8120129, 40.0731641], [-82.8120008, 40.0731118], [-82.8120249, 40.073044], [-82.8120893, 40.0729178], [-82.8121094, 40.0727669], [-82.8120692, 40.0725914], [-82.8120974, 40.0725298], [-82.812206, 40.0724621], [-82.8123589, 40.0724128], [-82.8124072, 40.0724251], [-82.8124233, 40.0724867], [-82.8124032, 40.0726283], [-82.8124314, 40.0727392], [-82.8124354, 40.0728654], [-82.8123911, 40.0730255], [-82.8123549, 40.0732226]]]}, "properties": {"name": "Unnamed water", "tier": "HIDDEN GEM", "score": 100, "wtype": "pond", "acres": 0.62, "access": "PUBLIC", "owner": "VILLAGE OF NEW ALBANY OHIO", "owner_addr": "ANTMON ROUND", "species": ["Largemouth bass", "Bluegill", "Black crappie", "Channel catfish"], "bass": "PRIME", "easy_access": false, "public_shore_m": 229, "nearest_park_m": 558, "osm_id": 554050982, "lat": 40.072856, "lon": -82.812242}}, {"type": "Feature", "geometry": {"type": "Polygon", "coordinates": [[[-82.8675918, 40.0287109], [-82.8676198, 40.0287503], [-82.8676105, 40.028795], [-82.8675895, 40.0289165], [-82.8675568, 40.0290739], [-82.8675544, 40.0292616], [-82.8675988, 40.0293564], [-82.8676362, 40.0294225], [-82.8676478, 40.0295244], [-82.8676408, 40.0296013], [-82.8676058, 40.0296371], [-82.8675684, 40.0296496], [-82.8675334, 40.0296407], [-82.8674143, 40.0295387], [-82.8673163, 40.0294368], [-82.8672999, 40.0293671], [-82.8672999, 40.0292866], [-82.8672999, 40.0291686], [-82.8672789, 40.0290614], [-82.8672275, 40.0289863], [-82.8671271, 40.0289308], [-82.8669847, 40.0289112], [-82.8668142, 40.0289076], [-82.8667442, 40.0288754], [-82.8667162, 40.0288343], [-82.8667348, 40.0287842], [-82.8668236, 40.028752], [-82.8669707, 40.0287377], [-82.8672182, 40.0287449], [-82.8673653, 40.028752], [-82.8674634, 40.0287646], [-82.8675358, 40.0287145], [-82.8675918, 40.0287109]]]}, "properties": {"name": "Unnamed water", "tier": "HIDDEN GEM", "score": 100, "wtype": "pond", "acres": 0.82, "access": "PUBLIC", "owner": "CITY OF GAHANNA OHIO", "owner_addr": "N HAMILTONT RD", "species": ["Largemouth bass", "Bluegill", "Black crappie", "Channel catfish"], "bass": "PRIME", "easy_access": false, "public_shore_m": 325, "nearest_park_m": 299, "osm_id": 554612705, "lat": 40.029069, "lon": -82.867335}}, {"type": "Feature", "geometry": {"type": "Polygon", "coordinates": [[[-82.8469904, 40.0856605], [-82.8469479, 40.0857417], [-82.8468099, 40.0857932], [-82.8466258, 40.0858555], [-82.8464383, 40.085823], [-82.8463639, 40.0857742], [-82.8463427, 40.0857174], [-82.8463392, 40.0856199], [-82.8463569, 40.0855441], [-82.8462896, 40.0854331], [-82.8462436, 40.0853166], [-82.8461481, 40.0851081], [-82.846049, 40.0850567], [-82.8459782, 40.0849998], [-82.8459676, 40.0849375], [-82.8460242, 40.0848482], [-82.8460914, 40.0847615], [-82.8461233, 40.0847155], [-82.846095, 40.0846586], [-82.8460454, 40.0846234], [-82.8459923, 40.0845097], [-82.8459605, 40.0843364], [-82.845918, 40.0841171], [-82.8459392, 40.0839898], [-82.8459711, 40.0838923], [-82.8460631, 40.08383], [-82.8462047, 40.0838382], [-82.8463073, 40.0839356], [-82.8466117, 40.084813], [-82.846778, 40.0851704], [-82.8468524, 40.0853193], [-82.8468311, 40.0853762], [-82.8469904, 40.0856605]]]}, "properties": {"name": "Unnamed water", "tier": "HIDDEN GEM", "score": 100, "wtype": "pond", "acres": 2.47, "access": "PUBLIC", "owner": "CITY OF COLUMBUS OHIO", "owner_addr": "DUBLIN GRANVILLE RD", "species": ["Largemouth bass", "Bluegill", "Black crappie", "Channel catfish"], "bass": "PRIME", "easy_access": false, "public_shore_m": 530, "nearest_park_m": 531, "osm_id": 554790119, "lat": 40.084911, "lon": -82.846388}}, {"type": "Feature", "geometry": {"type": "Polygon", "coordinates": [[[-82.8515453, 40.085491], [-82.8517948, 40.0854793], [-82.8520444, 40.0854793], [-82.8522878, 40.0855075], [-82.8524419, 40.0855382], [-82.8524973, 40.0855995], [-82.8525004, 40.0856843], [-82.8524911, 40.0857692], [-82.852408, 40.0858093], [-82.852371, 40.0858706], [-82.852408, 40.0859248], [-82.8524388, 40.0859766], [-82.8524542, 40.0860591], [-82.852408, 40.0861841], [-82.8523309, 40.0862572], [-82.852257, 40.0862902], [-82.8521553, 40.0862902], [-82.8520999, 40.0862737], [-82.8520814, 40.0862124], [-82.8521122, 40.0861699], [-82.8521307, 40.0861039], [-82.8521122, 40.0860261], [-82.8520937, 40.0859484], [-82.8520382, 40.0858988], [-82.8519797, 40.0858706], [-82.8518873, 40.0858305], [-82.8517948, 40.0857998], [-82.8517301, 40.0857503], [-82.8516469, 40.0857079], [-82.851573, 40.0856726], [-82.8515175, 40.0856183], [-82.8515021, 40.085517], [-82.8515453, 40.085491]]]}, "properties": {"name": "Unnamed water", "tier": "HIDDEN GEM", "score": 100, "wtype": "pond", "acres": 1.02, "access": "PUBLIC", "owner": "CITY OF COLUMBUS OHIO", "owner_addr": "N HAMILTON RD", "species": ["Largemouth bass", "Bluegill", "Black crappie", "Channel catfish"], "bass": "PRIME", "easy_access": false, "public_shore_m": 213, "nearest_park_m": 597, "osm_id": 554790125, "lat": 40.08578, "lon": -82.8521}}, {"type": "Feature", "geometry": {"type": "Polygon", "coordinates": [[[-83.0136618, 39.9116544], [-83.0137644, 39.9116789], [-83.0138671, 39.9117033], [-83.0139184, 39.9117399], [-83.013929, 39.911782], [-83.0138865, 39.9118987], [-83.0138547, 39.9119164], [-83.0137821, 39.9119137], [-83.0128301, 39.9117562], [-83.0127929, 39.9117359], [-83.0127858, 39.9117019], [-83.012823, 39.9115513], [-83.0128513, 39.9115363], [-83.0129469, 39.9115458], [-83.0136618, 39.9116544]]]}, "properties": {"name": "Unnamed water", "tier": "HIDDEN GEM", "score": 100, "wtype": "pond", "acres": 0.6, "access": "PUBLIC", "owner": "CITY OF COLUMBUS", "owner_addr": "2460 JACKSON PI", "species": ["Largemouth bass", "Bluegill", "Black crappie", "Channel catfish"], "bass": "PRIME", "easy_access": false, "public_shore_m": 234, "nearest_park_m": 763, "osm_id": 555421906, "lat": 39.911727, "lon": -83.013356}}, {"type": "Feature", "geometry": {"type": "Polygon", "coordinates": [[[-82.9054774, 39.8994864], [-82.905573, 39.8994782], [-82.905642, 39.8995122], [-82.9056827, 39.8996588], [-82.9056544, 39.8998244], [-82.9056438, 39.8999832], [-82.9056951, 39.9001516], [-82.9056827, 39.9002439], [-82.9055995, 39.9004855], [-82.9055164, 39.9006199], [-82.90535, 39.9006607], [-82.9052067, 39.9006593], [-82.9049696, 39.9006335], [-82.9048333, 39.9006389], [-82.9047324, 39.9006892], [-82.9046068, 39.9006851], [-82.9044723, 39.9006281], [-82.904467, 39.9005833], [-82.9045484, 39.9004394], [-82.9046086, 39.9003199], [-82.9047554, 39.9002575], [-82.904989, 39.8999588], [-82.905104, 39.8998366], [-82.9051837, 39.8998285], [-82.9053129, 39.8997253], [-82.9053288, 39.8996248], [-82.9054774, 39.8994864]]]}, "properties": {"name": "Unnamed water", "tier": "HIDDEN GEM", "score": 100, "wtype": "pond", "acres": 1.99, "access": "PUBLIC", "owner": "CITY OF COLUMBUS", "owner_addr": "3091 WATKINS RD", "species": ["Largemouth bass", "Bluegill", "Black crappie", "Channel catfish"], "bass": "PRIME", "easy_access": false, "public_shore_m": 396, "nearest_park_m": 327, "osm_id": 555424043, "lat": 39.900206, "lon": -82.905208}}, {"type": "Feature", "geometry": {"type": "Polygon", "coordinates": [[[-82.9565996, 40.0077343], [-82.9561222, 40.007722], [-82.9560041, 40.0076932], [-82.955811, 40.0076357], [-82.9553443, 40.0076192], [-82.9550278, 40.0077014], [-82.9549259, 40.0077918], [-82.9548776, 40.0079028], [-82.9548991, 40.0080178], [-82.9549688, 40.0080466], [-82.9555374, 40.0080753], [-82.9557252, 40.0080342], [-82.9559237, 40.0080301], [-82.9565191, 40.0080589], [-82.9566479, 40.0080301], [-82.9566908, 40.0079849], [-82.9566854, 40.007874], [-82.9566586, 40.0077918], [-82.9565996, 40.0077343]]]}, "properties": {"name": "Unnamed water", "tier": "HIDDEN GEM", "score": 100, "wtype": "pond", "acres": 1.52, "access": "PUBLIC", "owner": "CITY OF COLUMBUS OHIO DEPT OF FINANCE AND MGMT", "owner_addr": "HIDDENSPRING DR", "species": ["Largemouth bass", "Bluegill", "Black crappie", "Channel catfish"], "bass": "PRIME", "easy_access": true, "public_shore_m": 364, "nearest_park_m": 223, "osm_id": 555899199, "lat": 40.007864, "lon": -82.95575}}, {"type": "Feature", "geometry": {"type": "Polygon", "coordinates": [[[-82.8701465, 39.9142095], [-82.870012, 39.9142584], [-82.8698474, 39.9142218], [-82.8693785, 39.9140494], [-82.8693519, 39.9139415], [-82.8694953, 39.9126228], [-82.8695979, 39.9125808], [-82.869782, 39.9126161], [-82.8698457, 39.9126785], [-82.8699005, 39.9127681], [-82.8701465, 39.9142095]]]}, "properties": {"name": "Unnamed water", "tier": "HIDDEN GEM", "score": 100, "wtype": "pond", "acres": 2.16, "access": "PUBLIC", "owner": "CITY OF COLUMBUS OHIO", "owner_addr": "4701 REFUGEE RD", "species": ["Largemouth bass", "Bluegill", "Black crappie", "Channel catfish"], "bass": "PRIME", "easy_access": false, "public_shore_m": 438, "nearest_park_m": 334, "osm_id": 556403470, "lat": 39.913488, "lon": -82.869725}}, {"type": "Feature", "geometry": {"type": "Polygon", "coordinates": [[[-82.812813, 40.0754765], [-82.8128191, 40.0755068], [-82.8128191, 40.0755628], [-82.8128191, 40.0756095], [-82.8128252, 40.0756491], [-82.8128984, 40.0756841], [-82.813063, 40.0757075], [-82.8131636, 40.0757215], [-82.8131972, 40.0757471], [-82.8132002, 40.0758031], [-82.8131789, 40.0758591], [-82.8131362, 40.0758965], [-82.8130783, 40.0759128], [-82.8129563, 40.0758895], [-82.8128679, 40.0758778], [-82.8127673, 40.0758801], [-82.8126758, 40.0758708], [-82.8126331, 40.0758428], [-82.8126057, 40.0757915], [-82.8126087, 40.0757355], [-82.81263, 40.0756818], [-82.8126636, 40.0755675], [-82.812691, 40.0754788], [-82.8127154, 40.0754648], [-82.8127795, 40.0754648], [-82.812813, 40.0754765]]]}, "properties": {"name": "Unnamed water", "tier": "HIDDEN GEM", "score": 100, "wtype": "pond", "acres": 0.34, "access": "PUBLIC", "owner": "CITY OF NEW ALBANY", "owner_addr": "STRAITS LANE", "species": ["Largemouth bass", "Bluegill"], "bass": "GOOD", "easy_access": false, "public_shore_m": 170, "nearest_park_m": 333, "osm_id": 556887618, "lat": 40.075739, "lon": -82.812863}}, {"type": "Feature", "geometry": {"type": "Polygon", "coordinates": [[[-82.84968, 40.0847605], [-82.8496072, 40.0847048], [-82.8494582, 40.0847681], [-82.8493953, 40.0848201], [-82.8493224, 40.0848441], [-82.8492678, 40.0848606], [-82.849243, 40.0848885], [-82.849195, 40.0849024], [-82.8492215, 40.0849986], [-82.8492148, 40.0850544], [-82.8492397, 40.0850848], [-82.8493191, 40.0850924], [-82.8493903, 40.0850569], [-82.8494381, 40.0850367], [-82.8494964, 40.0850274], [-82.8495596, 40.0850253], [-82.8496561, 40.0849922], [-82.8497405, 40.0849694], [-82.8498869, 40.0849113], [-82.8500492, 40.0848137], [-82.8501286, 40.0847555], [-82.8501651, 40.0846921], [-82.8501137, 40.0846731], [-82.8500426, 40.0847251], [-82.8499614, 40.084701], [-82.84993, 40.0847175], [-82.8499465, 40.0847529], [-82.8499184, 40.0848036], [-82.8498787, 40.0848327], [-82.8497727, 40.0848581], [-82.8497148, 40.0848581], [-82.8496833, 40.0848416], [-82.8496684, 40.0848277], [-82.84968, 40.0847605]]]}, "properties": {"name": "Unnamed water", "tier": "HIDDEN GEM", "score": 100, "wtype": "pond", "acres": 0.39, "access": "PUBLIC_BANK", "owner": "THE STATE OF OHIO FBO THE OHIO STATE UNIVERSITY", "owner_addr": "6100 N HAMILTON RD", "species": ["Largemouth bass", "Bluegill"], "bass": "GOOD", "easy_access": false, "public_shore_m": 67, "nearest_park_m": 457, "osm_id": 562702529, "lat": 40.084888, "lon": -82.849591}}, {"type": "Feature", "geometry": {"type": "Polygon", "coordinates": [[[-82.945157, 40.1260973], [-82.9453341, 40.1260624], [-82.9455004, 40.1261219], [-82.9456425, 40.1262265], [-82.9459215, 40.1263926], [-82.9460448, 40.1264685], [-82.9461387, 40.1264623], [-82.9462165, 40.1265136], [-82.9462782, 40.1266592], [-82.9465116, 40.1277503], [-82.9464338, 40.1278815], [-82.9462165, 40.1279943], [-82.945849, 40.128144], [-82.9456962, 40.1281974], [-82.9455513, 40.1281502], [-82.9451409, 40.1263495], [-82.9451141, 40.1261629], [-82.945157, 40.1260973]]]}, "properties": {"name": "Unnamed water", "tier": "HIDDEN GEM", "score": 100, "wtype": "pond", "acres": 4.42, "access": "PUBLIC", "owner": "CITY OF WESTERVILLE", "owner_addr": "310 W MAIN ST", "species": ["Largemouth bass", "Bluegill", "Black crappie", "Channel catfish"], "bass": "PRIME", "easy_access": true, "public_shore_m": 582, "nearest_park_m": 143, "osm_id": 572439576, "lat": 40.127144, "lon": -82.945806}}, {"type": "Feature", "geometry": {"type": "Polygon", "coordinates": [[[-82.9451865, 40.1282814], [-82.9450712, 40.1282937], [-82.9450202, 40.1282507], [-82.9449505, 40.1280251], [-82.9447815, 40.1273073], [-82.9448057, 40.1272191], [-82.9449022, 40.1271945], [-82.9449907, 40.1272253], [-82.9450551, 40.1274242], [-82.945216, 40.1282281], [-82.9451865, 40.1282814]]]}, "properties": {"name": "Unnamed water", "tier": "HIDDEN GEM", "score": 100, "wtype": "pond", "acres": 0.57, "access": "PUBLIC", "owner": "CITY OF WESTERVILLE", "owner_addr": "310 W MAIN ST", "species": ["Largemouth bass", "Bluegill", "Black crappie", "Channel catfish"], "bass": "PRIME", "easy_access": true, "public_shore_m": 270, "nearest_park_m": 210, "osm_id": 572439577, "lat": 40.127735, "lon": -82.945}}, {"type": "Feature", "geometry": {"type": "Polygon", "coordinates": [[[-82.9448566, 40.1283204], [-82.944339, 40.1283696], [-82.9442612, 40.1283327], [-82.9441888, 40.128222], [-82.9440037, 40.1273278], [-82.9440493, 40.1272499], [-82.9441512, 40.1272294], [-82.9445804, 40.1271781], [-82.944626, 40.1271883], [-82.9446716, 40.1272417], [-82.9447091, 40.1273914], [-82.9448727, 40.1282978], [-82.9448566, 40.1283204]]]}, "properties": {"name": "Unnamed water", "tier": "HIDDEN GEM", "score": 100, "wtype": "pond", "acres": 1.79, "access": "PUBLIC", "owner": "CITY OF WESTERVILLE", "owner_addr": "310 W MAIN ST", "species": ["Largemouth bass", "Bluegill", "Black crappie", "Channel catfish"], "bass": "PRIME", "easy_access": true, "public_shore_m": 355, "nearest_park_m": 222, "osm_id": 572439578, "lat": 40.127774, "lon": -82.944441}}, {"type": "Feature", "geometry": {"type": "Polygon", "coordinates": [[[-82.9440949, 40.1282999], [-82.9440305, 40.1282999], [-82.9438937, 40.1282384], [-82.9436711, 40.1280948], [-82.9435745, 40.1280148], [-82.9431642, 40.1277933], [-82.943073, 40.127699], [-82.9430703, 40.1275862], [-82.9430998, 40.1274467], [-82.9432473, 40.1273709], [-82.9435182, 40.1273339], [-82.9437811, 40.1273052], [-82.9438696, 40.1273216], [-82.9439259, 40.1274262], [-82.9441002, 40.1282425], [-82.9440949, 40.1282999]]]}, "properties": {"name": "Unnamed water", "tier": "HIDDEN GEM", "score": 100, "wtype": "pond", "acres": 1.44, "access": "PUBLIC", "owner": "CITY OF WESTERVILLE", "owner_addr": "310 W MAIN ST", "species": ["Largemouth bass", "Bluegill", "Black crappie", "Channel catfish"], "bass": "PRIME", "easy_access": true, "public_shore_m": 320, "nearest_park_m": 210, "osm_id": 572439579, "lat": 40.127727, "lon": -82.943625}}, {"type": "Feature", "geometry": {"type": "Polygon", "coordinates": [[[-83.0801716, 39.8688671], [-83.0797325, 39.8688141], [-83.0792853, 39.8688203], [-83.079078, 39.8688203], [-83.0789438, 39.8688577], [-83.0788463, 39.8687704], [-83.0788463, 39.8682524], [-83.0788747, 39.8678374], [-83.0789398, 39.8677251], [-83.0790252, 39.8677188], [-83.0791105, 39.8677407], [-83.0793545, 39.8681245], [-83.0795903, 39.8684334], [-83.0797122, 39.8685239], [-83.0798952, 39.8686331], [-83.0800984, 39.8687579], [-83.0801838, 39.8688234], [-83.0801716, 39.8688671]]]}, "properties": {"name": "Unnamed water", "tier": "HIDDEN GEM", "score": 100, "wtype": "pond", "acres": 1.75, "access": "PUBLIC", "owner": "CITY OF GROVE CITY", "owner_addr": "WYNRIDGE DR", "species": ["Largemouth bass", "Bluegill", "Black crappie", "Channel catfish"], "bass": "PRIME", "easy_access": false, "public_shore_m": 410, "nearest_park_m": 479, "osm_id": 583248623, "lat": 39.868426, "lon": -83.079271}}, {"type": "Feature", "geometry": {"type": "Polygon", "coordinates": [[[-82.8447042, 40.0794962], [-82.844544, 40.0795033], [-82.8443807, 40.0795151], [-82.8442482, 40.0795504], [-82.8441712, 40.0796094], [-82.8441342, 40.0797225], [-82.8441928, 40.0798876], [-82.8442605, 40.0800667], [-82.8443129, 40.0801257], [-82.8443745, 40.0800997], [-82.8444238, 40.080029], [-82.8444947, 40.0799819], [-82.8445502, 40.0800361], [-82.8446056, 40.0800526], [-82.844698, 40.0800738], [-82.8447627, 40.0800549], [-82.8447782, 40.0799489], [-82.8447473, 40.0799229], [-82.8448213, 40.0798734], [-82.8447504, 40.0798074], [-82.8447812, 40.0797673], [-82.8447412, 40.0797461], [-82.8447627, 40.0796801], [-82.844698, 40.079574], [-82.844735, 40.0795387], [-82.8447042, 40.0794962]]]}, "properties": {"name": "Unnamed water", "tier": "HIDDEN GEM", "score": 100, "wtype": "pond", "acres": 0.72, "access": "PUBLIC", "owner": "CITY OF COLUMBUS OHIO", "owner_addr": "DUBLIN GRANVILLE RD", "species": ["Largemouth bass", "Bluegill", "Black crappie", "Channel catfish"], "bass": "PRIME", "easy_access": false, "public_shore_m": 233, "nearest_park_m": 445, "osm_id": 588323683, "lat": 40.079788, "lon": -82.844474}}, {"type": "Feature", "geometry": {"type": "Polygon", "coordinates": [[[-82.8455977, 40.080161], [-82.8455515, 40.080095], [-82.8454776, 40.0800927], [-82.8453512, 40.0800974], [-82.8452834, 40.0801233], [-82.8452496, 40.080161], [-82.8452865, 40.0802813], [-82.8453697, 40.0805076], [-82.8454375, 40.0806844], [-82.8454714, 40.0808376], [-82.8454683, 40.081071], [-82.845496, 40.0812761], [-82.8455207, 40.0813798], [-82.8454991, 40.0814411], [-82.8455114, 40.0816368], [-82.8455207, 40.0817523], [-82.8455731, 40.0819833], [-82.8456778, 40.0824124], [-82.8457826, 40.0826952], [-82.8458719, 40.0828862], [-82.8459705, 40.0829993], [-82.846026, 40.0830347], [-82.8460784, 40.0830465], [-82.8461092, 40.0830276], [-82.8461184, 40.0829687], [-82.8459305, 40.081889], [-82.8459027, 40.0815283], [-82.845835, 40.0813232], [-82.8456871, 40.0806797], [-82.8456039, 40.0803826], [-82.8456162, 40.0802765], [-82.8455977, 40.080161]]]}, "properties": {"name": "Unnamed water", "tier": "HIDDEN GEM", "score": 100, "wtype": "pond", "acres": 2.17, "access": "PUBLIC", "owner": "CITY OF COLUMBUS OHIO", "owner_addr": "DUBLIN GRANVILLE RD", "species": ["Largemouth bass", "Bluegill", "Black crappie", "Channel catfish"], "bass": "PRIME", "easy_access": false, "public_shore_m": 676, "nearest_park_m": 337, "osm_id": 588323685, "lat": 40.081567, "lon": -82.845705}}, {"type": "Feature", "geometry": {"type": "Polygon", "coordinates": [[[-83.0622534, 39.8915475], [-83.0621836, 39.8915578], [-83.0621058, 39.891531], [-83.0620227, 39.8913499], [-83.0619798, 39.8911771], [-83.0619798, 39.8910166], [-83.0620066, 39.890891], [-83.0620897, 39.8907037], [-83.0621568, 39.890677], [-83.0622453, 39.8906708], [-83.0623151, 39.8907017], [-83.0623338, 39.8907675], [-83.0622936, 39.8915146], [-83.0622534, 39.8915475]]]}, "properties": {"name": "Unnamed water", "tier": "HIDDEN GEM", "score": 100, "wtype": "pond", "acres": 0.59, "access": "PUBLIC", "owner": "CITY OF GROVE CITY OHIO", "owner_addr": "GANTZ RD", "species": ["Largemouth bass", "Bluegill", "Black crappie", "Channel catfish"], "bass": "PRIME", "easy_access": true, "public_shore_m": 225, "nearest_park_m": 227, "osm_id": 608370321, "lat": 39.8911, "lon": -83.062166}}, {"type": "Feature", "geometry": {"type": "Polygon", "coordinates": [[[-82.9414371, 40.077507], [-82.9415202, 40.0774311], [-82.9415311, 40.0773833], [-82.9414612, 40.0773716], [-82.9406083, 40.0773428], [-82.9405332, 40.0773634], [-82.9404795, 40.0774393], [-82.9404849, 40.0775132], [-82.9411179, 40.0787487], [-82.9413647, 40.0789293], [-82.9415256, 40.0789991], [-82.9416114, 40.0789868], [-82.9416168, 40.0789252], [-82.9414773, 40.0787405], [-82.9411984, 40.0780673], [-82.9410911, 40.0777431], [-82.9411233, 40.0776774], [-82.9414371, 40.077507]]]}, "properties": {"name": "Unnamed water", "tier": "HIDDEN GEM", "score": 100, "wtype": "pond", "acres": 1.87, "access": "PUBLIC", "owner": "VILLAGE OF MINERVA PARK", "owner_addr": "MINERVA PK", "species": ["Largemouth bass", "Bluegill", "Black crappie", "Channel catfish"], "bass": "PRIME", "easy_access": false, "public_shore_m": 395, "nearest_park_m": 679, "osm_id": 617636409, "lat": 40.078003, "lon": -82.94104}}, {"type": "Feature", "geometry": {"type": "Polygon", "coordinates": [[[-82.8927631, 40.0352329], [-82.8928083, 40.0353431], [-82.8928738, 40.0355219], [-82.8929039, 40.0356764], [-82.892895, 40.0358417], [-82.8929109, 40.0359474], [-82.8929587, 40.0360287], [-82.8931764, 40.0362427], [-82.893456, 40.0364744], [-82.8937533, 40.0367318], [-82.8940683, 40.0369229], [-82.8943089, 40.0370909], [-82.8945071, 40.0372629], [-82.8945549, 40.0373347], [-82.8945956, 40.0374215], [-82.8945832, 40.037496], [-82.8945319, 40.0375475], [-82.8944292, 40.0375813], [-82.8943142, 40.0375976], [-82.8942134, 40.0375881], [-82.8940647, 40.0375691], [-82.8939426, 40.0375244], [-82.8938223, 40.0374662], [-82.8936559, 40.03737], [-82.8935232, 40.0372738], [-82.8933763, 40.0371938], [-82.8932613, 40.037099], [-82.8931587, 40.037015], [-82.893056, 40.0369703], [-82.8928773, 40.0369215], [-82.8927534, 40.0368971], [-82.8925588, 40.0368185], [-82.8923889, 40.0367413], [-82.892304, 40.0366871], [-82.8922473, 40.0365828], [-82.8921836, 40.0364568], [-82.89215, 40.0363728], [-82.89215, 40.0362427], [-82.8921836, 40.0360219], [-82.8922173, 40.0357631], [-82.8922367, 40.0356737], [-82.8922243, 40.0356154], [-82.8921868, 40.0355634], [-82.8920834, 40.0354651], [-82.8920578, 40.0354182], [-82.8920751, 40.0353389], [-82.8921556, 40.0352073], [-82.8922121, 40.0351491], [-82.8922903, 40.035105], [-82.8924203, 40.035083], [-82.8925392, 40.0351025], [-82.8926284, 40.0351348], [-82.8927631, 40.0352329]]]}, "properties": {"name": "Unnamed water", "tier": "HIDDEN GEM", "score": 100, "wtype": "pond", "acres": 5.38, "access": "PUBLIC_BANK", "owner": "CITY OF GAHANNA", "owner_addr": "WARING WY", "species": ["Largemouth bass", "Bluegill", "Black crappie", "Channel catfish"], "bass": "PRIME", "easy_access": false, "public_shore_m": 294, "nearest_park_m": 476, "osm_id": 646201826, "lat": 40.036448, "lon": -82.893068}}, {"type": "Feature", "geometry": {"type": "Polygon", "coordinates": [[[-82.8385059, 40.0571115], [-82.8385483, 40.0570994], [-82.8385961, 40.0571048], [-82.838635, 40.0571251], [-82.8386545, 40.0571522], [-82.8386439, 40.0571738], [-82.8385908, 40.0572023], [-82.8384103, 40.0573012], [-82.8382068, 40.057438], [-82.8380334, 40.0575544], [-82.8379307, 40.0576154], [-82.8378086, 40.057652], [-82.8376281, 40.0576858], [-82.8375804, 40.0576872], [-82.8375715, 40.0576709], [-82.8376954, 40.0576059], [-82.8378546, 40.0575152], [-82.837998, 40.0574434], [-82.8381183, 40.0573608], [-82.8382563, 40.057289], [-82.8383961, 40.0571955], [-82.8385059, 40.0571115]]]}, "properties": {"name": "Unnamed water", "tier": "HIDDEN GEM", "score": 100, "wtype": "pond", "acres": 0.28, "access": "PUBLIC", "owner": "CITY OF NEW ALBANY", "owner_addr": "OXFORD LP NORTH", "species": ["Largemouth bass", "Bluegill"], "bass": "GOOD", "easy_access": false, "public_shore_m": 231, "nearest_park_m": 453, "osm_id": 646659178, "lat": 40.057406, "lon": -82.838145}}, {"type": "Feature", "geometry": {"type": "Polygon", "coordinates": [[[-83.0245587, 39.9874003], [-83.0248913, 39.9875164], [-83.0250362, 39.9875051], [-83.0251432, 39.9876801], [-83.0250992, 39.9877425], [-83.0250885, 39.987909], [-83.0250549, 39.9880446], [-83.0250563, 39.9880991], [-83.0251461, 39.9882039], [-83.0252293, 39.9883703], [-83.0252601, 39.9884813], [-83.0252507, 39.9886077], [-83.0251917, 39.9888348], [-83.0251743, 39.9889334], [-83.0251756, 39.9889899], [-83.0252548, 39.9891903], [-83.0253272, 39.9893752], [-83.0253218, 39.9894194], [-83.0252843, 39.9895016], [-83.0249503, 39.9896414], [-83.0248685, 39.9896753], [-83.0248564, 39.9897184], [-83.0248779, 39.9898551], [-83.0249396, 39.9899321], [-83.0249436, 39.9900092], [-83.0248846, 39.9902239], [-83.0248471, 39.9902866], [-83.0248484, 39.990301], [-83.0249248, 39.9903185], [-83.0249919, 39.9903534], [-83.0250375, 39.9904109], [-83.0250455, 39.9904695], [-83.0250482, 39.9905353], [-83.0250147, 39.990562], [-83.0248712, 39.9906051], [-83.0247344, 39.9906123], [-83.0246902, 39.990599], [-83.0246285, 39.9905147], [-83.0246218, 39.9904449], [-83.0246311, 39.9903873], [-83.02467, 39.9903483], [-83.0247773, 39.9902733], [-83.0248256, 39.9902044], [-83.0248605, 39.9900852], [-83.0248605, 39.990039], [-83.0247773, 39.9900154], [-83.0247304, 39.9899856], [-83.0247197, 39.9899527], [-83.0247277, 39.9899198], [-83.0247411, 39.9898766], [-83.0247089, 39.9896825], [-83.0246915, 39.9896064], [-83.0247009, 39.9894821], [-83.0247264, 39.9893814], [-83.0248269, 39.9892509], [-83.0249155, 39.9890012], [-83.0249289, 39.9888902], [-83.0248216, 39.988397], [-83.0248095, 39.9881628], [-83.024835, 39.9880497], [-83.0248913, 39.987911], [-83.0249181, 39.9877333], [-83.0249047, 39.9876654], [-83.0247411, 39.9875565], [-83.0245924, 39.9875279], [-83.0245587, 39.9874003]]]}, "properties": {"name": "Unnamed water", "tier": "HIDDEN GEM", "score": 100, "wtype": "pond", "acres": 2.21, "access": "PUBLIC_BANK", "owner": "STATE OF OHIO", "owner_addr": "OLENTANGY RIVER RD", "species": ["Largemouth bass", "Bluegill", "Black crappie", "Channel catfish"], "bass": "PRIME", "easy_access": true, "public_shore_m": 555, "nearest_park_m": 165, "osm_id": 653588341, "lat": 39.988997, "lon": -83.024967}}, {"type": "Feature", "geometry": {"type": "Polygon", "coordinates": [[[-83.0229156, 40.0027238], [-83.0228556, 40.0027146], [-83.0228196, 40.0026867], [-83.0228019, 40.0026441], [-83.0228019, 40.0025897], [-83.0228041, 40.0025318], [-83.0228263, 40.0024638], [-83.0228574, 40.0023889], [-83.022884, 40.0023106], [-83.0229307, 40.0021796], [-83.022964, 40.0020877], [-83.0230151, 40.0020281], [-83.023064, 40.0019822], [-83.0231262, 40.001938], [-83.0231617, 40.0018308], [-83.0231995, 40.001761], [-83.0232461, 40.001681], [-83.023315, 40.0015874], [-83.0233594, 40.0015296], [-83.0234105, 40.0014343], [-83.0234261, 40.0013577], [-83.0234638, 40.0012846], [-83.0235038, 40.0012352], [-83.023566, 40.0011569], [-83.0236171, 40.0011042], [-83.0236571, 40.001065], [-83.0237282, 40.001014], [-83.0237704, 40.0009919], [-83.0238015, 40.0010089], [-83.0238481, 40.0009987], [-83.0238592, 40.000951], [-83.0238592, 40.0009272], [-83.0238592, 40.0008898], [-83.023857, 40.0008609], [-83.0238859, 40.0008319], [-83.0239258, 40.0007877], [-83.0239569, 40.0007519], [-83.0239632, 40.0006992], [-83.0239552, 40.0006533], [-83.0239592, 40.0005951], [-83.0240231, 40.0005185], [-83.0240751, 40.0005001], [-83.0241071, 40.0005369], [-83.0241271, 40.0006012], [-83.0241271, 40.0006869], [-83.0241111, 40.0007819], [-83.0240951, 40.0008462], [-83.0240911, 40.0009167], [-83.0240751, 40.0009871], [-83.0240311, 40.0010331], [-83.0240431, 40.0010913], [-83.0240351, 40.0011311], [-83.0239832, 40.0011525], [-83.0239432, 40.0011678], [-83.0238952, 40.0011862], [-83.0239152, 40.001226], [-83.0238992, 40.0012689], [-83.0238472, 40.0013179], [-83.0237752, 40.00137], [-83.0237113, 40.001468], [-83.0237113, 40.0015446], [-83.0236513, 40.0016487], [-83.0235993, 40.0017314], [-83.0235433, 40.0017896], [-83.0234874, 40.0018784], [-83.0234514, 40.0019856], [-83.0234034, 40.0020561], [-83.0232954, 40.0021786], [-83.0232754, 40.0022827], [-83.0232355, 40.002393], [-83.0231715, 40.0024573], [-83.0231595, 40.0025584], [-83.0231035, 40.0026472], [-83.0230515, 40.002687], [-83.0229956, 40.0026993], [-83.0229156, 40.0027238]]]}, "properties": {"name": "Unnamed water", "tier": "HIDDEN GEM", "score": 100, "wtype": "pond", "acres": 1.67, "access": "PUBLIC", "owner": "STATE OF OHIO", "owner_addr": "2121 KENNY RD", "species": ["Largemouth bass", "Bluegill", "Black crappie", "Channel catfish"], "bass": "PRIME", "easy_access": true, "public_shore_m": 576, "nearest_park_m": 127, "osm_id": 654853025, "lat": 40.001706, "lon": -83.023437}}, {"type": "Feature", "geometry": {"type": "Polygon", "coordinates": [[[-83.0216281, 40.0066052], [-83.021694, 40.0065715], [-83.021749, 40.0065631], [-83.0218076, 40.0064705], [-83.0218076, 40.0064368], [-83.0218223, 40.006347], [-83.0218516, 40.0063162], [-83.0218809, 40.0062769], [-83.0218956, 40.0062488], [-83.0219102, 40.0062067], [-83.0219102, 40.0061506], [-83.0219249, 40.0060972], [-83.0219469, 40.0060299], [-83.0219542, 40.0059738], [-83.0219542, 40.0059064], [-83.0219375, 40.005844], [-83.0218469, 40.0058182], [-83.0217852, 40.0058281], [-83.0217085, 40.0058163], [-83.0216628, 40.0058204], [-83.0216427, 40.0057896], [-83.0216408, 40.0057468], [-83.0216507, 40.0057221], [-83.0216391, 40.0056931], [-83.0215548, 40.0056931], [-83.0215035, 40.0057184], [-83.0214889, 40.0057829], [-83.0215255, 40.0058306], [-83.0214998, 40.0058783], [-83.0214925, 40.0059289], [-83.0214815, 40.0059878], [-83.0214595, 40.0060467], [-83.0214669, 40.0061085], [-83.0214595, 40.0061983], [-83.0214705, 40.0062376], [-83.0214595, 40.0062741], [-83.0214522, 40.0063105], [-83.0214522, 40.006347], [-83.0214742, 40.00642], [-83.0215035, 40.0064565], [-83.0214925, 40.0065407], [-83.0215072, 40.0065715], [-83.0215548, 40.006594], [-83.0216281, 40.0066052]]]}, "properties": {"name": "Unnamed water", "tier": "HIDDEN GEM", "score": 100, "wtype": "pond", "acres": 0.76, "access": "PUBLIC", "owner": "STATE OF OHIO", "owner_addr": "410 W WOODRUFF AVE", "species": ["Largemouth bass", "Bluegill", "Black crappie", "Channel catfish"], "bass": "PRIME", "easy_access": true, "public_shore_m": 170, "nearest_park_m": 185, "osm_id": 655209653, "lat": 40.006148, "lon": -83.021677}}, {"type": "Feature", "geometry": {"type": "Polygon", "coordinates": [[[-83.0218018, 40.0055029], [-83.0216819, 40.0055325], [-83.0215853, 40.0055414], [-83.0215543, 40.0055088], [-83.0215621, 40.0054584], [-83.0215853, 40.0054229], [-83.0216007, 40.0053755], [-83.0215969, 40.005334], [-83.0215969, 40.0052925], [-83.0216162, 40.005251], [-83.021651, 40.0052214], [-83.0216781, 40.0051948], [-83.0216703, 40.0051355], [-83.0216587, 40.0050881], [-83.021651, 40.0050229], [-83.0216742, 40.0049548], [-83.0217129, 40.0048867], [-83.0217361, 40.0048511], [-83.0217477, 40.0047889], [-83.0217477, 40.0047267], [-83.0217748, 40.0046378], [-83.0218173, 40.0045963], [-83.0218599, 40.0045726], [-83.0219295, 40.0045578], [-83.021972, 40.0045726], [-83.0220068, 40.0046141], [-83.0220223, 40.0046556], [-83.0220146, 40.004703], [-83.0220146, 40.0047445], [-83.0220146, 40.0048393], [-83.022003, 40.0049163], [-83.0219875, 40.0050052], [-83.0219604, 40.0051296], [-83.0219411, 40.0052007], [-83.0219295, 40.0052629], [-83.0219372, 40.0053192], [-83.0219217, 40.0053577], [-83.0218521, 40.0053873], [-83.0218173, 40.005411], [-83.0218134, 40.0054614], [-83.0218018, 40.0055029]]]}, "properties": {"name": "Unnamed water", "tier": "HIDDEN GEM", "score": 100, "wtype": "pond", "acres": 0.63, "access": "PUBLIC", "owner": "STATE OF OHIO", "owner_addr": "410 W WOODRUFF AVE", "species": ["Largemouth bass", "Bluegill", "Black crappie", "Channel catfish"], "bass": "PRIME", "easy_access": true, "public_shore_m": 256, "nearest_park_m": 132, "osm_id": 655209654, "lat": 40.005059, "lon": -83.021813}}, {"type": "Feature", "geometry": {"type": "Polygon", "coordinates": [[[-82.9324497, 40.0486758], [-82.9323878, 40.0486468], [-82.9323431, 40.0486073], [-82.9323224, 40.0485731], [-82.9323173, 40.0485231], [-82.9323345, 40.0484809], [-82.9323671, 40.0484573], [-82.9324394, 40.0484322], [-82.9324978, 40.048427], [-82.9325511, 40.048402], [-82.9325872, 40.0483691], [-82.932613, 40.0483283], [-82.9326268, 40.0483059], [-82.9326302, 40.0482782], [-82.9326337, 40.0482559], [-82.9326337, 40.0482203], [-82.9326096, 40.0481953], [-82.932589, 40.0481808], [-82.9325339, 40.0481703], [-82.9324824, 40.0481703], [-82.9324583, 40.0481519], [-82.9324308, 40.0481256], [-82.9324136, 40.0481032], [-82.9324239, 40.0480808], [-82.9324445, 40.0480439], [-82.9324703, 40.0480045], [-82.932466, 40.0479735], [-82.932472, 40.0479176], [-82.9324686, 40.047863], [-82.93246, 40.0477807], [-82.9324686, 40.0477287], [-82.9324798, 40.0476945], [-82.9325348, 40.0476418], [-82.9325752, 40.0476273], [-82.9326362, 40.0476115], [-82.9327325, 40.0476122], [-82.932803, 40.0476142], [-82.9328391, 40.0476431], [-82.9328667, 40.0476806], [-82.9328839, 40.0477155], [-82.9328856, 40.0477405], [-82.9328606, 40.0477662], [-82.9328108, 40.0477886], [-82.9327764, 40.0478261], [-82.9327695, 40.0478504], [-82.9327729, 40.0478899], [-82.9327721, 40.0479393], [-82.9327669, 40.0479755], [-82.9327497, 40.0480104], [-82.9327343, 40.0480446], [-82.932736, 40.0480795], [-82.9327429, 40.0481084], [-82.9327617, 40.0481341], [-82.9327794, 40.048167], [-82.9327904, 40.0482142], [-82.9327904, 40.0482539], [-82.9327816, 40.0483113], [-82.9327871, 40.048345], [-82.9328069, 40.048394], [-82.9328201, 40.0484303], [-82.9328157, 40.0484885], [-82.9327959, 40.0485332], [-82.9327926, 40.0485864], [-82.9327937, 40.0486243], [-82.9327639, 40.0486497], [-82.9327253, 40.0486598], [-82.9326526, 40.0486657], [-82.9326085, 40.0486724], [-82.932538, 40.0486767], [-82.9324939, 40.0486784], [-82.9324497, 40.0486758]]]}, "properties": {"name": "Unnamed water", "tier": "HIDDEN GEM", "score": 100, "wtype": "pond", "acres": 0.79, "access": "PUBLIC", "owner": "CITY OF COLUMBUS", "owner_addr": "3900 WESTERVILLE RD", "species": ["Largemouth bass", "Bluegill", "Black crappie", "Channel catfish"], "bass": "PRIME", "easy_access": true, "public_shore_m": 324, "nearest_park_m": 241, "osm_id": 670724132, "lat": 40.048157, "lon": -82.932622}}, {"type": "Feature", "geometry": {"type": "Polygon", "coordinates": [[[-83.1577272, 40.1209996], [-83.157573, 40.1210098], [-83.1575354, 40.1209268], [-83.1576924, 40.1201576], [-83.1581523, 40.1201812], [-83.1581738, 40.1202571], [-83.1581135, 40.1203525], [-83.1579203, 40.120532], [-83.1577031, 40.1207596], [-83.1577272, 40.1209996]]]}, "properties": {"name": "Unnamed water", "tier": "HIDDEN GEM", "score": 100, "wtype": "pond", "acres": 0.58, "access": "PUBLIC", "owner": "CITY OF DUBLIN", "owner_addr": "AVERY RD", "species": ["Largemouth bass", "Bluegill", "Black crappie", "Channel catfish"], "bass": "PRIME", "easy_access": true, "public_shore_m": 253, "nearest_park_m": 193, "osm_id": 687439784, "lat": 40.120486, "lon": -83.157802}}, {"type": "Feature", "geometry": {"type": "Polygon", "coordinates": [[[-83.1668384, 40.0158512], [-83.1668694, 40.015858], [-83.1669056, 40.0158634], [-83.1669499, 40.0158607], [-83.166987, 40.015854], [-83.1670295, 40.0158384], [-83.1670578, 40.015816], [-83.1670808, 40.0157889], [-83.1670959, 40.015751], [-83.1671003, 40.0157157], [-83.1670976, 40.0156771], [-83.1670985, 40.0156364], [-83.1670906, 40.0156026], [-83.1670808, 40.0155748], [-83.1670675, 40.0155599], [-83.1670481, 40.0155524], [-83.1670092, 40.0155504], [-83.1669791, 40.0155544], [-83.166918, 40.0155694], [-83.1668632, 40.0155822], [-83.1668056, 40.0155931], [-83.1667473, 40.0156032], [-83.1667012, 40.0156066], [-83.1666428, 40.0156087], [-83.1666048, 40.0155992], [-83.1665544, 40.0155849], [-83.1665128, 40.0155741], [-83.1664942, 40.0155741], [-83.166473, 40.0155836], [-83.166427, 40.0156148], [-83.1663686, 40.0156608], [-83.1663491, 40.0156751], [-83.1663234, 40.0156818], [-83.1662836, 40.0156927], [-83.1662571, 40.0157089], [-83.1662394, 40.015732], [-83.1662305, 40.015753], [-83.1662305, 40.0157706], [-83.1662491, 40.0157882], [-83.1662995, 40.0158221], [-83.1663597, 40.0158567], [-83.1663924, 40.0158682], [-83.1664349, 40.0158736], [-83.1664765, 40.0158709], [-83.1665314, 40.0158628], [-83.166596, 40.0158512], [-83.1666632, 40.0158451], [-83.1667172, 40.0158438], [-83.1667649, 40.0158431], [-83.1667986, 40.0158438], [-83.1668384, 40.0158512]]]}, "properties": {"name": "Unnamed water", "tier": "HIDDEN GEM", "score": 100, "wtype": "pond", "acres": 0.49, "access": "PUBLIC", "owner": "CITY OF COLUMBUS", "owner_addr": "6000 ROBERTS RD", "species": ["Largemouth bass", "Bluegill"], "bass": "GOOD", "easy_access": true, "public_shore_m": 190, "nearest_park_m": 151, "osm_id": 699150333, "lat": 40.015723, "lon": -83.166701}}, {"type": "Feature", "geometry": {"type": "Polygon", "coordinates": [[[-83.1707082, 40.0894594], [-83.1708701, 40.089445], [-83.1709311, 40.089401], [-83.1709867, 40.0893161], [-83.1710456, 40.0892228], [-83.1710492, 40.0892061], [-83.1710256, 40.0891386], [-83.1709894, 40.0890449], [-83.1709664, 40.0889804], [-83.1709873, 40.0889239], [-83.1710899, 40.0888925], [-83.1711906, 40.0888686], [-83.1713136, 40.0888537], [-83.1714221, 40.0888431], [-83.17147, 40.0887891], [-83.1715001, 40.088701], [-83.1715203, 40.0885237], [-83.1715319, 40.0883783], [-83.1715337, 40.0882846], [-83.1715112, 40.0882442], [-83.1714617, 40.0882009], [-83.1713768, 40.0881928], [-83.1712777, 40.0882063], [-83.1711963, 40.0882334], [-83.171122, 40.0882821], [-83.1710584, 40.0883362], [-83.1709593, 40.0883931], [-83.1708284, 40.0884553], [-83.1707365, 40.0884716], [-83.1706268, 40.088477], [-83.1705631, 40.0884959], [-83.1705207, 40.0885446], [-83.1704924, 40.0886015], [-83.1704358, 40.0886718], [-83.1703261, 40.0887422], [-83.1702695, 40.0887882], [-83.1702412, 40.0888478], [-83.1702129, 40.0888965], [-83.1701457, 40.0890345], [-83.1700643, 40.0891292], [-83.1699794, 40.0892537], [-83.169944, 40.0893106], [-83.1698591, 40.0894053], [-83.1698238, 40.0894865], [-83.1698025, 40.0895541], [-83.1698238, 40.0896001], [-83.1698804, 40.0896001], [-83.1699511, 40.0895541], [-83.1700113, 40.0895081], [-83.170082, 40.0894648], [-83.1701421, 40.0894459], [-83.1702129, 40.0894621], [-83.1702553, 40.0894459], [-83.1703013, 40.0894405], [-83.1703367, 40.0894594], [-83.1704075, 40.0894729], [-83.1705207, 40.0894702], [-83.1707082, 40.0894594]]]}, "properties": {"name": "Unnamed water", "tier": "HIDDEN GEM", "score": 100, "wtype": "pond", "acres": 2.68, "access": "PUBLIC", "owner": "CITY OF DUBLIN OHIO", "owner_addr": "5805 EITERMAN RD", "species": ["Largemouth bass", "Bluegill", "Black crappie", "Channel catfish"], "bass": "PRIME", "easy_access": false, "public_shore_m": 502, "nearest_park_m": 565, "osm_id": 700547596, "lat": 40.088906, "lon": -83.170746}}, {"type": "Feature", "geometry": {"type": "Polygon", "coordinates": [[[-83.1718487, 40.0943157], [-83.1719257, 40.0942945], [-83.1720304, 40.0942426], [-83.1721043, 40.0942002], [-83.1721659, 40.094179], [-83.172246, 40.0942002], [-83.1723137, 40.0942167], [-83.1723507, 40.0941838], [-83.1723507, 40.0941225], [-83.1723322, 40.0940518], [-83.1722706, 40.0940023], [-83.1721967, 40.0939859], [-83.1721074, 40.0940094], [-83.1720243, 40.0940424], [-83.1719319, 40.0940636], [-83.1718395, 40.0940518], [-83.1717224, 40.0940377], [-83.1716239, 40.094033], [-83.1714853, 40.0940377], [-83.1713775, 40.09404], [-83.171279, 40.094], [-83.1712266, 40.0939317], [-83.1711835, 40.0938021], [-83.1711342, 40.0936796], [-83.1710819, 40.0935854], [-83.1710511, 40.0935217], [-83.1710973, 40.0934534], [-83.1711804, 40.0934016], [-83.1712636, 40.093371], [-83.1713036, 40.0933238], [-83.1713067, 40.0932791], [-83.1713775, 40.0932046], [-83.1714625, 40.0931636], [-83.1716445, 40.0931076], [-83.1718385, 40.0930571], [-83.1721299, 40.0929708], [-83.1721709, 40.092938], [-83.1721826, 40.0929028], [-83.1721684, 40.0928449], [-83.1721382, 40.092833], [-83.1720529, 40.0928164], [-83.1719484, 40.0928065], [-83.1718393, 40.0928068], [-83.1717154, 40.0928229], [-83.1715828, 40.0928224], [-83.1714663, 40.0928048], [-83.1713985, 40.0927605], [-83.1713996, 40.0927078], [-83.1714141, 40.0926741], [-83.1714497, 40.092628], [-83.171459, 40.0925512], [-83.1714725, 40.0925152], [-83.1715082, 40.0924829], [-83.1715717, 40.092456], [-83.1716581, 40.092437], [-83.1717163, 40.0924114], [-83.171737, 40.0923866], [-83.1717212, 40.0923408], [-83.1716561, 40.0922824], [-83.1716368, 40.0922538], [-83.1716819, 40.0922013], [-83.1717449, 40.0921863], [-83.1717936, 40.0921815], [-83.1718539, 40.0921582], [-83.1718911, 40.0921076], [-83.1719011, 40.0920398], [-83.1718704, 40.0919688], [-83.1717994, 40.0918891], [-83.1717348, 40.0918161], [-83.1716855, 40.0917784], [-83.1716609, 40.0916935], [-83.1716485, 40.0916111], [-83.1716917, 40.0915192], [-83.1717317, 40.0914179], [-83.171781, 40.0913001], [-83.171821, 40.0912082], [-83.1718641, 40.091154], [-83.1719011, 40.0910881], [-83.1719596, 40.0910103], [-83.1719873, 40.0909349], [-83.1719657, 40.0908831], [-83.1718918, 40.0908572], [-83.1717994, 40.0908572], [-83.1717194, 40.0908925], [-83.1716639, 40.0909278], [-83.1716301, 40.0909773], [-83.1715808, 40.0910456], [-83.1715192, 40.0911069], [-83.1714514, 40.0911658], [-83.1714052, 40.0912176], [-83.1713375, 40.091253], [-83.1712944, 40.0913307], [-83.1712143, 40.0914721], [-83.1711466, 40.0915993], [-83.1711404, 40.0916865], [-83.1711804, 40.0917548], [-83.1712697, 40.091842], [-83.1713837, 40.0919174], [-83.1714792, 40.0919927], [-83.1715346, 40.0920893], [-83.1715254, 40.0921317], [-83.1714484, 40.0921906], [-83.1714052, 40.0922071], [-83.1712759, 40.0922283], [-83.1711989, 40.0922472], [-83.1711712, 40.0922825], [-83.1711342, 40.092365], [-83.1711435, 40.0924498], [-83.1711558, 40.0925205], [-83.1711435, 40.092577], [-83.1710973, 40.0926336], [-83.1710542, 40.0927066], [-83.1710388, 40.0927961], [-83.1710757, 40.092921], [-83.1711004, 40.0930246], [-83.1711127, 40.0931613], [-83.1711158, 40.0932767], [-83.1710449, 40.0933875], [-83.1709556, 40.0934699], [-83.1708879, 40.0935359], [-83.1708078, 40.0935901], [-83.1707216, 40.0936301], [-83.1707154, 40.0936867], [-83.1707893, 40.0936772], [-83.1709002, 40.0936749], [-83.1709803, 40.0936772], [-83.1710665, 40.0937432], [-83.1710788, 40.0938681], [-83.1710942, 40.0939811], [-83.1710726, 40.0940824], [-83.1709957, 40.0941602], [-83.1709618, 40.0942285], [-83.1709679, 40.0943251], [-83.1710388, 40.0943652], [-83.1712051, 40.0943722], [-83.1713313, 40.0943722], [-83.1714976, 40.0943487], [-83.171627, 40.0943204], [-83.1717532, 40.094311], [-83.1718487, 40.0943157]]]}, "properties": {"name": "Unnamed water", "tier": "HIDDEN GEM", "score": 100, "wtype": "pond", "acres": 3.88, "access": "PUBLIC", "owner": "CITY OF DUBLIN OHIO", "owner_addr": "5805 EITERMAN RD", "species": ["Largemouth bass", "Bluegill", "Black crappie", "Channel catfish"], "bass": "PRIME", "easy_access": false, "public_shore_m": 1166, "nearest_park_m": 563, "osm_id": 700547845, "lat": 40.092731, "lon": -83.171492}}, {"type": "Feature", "geometry": {"type": "Polygon", "coordinates": [[[-83.1674712, 40.0901871], [-83.1675732, 40.0901351], [-83.167655, 40.0900546], [-83.1677919, 40.0899529], [-83.1678466, 40.0899223], [-83.1679767, 40.0898996], [-83.1681453, 40.0897993], [-83.1682871, 40.0896296], [-83.1683636, 40.0894931], [-83.1684155, 40.0893331], [-83.1684223, 40.0892604], [-83.1683116, 40.0891702], [-83.1681132, 40.0890472], [-83.1679255, 40.0889446], [-83.167829, 40.0888626], [-83.1677593, 40.0886616], [-83.1677861, 40.0884975], [-83.1677861, 40.0884236], [-83.1677915, 40.0882431], [-83.167829, 40.0881447], [-83.1678236, 40.087997], [-83.1677968, 40.0878083], [-83.1677968, 40.0876688], [-83.1678022, 40.0875376], [-83.1678397, 40.0874555], [-83.1678451, 40.0873407], [-83.1677915, 40.0872791], [-83.1676896, 40.0872791], [-83.1676199, 40.0873243], [-83.167577, 40.0874104], [-83.1675609, 40.0875499], [-83.1675609, 40.0876565], [-83.1676038, 40.087714], [-83.1676574, 40.0878124], [-83.1676789, 40.0879109], [-83.1676628, 40.0880011], [-83.167636, 40.0880996], [-83.1675984, 40.0882144], [-83.1675824, 40.0883908], [-83.1675716, 40.0885262], [-83.1675716, 40.0885836], [-83.1675073, 40.0886657], [-83.1674322, 40.08876], [-83.1674269, 40.0888298], [-83.167459, 40.0889159], [-83.167459, 40.0889774], [-83.1673679, 40.0890144], [-83.1672553, 40.0890636], [-83.1671963, 40.0891538], [-83.1671909, 40.0892482], [-83.1672177, 40.0894205], [-83.1672714, 40.0895353], [-83.1673143, 40.0896625], [-83.1673143, 40.0897691], [-83.1672928, 40.0898799], [-83.1673083, 40.0900294], [-83.1673665, 40.0901567], [-83.1674712, 40.0901871]]]}, "properties": {"name": "Unnamed water", "tier": "HIDDEN GEM", "score": 100, "wtype": "pond", "acres": 3.33, "access": "PUBLIC", "owner": "CITY OF DUBLIN OHIO", "owner_addr": "5805 EITERMAN RD", "species": ["Largemouth bass", "Bluegill", "Black crappie", "Channel catfish"], "bass": "PRIME", "easy_access": false, "public_shore_m": 747, "nearest_park_m": 355, "osm_id": 700547846, "lat": 40.089131, "lon": -83.167728}}, {"type": "Feature", "geometry": {"type": "Polygon", "coordinates": [[[-83.1672975, 40.0840173], [-83.1673164, 40.0839857], [-83.1673093, 40.0839452], [-83.1672945, 40.0838838], [-83.1672938, 40.0838148], [-83.1672822, 40.0837687], [-83.1672908, 40.0837136], [-83.1673168, 40.083641], [-83.1673489, 40.0835646], [-83.1673602, 40.0835215], [-83.167346, 40.0834755], [-83.1673398, 40.0834143], [-83.1673306, 40.0833601], [-83.1673614, 40.0833082], [-83.1674476, 40.0832352], [-83.1675708, 40.0831692], [-83.1676663, 40.0831032], [-83.1677402, 40.0830208], [-83.167774, 40.0829713], [-83.1677494, 40.0829242], [-83.1677125, 40.082877], [-83.1676878, 40.0828275], [-83.1676509, 40.0827686], [-83.1675985, 40.0827262], [-83.1675554, 40.0826791], [-83.1675554, 40.0826414], [-83.1675739, 40.0826037], [-83.1676478, 40.0825801], [-83.1677864, 40.0825613], [-83.1678818, 40.0825613], [-83.1679927, 40.0825943], [-83.1680882, 40.0826461], [-83.1681528, 40.0827192], [-83.1682083, 40.0827993], [-83.1682483, 40.0828464], [-83.1682637, 40.0828888], [-83.1682637, 40.0829289], [-83.1682791, 40.0829736], [-83.1683345, 40.0830066], [-83.1684054, 40.0830349], [-83.168544, 40.083075], [-83.1686979, 40.0831456], [-83.168818, 40.0831833], [-83.1689412, 40.0832493], [-83.1690613, 40.0832988], [-83.1692061, 40.0833459], [-83.1693447, 40.0833907], [-83.1694278, 40.0834072], [-83.169511, 40.0834472], [-83.1696034, 40.0835014], [-83.1696927, 40.0835391], [-83.1698312, 40.0835863], [-83.1699113, 40.0836169], [-83.1699606, 40.083631], [-83.1700591, 40.0836381], [-83.1701823, 40.0836334], [-83.170207, 40.083598], [-83.1702008, 40.0835698], [-83.1701392, 40.0835415], [-83.1700838, 40.0834897], [-83.1699883, 40.083452], [-83.1698774, 40.0834237], [-83.169745, 40.0833718], [-83.1696588, 40.0833436], [-83.1695171, 40.083287], [-83.1693878, 40.083247], [-83.1692954, 40.0832258], [-83.1691876, 40.083148], [-83.1691045, 40.0831127], [-83.1690244, 40.0830655], [-83.1689258, 40.0830019], [-83.1688334, 40.0829312], [-83.1687164, 40.0829077], [-83.1686302, 40.0828935], [-83.1685902, 40.0828605], [-83.1685624, 40.0828158], [-83.1685255, 40.0827356], [-83.1684885, 40.0826885], [-83.16843, 40.0826367], [-83.1683469, 40.0825731], [-83.1682791, 40.0825424], [-83.1682083, 40.0825165], [-83.1681313, 40.0824859], [-83.1680481, 40.0824906], [-83.1679188, 40.0824882], [-83.1677894, 40.0825118], [-83.1676355, 40.0825236], [-83.1675708, 40.0824859], [-83.1675154, 40.082434], [-83.1674137, 40.0823893], [-83.1672905, 40.0823846], [-83.1671951, 40.0823963], [-83.1671119, 40.0824435], [-83.1670811, 40.0825094], [-83.1670996, 40.0826037], [-83.1671427, 40.082672], [-83.1672166, 40.0827663], [-83.1672721, 40.082844], [-83.1673029, 40.0829053], [-83.1672831, 40.0829319], [-83.1672124, 40.0829775], [-83.1671735, 40.0830066], [-83.1670969, 40.0830518], [-83.1670667, 40.0831115], [-83.1670719, 40.0831551], [-83.1670803, 40.0832699], [-83.1671174, 40.0833459], [-83.1671121, 40.0834149], [-83.1670745, 40.0835118], [-83.1670217, 40.0836145], [-83.1669758, 40.0837018], [-83.1669757, 40.083797], [-83.1669761, 40.0838532], [-83.1669945, 40.0839157], [-83.1670288, 40.0839632], [-83.1670989, 40.0840136], [-83.1671653, 40.0840325], [-83.1672431, 40.084039], [-83.1672975, 40.0840173]]]}, "properties": {"name": "Unnamed water", "tier": "HIDDEN GEM", "score": 100, "wtype": "pond", "acres": 2.66, "access": "PUBLIC", "owner": "CITY OF DUBLIN OHIO", "owner_addr": "5805 EITERMAN RD", "species": ["Largemouth bass", "Bluegill", "Black crappie", "Channel catfish"], "bass": "PRIME", "easy_access": false, "public_shore_m": 888, "nearest_park_m": 515, "osm_id": 700554943, "lat": 40.083096, "lon": -83.168021}}, {"type": "Feature", "geometry": {"type": "Polygon", "coordinates": [[[-83.1822217, 40.0836318], [-83.1822432, 40.0836036], [-83.1822309, 40.0835729], [-83.1821724, 40.0835305], [-83.1820676, 40.0834715], [-83.1819659, 40.0833843], [-83.1817811, 40.0832311], [-83.1816301, 40.0831274], [-83.181513, 40.0830519], [-83.1814422, 40.0830237], [-83.1813744, 40.0830237], [-83.1812973, 40.0830284], [-83.1812511, 40.0830001], [-83.1811094, 40.0828822], [-83.1810355, 40.0828091], [-83.1809769, 40.0827761], [-83.1809122, 40.0827148], [-83.1808475, 40.0826677], [-83.1807551, 40.0826182], [-83.1806719, 40.0826111], [-83.1806195, 40.0826229], [-83.1805487, 40.0826559], [-83.1805024, 40.0826913], [-83.1804778, 40.0827172], [-83.1804685, 40.0827714], [-83.180484, 40.0828445], [-83.1805024, 40.0829671], [-83.1805271, 40.0830637], [-83.1805487, 40.0831344], [-83.1805795, 40.0831698], [-83.180638, 40.0832028], [-83.1807212, 40.0832335], [-83.1807828, 40.0832806], [-83.1808598, 40.0833325], [-83.1809399, 40.083356], [-83.1810231, 40.0833725], [-83.1810663, 40.0833961], [-83.1810878, 40.083448], [-83.1811495, 40.0834763], [-83.1812696, 40.0835093], [-83.1813744, 40.0835305], [-83.1814052, 40.083514], [-83.1814422, 40.083481], [-83.1814915, 40.083481], [-83.1815777, 40.0835163], [-83.1816917, 40.0835682], [-83.1817903, 40.0836224], [-83.1818365, 40.0836507], [-83.1819012, 40.0836601], [-83.1819413, 40.0836483], [-83.1819659, 40.0836201], [-83.1820091, 40.0836012], [-83.1820707, 40.083613], [-83.1821354, 40.0836366], [-83.1821785, 40.0836507], [-83.1822217, 40.0836318]]]}, "properties": {"name": "Unnamed water", "tier": "HIDDEN GEM", "score": 100, "wtype": "pond", "acres": 1.81, "access": "PUBLIC", "owner": "CITY OF DUBLIN OHIO", "owner_addr": "5805 EITERMAN RD", "species": ["Largemouth bass", "Bluegill", "Black crappie", "Channel catfish"], "bass": "PRIME", "easy_access": false, "public_shore_m": 210, "nearest_park_m": 745, "osm_id": 700611747, "lat": 40.083172, "lon": -83.181206}}, {"type": "Feature", "geometry": {"type": "Polygon", "coordinates": [[[-83.1804787, 40.0826529], [-83.1804468, 40.0825906], [-83.1804256, 40.0825689], [-83.1803194, 40.0825175], [-83.1802592, 40.0824931], [-83.1802238, 40.0824552], [-83.1801884, 40.0824146], [-83.1801141, 40.0823686], [-83.1799973, 40.0823388], [-83.1799265, 40.0823279], [-83.1798911, 40.08229], [-83.1796965, 40.0821709], [-83.1795266, 40.0820951], [-83.1794664, 40.0820599], [-83.1793355, 40.0820246], [-83.1792399, 40.0820003], [-83.1791762, 40.081984], [-83.1790099, 40.0819867], [-83.1789497, 40.0819705], [-83.1787834, 40.081919], [-83.1785533, 40.0818324], [-83.1784118, 40.0817972], [-83.178249, 40.0817864], [-83.1780755, 40.0818243], [-83.1779021, 40.0819109], [-83.1777322, 40.0820436], [-83.1776473, 40.0821709], [-83.1776048, 40.0822981], [-83.1776048, 40.0823713], [-83.177612, 40.0823946], [-83.1776403, 40.0824122], [-83.1776774, 40.0824122], [-83.1777447, 40.0824271], [-83.1778119, 40.0824461], [-83.1778721, 40.0824474], [-83.1778986, 40.0824312], [-83.1779659, 40.082396], [-83.1780066, 40.0823689], [-83.1780048, 40.0823418], [-83.1779783, 40.0823093], [-83.1779376, 40.0822674], [-83.177957, 40.0821861], [-83.1780013, 40.0820819], [-83.1780349, 40.082044], [-83.1780756, 40.0820196], [-83.1781464, 40.0819979], [-83.1782225, 40.0819871], [-83.178295, 40.0819952], [-83.1783853, 40.0820088], [-83.178426, 40.0820453], [-83.1784702, 40.0821198], [-83.1785074, 40.0821821], [-83.178541, 40.0822146], [-83.1785959, 40.0822416], [-83.1788472, 40.082312], [-83.179017, 40.0823648], [-83.1790595, 40.0823797], [-83.1791391, 40.0823892], [-83.1791905, 40.0823811], [-83.1792577, 40.0823648], [-83.1793108, 40.0823432], [-83.1793603, 40.0823147], [-83.179401, 40.0822917], [-83.1794594, 40.0822795], [-83.1795249, 40.0822701], [-83.1796116, 40.0822836], [-83.179755, 40.0823337], [-83.1798806, 40.0823906], [-83.1800045, 40.0824312], [-83.1800788, 40.0824569], [-83.1801124, 40.0824826], [-83.1801567, 40.0825273], [-83.1802044, 40.082549], [-83.1802469, 40.082572], [-83.1802752, 40.0825991], [-83.1803159, 40.0826316], [-83.1803495, 40.0826478], [-83.1804044, 40.0826573], [-83.1804486, 40.08266], [-83.1804787, 40.0826529]]]}, "properties": {"name": "Unnamed water", "tier": "HIDDEN GEM", "score": 100, "wtype": "pond", "acres": 1.71, "access": "PUBLIC", "owner": "CITY OF DUBLIN OHIO", "owner_addr": "5805 EITERMAN RD", "species": ["Largemouth bass", "Bluegill", "Black crappie", "Channel catfish"], "bass": "PRIME", "easy_access": false, "public_shore_m": 290, "nearest_park_m": 625, "osm_id": 700611748, "lat": 40.082151, "lon": -83.178774}}, {"type": "Feature", "geometry": {"type": "Polygon", "coordinates": [[[-82.8144822, 39.8995228], [-82.8145014, 39.8993906], [-82.814544, 39.8993783], [-82.8146034, 39.8993612], [-82.8147183, 39.8994444], [-82.8146991, 39.8995864], [-82.8146226, 39.8997968], [-82.8146481, 39.8999241], [-82.8146736, 39.9000366], [-82.8146098, 39.900252], [-82.8146481, 39.9003694], [-82.8147438, 39.900433], [-82.814916, 39.9004477], [-82.8149734, 39.900526], [-82.8149862, 39.9006288], [-82.8150947, 39.9006924], [-82.8153498, 39.9007805], [-82.81542, 39.9008833], [-82.81542, 39.9009616], [-82.8154072, 39.9010693], [-82.8154519, 39.9011671], [-82.8155221, 39.9012993], [-82.8154583, 39.9013776], [-82.8152286, 39.9014265], [-82.8148905, 39.9015244], [-82.8146672, 39.9015782], [-82.8143802, 39.9017055], [-82.8142526, 39.9017006], [-82.8141824, 39.9016027], [-82.8142015, 39.9014853], [-82.8142998, 39.9013932], [-82.8143738, 39.9013238], [-82.8143802, 39.9012063], [-82.8143291, 39.900991], [-82.8143419, 39.9008686], [-82.8144822, 39.900668], [-82.8144822, 39.9005114], [-82.8144057, 39.9003254], [-82.8144057, 39.9001835], [-82.8144695, 39.9000807], [-82.8144695, 39.8999681], [-82.8144503, 39.899787], [-82.8144822, 39.8996451], [-82.8144822, 39.8995228]]]}, "properties": {"name": "Unnamed water", "tier": "HIDDEN GEM", "score": 100, "wtype": "pond", "acres": 2.97, "access": "PUBLIC", "owner": "CITY OF COLUMBUS OHIO", "owner_addr": "6725 ABBIE TRAIL DR", "species": ["Largemouth bass", "Bluegill", "Black crappie", "Channel catfish"], "bass": "PRIME", "easy_access": false, "public_shore_m": 662, "nearest_park_m": 535, "osm_id": 705313723, "lat": 39.900881, "lon": -82.814773}}, {"type": "Feature", "geometry": {"type": "Polygon", "coordinates": [[[-82.8296865, 39.8682397], [-82.8301568, 39.8682048], [-82.8305741, 39.8681582], [-82.8306879, 39.8682339], [-82.8306644, 39.8683783], [-82.8306196, 39.8686532], [-82.8303844, 39.8687987], [-82.8294134, 39.8689268], [-82.8291327, 39.8688686], [-82.8289658, 39.8686299], [-82.8290265, 39.8684319], [-82.8293223, 39.8683213], [-82.8296865, 39.8682397]]]}, "properties": {"name": "Unnamed water", "tier": "HIDDEN GEM", "score": 100, "wtype": "pond", "acres": 2.27, "access": "PUBLIC", "owner": "CITY OF COLUMBUS OHIO", "owner_addr": "GENDER RD", "species": ["Largemouth bass", "Bluegill", "Black crappie", "Channel catfish"], "bass": "PRIME", "easy_access": false, "public_shore_m": 384, "nearest_park_m": 455, "osm_id": 705313744, "lat": 39.868545, "lon": -82.829848}}, {"type": "Feature", "geometry": {"type": "Polygon", "coordinates": [[[-82.8326907, 39.8678205], [-82.8328652, 39.8678496], [-82.8329714, 39.8679835], [-82.8330852, 39.8685716], [-82.8330648, 39.868733], [-82.8330093, 39.8691714], [-82.832888, 39.8693053], [-82.8325921, 39.869381], [-82.8322279, 39.869381], [-82.8320004, 39.8692471], [-82.8319169, 39.8686648], [-82.8320838, 39.8683853], [-82.8324619, 39.8679476], [-82.8325314, 39.8678671], [-82.8326907, 39.8678205]]]}, "properties": {"name": "Unnamed water", "tier": "HIDDEN GEM", "score": 100, "wtype": "pond", "acres": 3.24, "access": "PUBLIC", "owner": "CITY OF COLUMBUS OHIO", "owner_addr": "GENDER RD", "species": ["Largemouth bass", "Bluegill", "Black crappie", "Channel catfish"], "bass": "PRIME", "easy_access": false, "public_shore_m": 449, "nearest_park_m": 638, "osm_id": 705313745, "lat": 39.868673, "lon": -82.832541}}, {"type": "Feature", "geometry": {"type": "Polygon", "coordinates": [[[-82.8299596, 39.86948], [-82.8302631, 39.8695207], [-82.8303389, 39.8696314], [-82.8302631, 39.869806], [-82.8298306, 39.8702602], [-82.8294968, 39.8708075], [-82.8292465, 39.8713781], [-82.8291479, 39.8714189], [-82.828981, 39.8712733], [-82.8290265, 39.8708599], [-82.8293148, 39.8700215], [-82.829421, 39.8696721], [-82.829603, 39.8695382], [-82.8299596, 39.86948]]]}, "properties": {"name": "Unnamed water", "tier": "HIDDEN GEM", "score": 100, "wtype": "pond", "acres": 2.53, "access": "PUBLIC", "owner": "CITY OF COLUMBUS OHIO", "owner_addr": "GENDER RD", "species": ["Largemouth bass", "Bluegill", "Black crappie", "Channel catfish"], "bass": "PRIME", "easy_access": false, "public_shore_m": 523, "nearest_park_m": 358, "osm_id": 705313746, "lat": 39.870272, "lon": -82.829564}}, {"type": "Feature", "geometry": {"type": "Polygon", "coordinates": [[[-83.0270444, 39.8440933], [-83.0274191, 39.8441219], [-83.0277101, 39.8441171], [-83.0277597, 39.8440577], [-83.0278061, 39.843915], [-83.0278495, 39.843751], [-83.0278309, 39.8435964], [-83.0277442, 39.8435275], [-83.0276296, 39.8434728], [-83.0272612, 39.8434253], [-83.0266728, 39.8433183], [-83.0263415, 39.8432969], [-83.0262154, 39.843266], [-83.026149, 39.8432229], [-83.0261261, 39.8431859], [-83.0261066, 39.8431586], [-83.026055, 39.8431349], [-83.0259966, 39.8431323], [-83.0259152, 39.8431824], [-83.0257514, 39.8433548], [-83.0257445, 39.8433979], [-83.0257709, 39.8434243], [-83.0258281, 39.8434587], [-83.0258705, 39.8434833], [-83.0258935, 39.8434868], [-83.0259336, 39.8434789], [-83.0259805, 39.8434622], [-83.0260138, 39.8434393], [-83.026039, 39.8433944], [-83.0260585, 39.8433487], [-83.0260699, 39.8433056], [-83.0260837, 39.8432792], [-83.0261352, 39.8432845], [-83.0262212, 39.8433082], [-83.0263048, 39.8433267], [-83.0263587, 39.8433522], [-83.0263747, 39.8433742], [-83.0263484, 39.8434261], [-83.0262842, 39.8435185], [-83.0262315, 39.8436205], [-83.0261948, 39.8437402], [-83.0261925, 39.8437833], [-83.0262086, 39.843815], [-83.0262303, 39.8438361], [-83.0262808, 39.8438598], [-83.0263426, 39.8438704], [-83.0263862, 39.8438757], [-83.0264354, 39.8438941], [-83.0264801, 39.8439241], [-83.02655, 39.8439399], [-83.0266268, 39.8439557], [-83.0267116, 39.8439487], [-83.026762, 39.8439672], [-83.026825, 39.8439592], [-83.0269144, 39.8439874], [-83.0269832, 39.8440059], [-83.0270233, 39.8440384], [-83.0270444, 39.8440933]]]}, "properties": {"name": "Unnamed water", "tier": "HIDDEN GEM", "score": 100, "wtype": "pond", "acres": 2.53, "access": "PUBLIC", "owner": "BOARD OF PARK COMMISSIONERS OF THE COLUMBUS & FRANKLIN COUNTY METROPOLITAN PARK DISTRICT", "owner_addr": "5172 JACKSON PI", "species": ["Largemouth bass", "Bluegill", "Black crappie", "Channel catfish"], "bass": "PRIME", "easy_access": true, "public_shore_m": 537, "nearest_park_m": 201, "osm_id": 714850769, "lat": 39.843679, "lon": -83.026956}}, {"type": "Feature", "geometry": {"type": "Polygon", "coordinates": [[[-83.0789215, 40.1134698], [-83.0789006, 40.1135139], [-83.0788254, 40.1135349], [-83.0783275, 40.1135638], [-83.0782121, 40.1135498], [-83.0781929, 40.1135043], [-83.0781844, 40.1126672], [-83.0781552, 40.1126194], [-83.0780796, 40.1125761], [-83.0780151, 40.1125609], [-83.0771827, 40.1125108], [-83.0771608, 40.1124944], [-83.0771621, 40.1124119], [-83.0771932, 40.1124011], [-83.0789723, 40.1124502], [-83.0790103, 40.112492], [-83.0790465, 40.1125185], [-83.0790443, 40.1125429], [-83.0790002, 40.112568], [-83.0789461, 40.1130263], [-83.0789215, 40.1134698]]]}, "properties": {"name": "Unnamed water", "tier": "HIDDEN GEM", "score": 100, "wtype": "pond", "acres": 2.31, "access": "PUBLIC", "owner": "CITY OF COLUMBUS", "owner_addr": "BILLINGSLEY RD", "species": ["Largemouth bass", "Bluegill", "Black crappie", "Channel catfish"], "bass": "PRIME", "easy_access": false, "public_shore_m": 538, "nearest_park_m": 516, "osm_id": 739947624, "lat": 40.112912, "lon": -83.078455}}, {"type": "Feature", "geometry": {"type": "Polygon", "coordinates": [[[-83.0395967, 40.0036943], [-83.0397011, 40.0036604], [-83.0397595, 40.0036008], [-83.0399418, 40.0035398], [-83.0400232, 40.0035059], [-83.0400603, 40.0034679], [-83.0400727, 40.003415], [-83.0399347, 40.0029908], [-83.0399011, 40.0028959], [-83.0398904, 40.0028376], [-83.0398604, 40.0027115], [-83.0398002, 40.0026546], [-83.0397223, 40.0026695], [-83.0395507, 40.0029176], [-83.0395029, 40.003087], [-83.0394958, 40.0031629], [-83.0395436, 40.0034218], [-83.0395312, 40.0035221], [-83.0395171, 40.0036292], [-83.0395418, 40.0036726], [-83.0395967, 40.0036943]]]}, "properties": {"name": "Unnamed water", "tier": "HIDDEN GEM", "score": 100, "wtype": "pond", "acres": 0.92, "access": "PUBLIC", "owner": "STATE OF OHIO", "owner_addr": "2121 KENNY RD", "species": ["Largemouth bass", "Bluegill", "Black crappie", "Channel catfish"], "bass": "PRIME", "easy_access": true, "public_shore_m": 271, "nearest_park_m": 125, "osm_id": 749239108, "lat": 40.003209, "lon": -83.039753}}, {"type": "Feature", "geometry": {"type": "Polygon", "coordinates": [[[-82.8603109, 39.9938374], [-82.8602814, 39.9939199], [-82.8602499, 39.9940126], [-82.8602194, 39.9940826], [-82.860196, 39.9941332], [-82.8601625, 39.9941932], [-82.8601269, 39.9942477], [-82.8600984, 39.9942687], [-82.8600679, 39.9943069], [-82.8600395, 39.9943466], [-82.8599988, 39.9943809], [-82.8599531, 39.9944042], [-82.8599135, 39.9944182], [-82.8598738, 39.9944221], [-82.8598596, 39.9944284], [-82.8598484, 39.9944548], [-82.8598565, 39.9944766], [-82.8598555, 39.9945171], [-82.8598372, 39.9945623], [-82.8598108, 39.9946176], [-82.8597762, 39.9946728], [-82.8597163, 39.9947585], [-82.8596685, 39.9948356], [-82.8596228, 39.9948924], [-82.8595831, 39.9949446], [-82.8595415, 39.9949882], [-82.8594937, 39.9950357], [-82.8594449, 39.995077], [-82.8594073, 39.9950988], [-82.8593585, 39.9951034], [-82.8593158, 39.9950995], [-82.8592874, 39.9950847], [-82.8592691, 39.9950583], [-82.859267, 39.9950225], [-82.859262, 39.9949936], [-82.8592437, 39.9949687], [-82.859205, 39.9949446], [-82.8591491, 39.9949275], [-82.8591197, 39.9949134], [-82.8591095, 39.9948963], [-82.8591115, 39.9948761], [-82.8591278, 39.9948605], [-82.8591593, 39.9948504], [-82.8592244, 39.9948434], [-82.8593209, 39.9948371], [-82.8593758, 39.9948278], [-82.8594581, 39.9947935], [-82.8595018, 39.9947608], [-82.8595333, 39.9947211], [-82.8595506, 39.99469], [-82.8595567, 39.9946487], [-82.8595659, 39.9945934], [-82.8595831, 39.9945467], [-82.8596146, 39.9945093], [-82.8596522, 39.9944743], [-82.8596868, 39.9944517], [-82.8597254, 39.9944361], [-82.8597559, 39.9944136], [-82.8597884, 39.9943707], [-82.8598006, 39.9943279], [-82.8598138, 39.9942734], [-82.859825, 39.9942142], [-82.859826, 39.9941582], [-82.859823, 39.9941177], [-82.8598128, 39.9940811], [-82.8597905, 39.9940499], [-82.8597539, 39.994018], [-82.8597183, 39.9939985], [-82.8596858, 39.9940001], [-82.8596319, 39.9940227], [-82.8595496, 39.9940593], [-82.8594795, 39.994092], [-82.8594053, 39.9941309], [-82.8593616, 39.9941659], [-82.8593006, 39.9942111], [-82.8592528, 39.9942391], [-82.8591949, 39.9942617], [-82.8591349, 39.9942742], [-82.8590841, 39.9942757], [-82.8590262, 39.9942687], [-82.8589896, 39.99425], [-82.8589764, 39.9942212], [-82.8589733, 39.9941846], [-82.8589875, 39.9941558], [-82.859018, 39.9941278], [-82.8590597, 39.9941107], [-82.8591491, 39.9940834], [-82.8592437, 39.9940476], [-82.8593595, 39.9939923], [-82.8595943, 39.9938771], [-82.8597, 39.9938366], [-82.859822, 39.9937922], [-82.8599267, 39.9937525], [-82.8600253, 39.9937167], [-82.8601188, 39.9936879], [-82.8602021, 39.9936661], [-82.8602692, 39.9936271], [-82.8603312, 39.9935812], [-82.8604115, 39.9935189], [-82.8604745, 39.9934675], [-82.8605446, 39.9934145], [-82.8606056, 39.9933764], [-82.8606595, 39.9933375], [-82.8607022, 39.9933133], [-82.8607601, 39.9932939], [-82.8608211, 39.9932697], [-82.860876, 39.9932565], [-82.8609176, 39.9932604], [-82.8609573, 39.9932791], [-82.8609817, 39.9933094], [-82.8609867, 39.9933569], [-82.8609644, 39.9934005], [-82.8609339, 39.9934332], [-82.8608638, 39.9934815], [-82.8607967, 39.9935267], [-82.8607154, 39.9935718], [-82.8606269, 39.9936178], [-82.8604907, 39.9936925], [-82.860384, 39.9937618], [-82.8603383, 39.9938008], [-82.8603109, 39.9938374]]]}, "properties": {"name": "Unnamed water", "tier": "HIDDEN GEM", "score": 100, "wtype": "pond", "acres": 1.78, "access": "PUBLIC", "owner": "COLUMBUS REGIONAL AIRPORT AUTHORITY (CITY OF COLS)", "owner_addr": "900 N HAMILTON RD", "species": ["Largemouth bass", "Bluegill", "Black crappie", "Channel catfish"], "bass": "PRIME", "easy_access": true, "public_shore_m": 713, "nearest_park_m": 232, "osm_id": 763514680, "lat": 39.994102, "lon": -82.859914}}, {"type": "Feature", "geometry": {"type": "Polygon", "coordinates": [[[-83.003498, 39.929069], [-83.0034953, 39.9291986], [-83.0034336, 39.9292685], [-83.0031011, 39.9294392], [-83.003026, 39.9294433], [-83.0030099, 39.9293878], [-83.0031145, 39.9290464], [-83.0032486, 39.9289538], [-83.0033746, 39.9289332], [-83.0034471, 39.9289641], [-83.003498, 39.929069]]]}, "properties": {"name": "Unnamed water", "tier": "HIDDEN GEM", "score": 100, "wtype": "pond", "acres": 0.37, "access": "PUBLIC_BANK", "owner": "CITY OF COLUMBUS", "owner_addr": "FRANK         RD REAR", "species": ["Largemouth bass", "Bluegill"], "bass": "GOOD", "easy_access": false, "public_shore_m": 16, "nearest_park_m": 306, "osm_id": 765236173, "lat": 39.929177, "lon": -83.003259}}, {"type": "Feature", "geometry": {"type": "Polygon", "coordinates": [[[-82.9339242, 39.8842577], [-82.9339564, 39.8842629], [-82.933998, 39.8842413], [-82.9339819, 39.8841939], [-82.9339537, 39.8841517], [-82.9339537, 39.8840972], [-82.9339832, 39.8839223], [-82.9339792, 39.8838749], [-82.9339403, 39.8838142], [-82.9338934, 39.8837751], [-82.9339014, 39.8837401], [-82.9339457, 39.8836393], [-82.9339242, 39.8836032], [-82.933825, 39.883559], [-82.9337458, 39.8835569], [-82.9336868, 39.8835713], [-82.933597, 39.8836341], [-82.9335541, 39.883702], [-82.9335219, 39.8838492], [-82.9335541, 39.8839665], [-82.9335205, 39.8840766], [-82.9335366, 39.8841198], [-82.9335849, 39.8841631], [-82.9339242, 39.8842577]]]}, "properties": {"name": "Unnamed water", "tier": "HIDDEN GEM", "score": 100, "wtype": "pond", "acres": 0.6, "access": "PUBLIC", "owner": "VILLAGE OF OBETZ", "owner_addr": "4175 ALUM CREEK DR", "species": ["Largemouth bass", "Bluegill", "Black crappie", "Channel catfish"], "bass": "PRIME", "easy_access": false, "public_shore_m": 208, "nearest_park_m": 495, "osm_id": 772206192, "lat": 39.88391, "lon": -82.933758}}, {"type": "Feature", "geometry": {"type": "Polygon", "coordinates": [[[-82.9347584, 39.8844769], [-82.9348469, 39.8844492], [-82.9348938, 39.8844214], [-82.9349045, 39.8843833], [-82.9348697, 39.8842938], [-82.934812, 39.8842629], [-82.9346377, 39.8842392], [-82.934415, 39.8842269], [-82.9342984, 39.8842269], [-82.9342327, 39.8842402], [-82.9341817, 39.884267], [-82.9341736, 39.8842968], [-82.9341911, 39.8843401], [-82.9342836, 39.8843864], [-82.9345196, 39.8844584], [-82.934588, 39.8844738], [-82.9347584, 39.8844769]]]}, "properties": {"name": "Unnamed water", "tier": "HIDDEN GEM", "score": 100, "wtype": "pond", "acres": 0.32, "access": "PUBLIC", "owner": "VILLAGE OF OBETZ", "owner_addr": "4175 ALUM CREEK DR", "species": ["Largemouth bass", "Bluegill"], "bass": "GOOD", "easy_access": false, "public_shore_m": 149, "nearest_park_m": 488, "osm_id": 772206193, "lat": 39.884344, "lon": -82.934558}}, {"type": "Feature", "geometry": {"type": "Polygon", "coordinates": [[[-82.8151491, 40.1081831], [-82.8152908, 40.108278], [-82.8155672, 40.1083267], [-82.8159888, 40.1083918], [-82.8161624, 40.1084731], [-82.816173, 40.10853], [-82.8161199, 40.1085625], [-82.8159746, 40.1085706], [-82.8156097, 40.1085598], [-82.8153404, 40.1085842], [-82.815181, 40.1086356], [-82.815011, 40.1086573], [-82.8148338, 40.1086112], [-82.8146248, 40.1085029], [-82.8145575, 40.1083809], [-82.8145469, 40.1082698], [-82.8145433, 40.108091], [-82.814561, 40.1079095], [-82.8146354, 40.1078309], [-82.8147665, 40.1077929], [-82.8148905, 40.1078038], [-82.8149826, 40.1078959], [-82.8150216, 40.1080368], [-82.8151491, 40.1081831]]]}, "properties": {"name": "Unnamed water", "tier": "HIDDEN GEM", "score": 100, "wtype": "pond", "acres": 1.53, "access": "PUBLIC", "owner": "CITY OF NEW ALBANY", "owner_addr": "OLD SCHLEPPI RD", "species": ["Largemouth bass", "Bluegill", "Black crappie", "Channel catfish"], "bass": "PRIME", "easy_access": false, "public_shore_m": 389, "nearest_park_m": 365, "osm_id": 802162502, "lat": 40.108314, "lon": -82.815108}}, {"type": "Feature", "geometry": {"type": "Polygon", "coordinates": [[[-82.8785358, 39.8480155], [-82.8786064, 39.8479767], [-82.8786362, 39.8479513], [-82.8786697, 39.8479145], [-82.8787046, 39.8478823], [-82.878733, 39.8478245], [-82.8787346, 39.8478113], [-82.8787346, 39.8477902], [-82.8787262, 39.8477705], [-82.8787102, 39.8477575], [-82.8786894, 39.8477428], [-82.8786329, 39.8477397], [-82.8785862, 39.8477304], [-82.8785481, 39.8477175], [-82.8785177, 39.8477108], [-82.8784906, 39.8476933], [-82.8784563, 39.8476908], [-82.8784189, 39.8476889], [-82.878365, 39.8476996], [-82.8783112, 39.8477069], [-82.8782621, 39.8477025], [-82.8782297, 39.8476759], [-82.8782102, 39.8476241], [-82.8782092, 39.8475727], [-82.8781999, 39.8474971], [-82.8782196, 39.8474449], [-82.8782539, 39.8474272], [-82.8782953, 39.8474258], [-82.8783436, 39.847436], [-82.8784031, 39.8474634], [-82.8784747, 39.8474904], [-82.8785118, 39.8475007], [-82.8785489, 39.8475109], [-82.878572, 39.8475235], [-82.878594, 39.8475544], [-82.8786323, 39.8475736], [-82.8787204, 39.8475972], [-82.8787635, 39.8476041], [-82.8788111, 39.8476236], [-82.8788222, 39.8476463], [-82.8788324, 39.8476807], [-82.8788425, 39.8477409], [-82.8788395, 39.8478182], [-82.8788347, 39.8478677], [-82.8788241, 39.8478964], [-82.8788093, 39.8479187], [-82.878771, 39.8479634], [-82.8787446, 39.8479944], [-82.8786962, 39.8480296], [-82.8786544, 39.8480517], [-82.8786126, 39.8480656], [-82.878584, 39.8480739], [-82.8785568, 39.8480746], [-82.8785332, 39.848068], [-82.8785194, 39.8480611], [-82.8785154, 39.8480446], [-82.8785206, 39.8480278], [-82.8785358, 39.8480155]]]}, "properties": {"name": "Unnamed water", "tier": "HIDDEN GEM", "score": 100, "wtype": "pond", "acres": 0.4, "access": "PUBLIC", "owner": "VILLAGE OF GROVEPORT", "owner_addr": "6210 RICHARDSON RD", "species": ["Largemouth bass", "Bluegill"], "bass": "GOOD", "easy_access": false, "public_shore_m": 236, "nearest_park_m": 283, "osm_id": 827708463, "lat": 39.847687, "lon": -82.87854}}, {"type": "Feature", "geometry": {"type": "Polygon", "coordinates": [[[-82.8844894, 39.8468138], [-82.8844906, 39.8468681], [-82.8844691, 39.8469636], [-82.8844407, 39.847076], [-82.8844285, 39.8471728], [-82.8844285, 39.8472851], [-82.8844366, 39.8473944], [-82.8844325, 39.847513], [-82.8844081, 39.8476378], [-82.8843878, 39.8477377], [-82.8843675, 39.8477721], [-82.884339, 39.8477877], [-82.8843065, 39.8477908], [-82.8842679, 39.8477793], [-82.8842329, 39.847749], [-82.8842218, 39.8477143], [-82.8842304, 39.8476749], [-82.8842563, 39.8476236], [-82.8842733, 39.8475723], [-82.884271, 39.8475134], [-82.8842455, 39.847435], [-82.8842293, 39.8473569], [-82.8842326, 39.8473036], [-82.8842658, 39.8472009], [-82.8842826, 39.8471341], [-82.8842888, 39.8470749], [-82.8842826, 39.8470134], [-82.884258, 39.8469306], [-82.8842395, 39.8468715], [-82.8842448, 39.846834], [-82.8842638, 39.8467995], [-82.884298, 39.8467745], [-82.8843627, 39.8467583], [-82.8844217, 39.846761], [-82.8844644, 39.8467769], [-82.8844894, 39.8468138]]]}, "properties": {"name": "Unnamed water", "tier": "HIDDEN GEM", "score": 100, "wtype": "pond", "acres": 0.43, "access": "PUBLIC", "owner": "VILLAGE OF GROVEPORT", "owner_addr": "6210 RICHARDSON RD", "species": ["Largemouth bass", "Bluegill"], "bass": "GOOD", "easy_access": true, "public_shore_m": 253, "nearest_park_m": 204, "osm_id": 827786725, "lat": 39.847245, "lon": -82.884348}}, {"type": "Feature", "geometry": {"type": "Polygon", "coordinates": [[[-82.8115153, 40.1019689], [-82.8113994, 40.1019798], [-82.8112734, 40.1020047], [-82.8112043, 40.1020249], [-82.811123, 40.102014], [-82.8110396, 40.1019627], [-82.8110132, 40.1019176], [-82.8110152, 40.1018057], [-82.8110335, 40.1015103], [-82.8110213, 40.1014574], [-82.8111148, 40.1014341], [-82.8111941, 40.1013641], [-82.8112226, 40.1012941], [-82.8112083, 40.1012226], [-82.8112023, 40.1011044], [-82.8112348, 40.1010827], [-82.8116027, 40.1011076], [-82.8116413, 40.1011247], [-82.8116596, 40.1011604], [-82.8115803, 40.1018508], [-82.811562, 40.1019301], [-82.8115153, 40.1019689]]]}, "properties": {"name": "Unnamed water", "tier": "HIDDEN GEM", "score": 100, "wtype": "pond", "acres": 1.09, "access": "PUBLIC", "owner": "CITY OF NEW ALBANY", "owner_addr": "6905 LOBELIA DR", "species": ["Largemouth bass", "Bluegill", "Black crappie", "Channel catfish"], "bass": "PRIME", "easy_access": false, "public_shore_m": 283, "nearest_park_m": 275, "osm_id": 831870952, "lat": 40.101567, "lon": -82.811342}}, {"type": "Feature", "geometry": {"type": "Polygon", "coordinates": [[[-82.8112075, 40.1006604], [-82.8111774, 40.1007064], [-82.8111314, 40.1007294], [-82.8110836, 40.1007281], [-82.8110624, 40.1006888], [-82.8110659, 40.1006509], [-82.811096, 40.1004276], [-82.811119, 40.1002868], [-82.8112093, 40.1002273], [-82.8114022, 40.1001988], [-82.8116287, 40.1002042], [-82.8116977, 40.1002191], [-82.811726, 40.1002557], [-82.8117331, 40.1003017], [-82.8117225, 40.1004371], [-82.8117012, 40.1004601], [-82.8116446, 40.1004682], [-82.8115119, 40.1004777], [-82.811411, 40.1005061], [-82.811319, 40.1005426], [-82.8112624, 40.1005832], [-82.8112075, 40.1006604]]]}, "properties": {"name": "Unnamed water", "tier": "HIDDEN GEM", "score": 100, "wtype": "pond", "acres": 0.49, "access": "PUBLIC", "owner": "CITY OF NEW ALBANY", "owner_addr": "6905 LOBELIA DR", "species": ["Largemouth bass", "Bluegill"], "bass": "GOOD", "easy_access": true, "public_shore_m": 195, "nearest_park_m": 218, "osm_id": 831870953, "lat": 40.1004, "lon": -82.811368}}, {"type": "Feature", "geometry": {"type": "Polygon", "coordinates": [[[-82.842455, 40.0742111], [-82.8424363, 40.0741297], [-82.8422823, 40.0741431], [-82.8422235, 40.0741331], [-82.8421868, 40.0740846], [-82.8421512, 40.0739331], [-82.8422046, 40.07385], [-82.842375, 40.073694], [-82.8424075, 40.0736376], [-82.8424189, 40.0735467], [-82.8424123, 40.0734438], [-82.8423503, 40.0732387], [-82.8422434, 40.0731591], [-82.8418589, 40.0729484], [-82.8416588, 40.0728378], [-82.8415616, 40.0727369], [-82.8413728, 40.0725388], [-82.8413021, 40.0724264], [-82.8412712, 40.0724027], [-82.8412181, 40.0723235], [-82.8411666, 40.0722622], [-82.8411067, 40.0722308], [-82.8410237, 40.0722212], [-82.8409659, 40.0722138], [-82.8409111, 40.0721969], [-82.8408492, 40.0721982], [-82.84079, 40.0721945], [-82.8406939, 40.0721542], [-82.840559, 40.0720976], [-82.8404862, 40.0720476], [-82.840444, 40.0719914], [-82.8404018, 40.0719315], [-82.8403803, 40.0718851], [-82.84031, 40.0717846], [-82.8402228, 40.071684], [-82.8401469, 40.0715626], [-82.8400914, 40.0714556], [-82.8400516, 40.0713161], [-82.8400437, 40.0712332], [-82.8400593, 40.0711205], [-82.8401017, 40.0710873], [-82.8401788, 40.071098], [-82.8401891, 40.0710976], [-82.8402175, 40.0710609], [-82.8402478, 40.0710298], [-82.8402579, 40.0709944], [-82.840247, 40.0709602], [-82.8402031, 40.0709239], [-82.8401381, 40.0708757], [-82.8400887, 40.0708303], [-82.8400462, 40.0707725], [-82.8400292, 40.0707405], [-82.8400138, 40.0707085], [-82.8399471, 40.0706364], [-82.839902, 40.070582], [-82.8398731, 40.0705239], [-82.839821, 40.070468], [-82.8397503, 40.0704265], [-82.8396603, 40.0703957], [-82.8396181, 40.0703555], [-82.8395828, 40.0702928], [-82.8395666, 40.0702481], [-82.8395189, 40.0700625], [-82.8395027, 40.0700212], [-82.8394186, 40.069941], [-82.8393001, 40.0698497], [-82.8391842, 40.0697866], [-82.8390883, 40.0697478], [-82.8388786, 40.0696236], [-82.8387495, 40.0695247], [-82.838644, 40.0693793], [-82.8386531, 40.069273], [-82.8386716, 40.0692097], [-82.838702, 40.069086], [-82.8387049, 40.0689757], [-82.83874, 40.0688218], [-82.8388025, 40.0686475], [-82.8388896, 40.0684249], [-82.8389929, 40.0683403], [-82.8390541, 40.0682702], [-82.8391927, 40.0681785], [-82.8393675, 40.068111], [-82.839538, 40.0681123], [-82.8397483, 40.0681923], [-82.8398726, 40.0682277], [-82.8399723, 40.0682371], [-82.8400737, 40.0682017], [-82.8401855, 40.0681183], [-82.8402384, 40.0680256], [-82.8402599, 40.0678952], [-82.8402909, 40.0676557], [-82.8403331, 40.0674013], [-82.8404475, 40.0672697], [-82.8405727, 40.0671741], [-82.8408569, 40.0670876], [-82.8411324, 40.0670603], [-82.8412299, 40.0670419], [-82.8412947, 40.0669758], [-82.8412874, 40.066854], [-82.8412504, 40.0667358], [-82.8410991, 40.0666005], [-82.8409516, 40.0664737], [-82.8409006, 40.0663841], [-82.8409131, 40.0663089], [-82.841003, 40.0661678], [-82.8410669, 40.0661141], [-82.8411629, 40.0660785], [-82.841252, 40.0660482], [-82.8412907, 40.0659914], [-82.8413197, 40.0659387], [-82.8413389, 40.0657667], [-82.8413341, 40.0656155], [-82.8413272, 40.0654753], [-82.8413015, 40.0654139], [-82.8412537, 40.0652827], [-82.8412251, 40.0651981], [-82.8412217, 40.0649828], [-82.8412065, 40.0648228], [-82.8411169, 40.0646074], [-82.8410538, 40.0644812], [-82.8410076, 40.0642526], [-82.8410288, 40.0641095], [-82.8410684, 40.0640208], [-82.8410939, 40.0637841], [-82.8411418, 40.0637041], [-82.8412062, 40.0636948], [-82.8409172, 40.0636345], [-82.8409603, 40.063716], [-82.8409083, 40.0640334], [-82.8408789, 40.0641886], [-82.8408865, 40.0642767], [-82.8409197, 40.0644624], [-82.8409951, 40.0646384], [-82.8410424, 40.0647217], [-82.8410812, 40.0649473], [-82.8411478, 40.0653032], [-82.841197, 40.065536], [-82.8412149, 40.0657784], [-82.8411689, 40.0658846], [-82.8410085, 40.0659924], [-82.8408614, 40.0661362], [-82.840783, 40.066218], [-82.84075, 40.066282], [-82.840743, 40.066405], [-82.840753, 40.066453], [-82.840791, 40.066507], [-82.840833, 40.066538], [-82.840936, 40.066594], [-82.8410036, 40.0666324], [-82.8411129, 40.0667666], [-82.8411881, 40.0668892], [-82.8411894, 40.0669681], [-82.8411185, 40.0670102], [-82.84085, 40.067031], [-82.840637, 40.067063], [-82.840534, 40.067098], [-82.840443, 40.067141], [-82.840379, 40.067185], [-82.840346, 40.067214], [-82.840201, 40.067369], [-82.840157, 40.067439], [-82.840143, 40.067529], [-82.8401376, 40.0676059], [-82.840155, 40.067736], [-82.840175, 40.067803], [-82.840174, 40.067896], [-82.840152, 40.06797], [-82.84014, 40.067991], [-82.840105, 40.068026], [-82.840029, 40.068066], [-82.839952, 40.068084], [-82.839743, 40.068112], [-82.839687, 40.068109], [-82.839616, 40.068081], [-82.839478, 40.068051], [-82.839424, 40.068054], [-82.8393, 40.068071], [-82.839186, 40.068102], [-82.839131, 40.068125], [-82.839046, 40.068175], [-82.838987, 40.068193], [-82.838955, 40.068217], [-82.838935, 40.068257], [-82.838904, 40.068287], [-82.838863, 40.068306], [-82.838846, 40.06832], [-82.8388362, 40.0683347], [-82.838834, 40.068338], [-82.838816, 40.068401], [-82.838762, 40.068507], [-82.838735, 40.068574], [-82.838667, 40.068681], [-82.8386531, 40.0687475], [-82.838609, 40.068959], [-82.838577, 40.069066], [-82.838571, 40.069306], [-82.838587, 40.069396], [-82.838639, 40.06948], [-82.838813, 40.069666], [-82.839146, 40.06986], [-82.839299, 40.069966], [-82.8393283, 40.0700114], [-82.8393381, 40.070051], [-82.8393436, 40.0700983], [-82.8393599, 40.0701225], [-82.8394007, 40.0701736], [-82.83944, 40.0702133], [-82.8394563, 40.070265], [-82.8394731, 40.0703384], [-82.8394857, 40.0704015], [-82.839488, 40.0704128], [-82.8396848, 40.0706901], [-82.8397245, 40.0707024], [-82.8397865, 40.0708035], [-82.8398214, 40.0708441], [-82.8398632, 40.0708786], [-82.8399101, 40.0709255], [-82.8399577, 40.0709846], [-82.8399695, 40.0710064], [-82.839988, 40.071078], [-82.839988, 40.071135], [-82.839954, 40.071257], [-82.839962, 40.071281], [-82.839984, 40.071426], [-82.840037, 40.071553], [-82.840138, 40.071708], [-82.8403101, 40.072036], [-82.8403368, 40.0720774], [-82.8403915, 40.0721358], [-82.840444, 40.0721728], [-82.8404894, 40.0722041], [-82.8405495, 40.0722284], [-82.840616, 40.0722472], [-82.8406432, 40.0722551], [-82.8406729, 40.0722577], [-82.8407427, 40.0722678], [-82.8407764, 40.0722791], [-82.8408143, 40.0722855], [-82.8408739, 40.0722988], [-82.840889, 40.0723058], [-82.8409015, 40.0723189], [-82.8409058, 40.0723241], [-82.8410006, 40.0723657], [-82.841016, 40.072342], [-82.8410502, 40.072341], [-82.8410755, 40.0723536], [-82.8411259, 40.0724032], [-82.841198, 40.072455], [-82.841215, 40.072476], [-82.8412654, 40.0725763], [-82.841325, 40.072661], [-82.8414011, 40.0727374], [-82.841461, 40.072799], [-82.841583, 40.072882], [-82.841706, 40.072939], [-82.841803, 40.072966], [-82.841838, 40.07298], [-82.841867, 40.072998], [-82.841977, 40.073086], [-82.842128, 40.073173], [-82.842178, 40.073211], [-82.842236, 40.073279], [-82.842259, 40.073323], [-82.842316, 40.073581], [-82.8423197, 40.0736481], [-82.8422928, 40.0736941], [-82.842134, 40.073835], [-82.842109, 40.073914], [-82.842115, 40.074036], [-82.842133, 40.074122], [-82.842159, 40.07417], [-82.842176, 40.07419], [-82.842197, 40.074206], [-82.8423236, 40.0742363], [-82.842402, 40.0742429], [-82.8424411, 40.0742321], [-82.8424582, 40.0742248], [-82.842455, 40.0742111]]]}, "properties": {"name": "Unnamed water", "tier": "HIDDEN GEM", "score": 100, "wtype": "pond", "acres": 3.89, "access": "PUBLIC", "owner": "NEW ALBANY PLAIN LOCAL JOINT PARK DISTRICT", "owner_addr": "5600 THOMPSON RD", "species": ["Largemouth bass", "Bluegill", "Black crappie", "Channel catfish"], "bass": "PRIME", "easy_access": true, "public_shore_m": 517, "nearest_park_m": 188, "osm_id": 843718264, "lat": 40.068908, "lon": -82.840498}}, {"type": "Feature", "geometry": {"type": "Polygon", "coordinates": [[[-82.9780681, 40.0182151], [-82.9780341, 40.0182555], [-82.9779676, 40.0182777], [-82.9779029, 40.0182849], [-82.9778382, 40.0182526], [-82.9777575, 40.0181864], [-82.9776936, 40.0181184], [-82.9776518, 40.0180426], [-82.9776022, 40.0179229], [-82.977617, 40.0178187], [-82.9776605, 40.017752], [-82.9776774, 40.0176705], [-82.9776416, 40.0176077], [-82.9775786, 40.0175667], [-82.9774909, 40.0175384], [-82.9773352, 40.0175352], [-82.977165, 40.0175587], [-82.977051, 40.0175587], [-82.9769544, 40.0175209], [-82.9768818, 40.0174677], [-82.9768628, 40.0174223], [-82.9769159, 40.0173695], [-82.9770168, 40.0173203], [-82.9771374, 40.0172857], [-82.9773334, 40.017257], [-82.9775133, 40.0172647], [-82.9777398, 40.0173239], [-82.9779246, 40.0174238], [-82.978064, 40.0175596], [-82.9781423, 40.0176851], [-82.97817, 40.0177754], [-82.9781594, 40.0178911], [-82.9781665, 40.0179955], [-82.9781536, 40.0180621], [-82.9781209, 40.0181279], [-82.9780681, 40.0182151]]]}, "properties": {"name": "Unnamed water", "tier": "HIDDEN GEM", "score": 100, "wtype": "pond", "acres": 1.38, "access": "PUBLIC", "owner": "CITY OF COLUMBUS", "owner_addr": "1350 LINDEN PARK DR", "species": ["Largemouth bass", "Bluegill", "Black crappie", "Channel catfish"], "bass": "PRIME", "easy_access": false, "public_shore_m": 375, "nearest_park_m": 280, "osm_id": 850201615, "lat": 40.017687, "lon": -82.977688}}, {"type": "Feature", "geometry": {"type": "Polygon", "coordinates": [[[-83.1782117, 40.0785469], [-83.1781242, 40.0785624], [-83.1780716, 40.0785496], [-83.1780027, 40.0785027], [-83.177825, 40.0783702], [-83.1776338, 40.0782798], [-83.1775748, 40.0782361], [-83.1775535, 40.0782028], [-83.1775567, 40.078166], [-83.1776024, 40.0781345], [-83.1776326, 40.0781196], [-83.1779296, 40.0781211], [-83.1781856, 40.0780786], [-83.1782874, 40.0780468], [-83.1783061, 40.078033], [-83.1783195, 40.0780073], [-83.1783271, 40.0779215], [-83.1783056, 40.0778317], [-83.1782741, 40.077752], [-83.1782695, 40.0777103], [-83.1782902, 40.0776634], [-83.1783199, 40.0776328], [-83.1783725, 40.0776028], [-83.1784331, 40.0775892], [-83.1785162, 40.0775967], [-83.1785612, 40.0776137], [-83.1786067, 40.0776574], [-83.1786262, 40.0777185], [-83.1786258, 40.0777763], [-83.1786164, 40.0779019], [-83.1786342, 40.077973], [-83.1786691, 40.0780883], [-83.1786665, 40.0781385], [-83.1786213, 40.0782075], [-83.1785038, 40.0782753], [-83.1782953, 40.0784691], [-83.1782498, 40.0785244], [-83.1782117, 40.0785469]]]}, "properties": {"name": "Unnamed water", "tier": "HIDDEN GEM", "score": 100, "wtype": "pond", "acres": 1.11, "access": "PUBLIC", "owner": "THE CITY OF DUBLIN OHIO", "owner_addr": "CHURCHMAN RD", "species": ["Largemouth bass", "Bluegill", "Black crappie", "Channel catfish"], "bass": "PRIME", "easy_access": true, "public_shore_m": 333, "nearest_park_m": 190, "osm_id": 862810108, "lat": 40.078129, "lon": -83.178232}}, {"type": "Feature", "geometry": {"type": "Polygon", "coordinates": [[[-83.0866556, 40.1311966], [-83.0865087, 40.1311487], [-83.086259, 40.1311618], [-83.0862136, 40.1310903], [-83.0862684, 40.1309621], [-83.0865164, 40.130878], [-83.0866386, 40.1308916], [-83.0866917, 40.1309653], [-83.0867064, 40.1311088], [-83.0866556, 40.1311966]]]}, "properties": {"name": "Unnamed water", "tier": "HIDDEN GEM", "score": 100, "wtype": "pond", "acres": 0.27, "access": "PUBLIC", "owner": "CITY OF COLUMBUS OHIO", "owner_addr": "SUMMIT VIEW RD", "species": ["Largemouth bass", "Bluegill"], "bass": "GOOD", "easy_access": false, "public_shore_m": 128, "nearest_park_m": 722, "osm_id": 862826490, "lat": 40.131038, "lon": -83.08648}}, {"type": "Feature", "geometry": {"type": "Polygon", "coordinates": [[[-83.1992993, 40.0957172], [-83.1994414, 40.095945], [-83.1996828, 40.0961481], [-83.1999457, 40.0962671], [-83.2002702, 40.0963492], [-83.2003695, 40.0963122], [-83.2003722, 40.096263], [-83.2002944, 40.0962076], [-83.1999618, 40.0960578], [-83.1997445, 40.0959922], [-83.1995568, 40.0959203], [-83.1994361, 40.0958157], [-83.1993449, 40.0956926], [-83.1992993, 40.0957172]]]}, "properties": {"name": "Unnamed water", "tier": "HIDDEN GEM", "score": 100, "wtype": "pond", "acres": 0.39, "access": "PUBLIC", "owner": "CITY OF DUBLIN OHIO", "owner_addr": "6285 COSGRAY  RD REAR", "species": ["Largemouth bass", "Bluegill"], "bass": "GOOD", "easy_access": true, "public_shore_m": 244, "nearest_park_m": 212, "osm_id": 869960372, "lat": 40.096109, "lon": -83.199867}}, {"type": "Feature", "geometry": {"type": "Polygon", "coordinates": [[[-83.1869751, 40.0975723], [-83.1869349, 40.0975561], [-83.1868977, 40.0975371], [-83.1868536, 40.0975251], [-83.1868006, 40.0975204], [-83.1867545, 40.097512], [-83.1867011, 40.0975022], [-83.1866605, 40.0974944], [-83.1866296, 40.0974853], [-83.1866107, 40.0974762], [-83.1865905, 40.0974395], [-83.1865552, 40.0974166], [-83.1865384, 40.0973797], [-83.1865263, 40.0973515], [-83.1865188, 40.0973272], [-83.186507, 40.0973035], [-83.1864995, 40.0972642], [-83.1864881, 40.0972343], [-83.1864747, 40.0972035], [-83.1864663, 40.0971706], [-83.1864555, 40.0971426], [-83.1864569, 40.0971119], [-83.1864729, 40.0970916], [-83.1864943, 40.0970764], [-83.1865308, 40.0970644], [-83.1865754, 40.0970631], [-83.1866059, 40.0970668], [-83.1866342, 40.0970965], [-83.1866735, 40.09715], [-83.1867164, 40.0971975], [-83.1867563, 40.0972311], [-83.1868141, 40.0972569], [-83.1868601, 40.0972764], [-83.1869102, 40.0972888], [-83.1869713, 40.0972947], [-83.1870169, 40.0972962], [-83.1870619, 40.0972947], [-83.1871053, 40.0972931], [-83.1871668, 40.0972871], [-83.1872551, 40.0972791], [-83.1872888, 40.097271], [-83.1873316, 40.0972534], [-83.187379, 40.0972351], [-83.1874055, 40.0972182], [-83.1874043, 40.0971799], [-83.1873946, 40.0971403], [-83.1873807, 40.0971153], [-83.1873678, 40.0970805], [-83.1873487, 40.0970539], [-83.187337, 40.0970319], [-83.1873278, 40.097011], [-83.1873251, 40.0969819], [-83.1873169, 40.0969599], [-83.187318, 40.0969337], [-83.1873271, 40.0969092], [-83.1873497, 40.0968723], [-83.1873646, 40.0968447], [-83.1873941, 40.096799], [-83.1874093, 40.0967644], [-83.1874316, 40.0967236], [-83.1874562, 40.0966956], [-83.187498, 40.0966755], [-83.1875395, 40.0966788], [-83.1875882, 40.0966974], [-83.1876296, 40.0967361], [-83.1876599, 40.0968276], [-83.1876552, 40.0968594], [-83.1876267, 40.0969323], [-83.1876106, 40.0969733], [-83.1876023, 40.0970113], [-83.187564, 40.097055], [-83.1875509, 40.0971102], [-83.1875678, 40.097153], [-83.1875956, 40.0971929], [-83.1876271, 40.0972187], [-83.187656, 40.0972497], [-83.1876548, 40.0972743], [-83.1876446, 40.0973123], [-83.1876302, 40.0973293], [-83.1875953, 40.0973363], [-83.1875601, 40.097339], [-83.1875056, 40.0973383], [-83.1874522, 40.0973372], [-83.1874057, 40.0973392], [-83.1873783, 40.0973459], [-83.187316, 40.0973607], [-83.1872747, 40.0973843], [-83.1872484, 40.0974219], [-83.1872216, 40.0974587], [-83.1872068, 40.0974903], [-83.187193, 40.0975151], [-83.1871769, 40.0975402], [-83.1871561, 40.0975605], [-83.1871191, 40.0975784], [-83.1870663, 40.097592], [-83.1869751, 40.0975723]]]}, "properties": {"name": "Unnamed water", "tier": "HIDDEN GEM", "score": 100, "wtype": "pond", "acres": 0.92, "access": "PUBLIC", "owner": "CITY OF DUBLIN OHIO", "owner_addr": "6100 DUBLIN PARK DR", "species": ["Largemouth bass", "Bluegill", "Black crappie", "Channel catfish"], "bass": "PRIME", "easy_access": false, "public_shore_m": 394, "nearest_park_m": 358, "osm_id": 918345125, "lat": 40.097217, "lon": -83.187121}}, {"type": "Feature", "geometry": {"type": "Polygon", "coordinates": [[[-83.1350346, 39.9146141], [-83.1337939, 39.9146417], [-83.1337489, 39.9134004], [-83.1350257, 39.9133728], [-83.1350298, 39.9139452], [-83.1350346, 39.9146141]]]}, "properties": {"name": "Unnamed water", "tier": "HIDDEN GEM", "score": 100, "wtype": "lake", "acres": 3.67, "access": "PUBLIC", "owner": "CITY OF COLUMBUS OHIO", "owner_addr": "KRIEGER       CT REAR", "species": ["Largemouth bass", "Bluegill", "Black crappie", "Channel catfish"], "bass": "PRIME", "easy_access": false, "public_shore_m": 252, "nearest_park_m": 403, "osm_id": 923324556, "lat": 39.914004, "lon": -83.134401}}, {"type": "Feature", "geometry": {"type": "Polygon", "coordinates": [[[-82.9360757, 40.0742228], [-82.9358879, 40.0740219], [-82.9357193, 40.0740864], [-82.9356374, 40.0741472], [-82.9355748, 40.0742246], [-82.9356061, 40.0743499], [-82.9356374, 40.074455], [-82.9356206, 40.0745397], [-82.9356013, 40.0745803], [-82.9356663, 40.0746042], [-82.935741, 40.0745453], [-82.9360541, 40.07442], [-82.9360757, 40.0742228]]]}, "properties": {"name": "Unnamed water", "tier": "HIDDEN GEM", "score": 100, "wtype": "pond", "acres": 0.44, "access": "PUBLIC", "owner": "VILLAGE OF MINERVA PARK FRANKLIN COUNTY OHIO", "owner_addr": "WOLFBIRCH DR", "species": ["Largemouth bass", "Bluegill"], "bass": "GOOD", "easy_access": false, "public_shore_m": 171, "nearest_park_m": 338, "osm_id": 933081318, "lat": 40.0743, "lon": -82.935817}}, {"type": "Feature", "geometry": {"type": "Polygon", "coordinates": [[[-82.9349102, 40.0737768], [-82.9349318, 40.0734967], [-82.9350041, 40.0733843], [-82.9349439, 40.073329], [-82.9349029, 40.0732535], [-82.9348933, 40.073154], [-82.9348066, 40.0728831], [-82.9347368, 40.0727614], [-82.9346139, 40.0726914], [-82.9343418, 40.0726509], [-82.9342359, 40.0727412], [-82.9342286, 40.0727799], [-82.9342479, 40.0728112], [-82.9344141, 40.072931], [-82.934508, 40.0730692], [-82.9345586, 40.073283], [-82.9345393, 40.0736681], [-82.9345634, 40.0736994], [-82.9346019, 40.0737308], [-82.9346645, 40.0737474], [-82.9347103, 40.0737437], [-82.9348042, 40.0737732], [-82.9349102, 40.0737768]]]}, "properties": {"name": "Unnamed water", "tier": "HIDDEN GEM", "score": 100, "wtype": "pond", "acres": 1.01, "access": "PUBLIC", "owner": "VILLAGE OF MINERVA PARK FRANKLIN COUNTY OHIO", "owner_addr": "BLACK SYCAMORE DR", "species": ["Largemouth bass", "Bluegill", "Black crappie", "Channel catfish"], "bass": "PRIME", "easy_access": false, "public_shore_m": 317, "nearest_park_m": 357, "osm_id": 933081319, "lat": 40.073196, "lon": -82.934667}}, {"type": "Feature", "geometry": {"type": "Polygon", "coordinates": [[[-82.938646, 40.0761696], [-82.9384897, 40.0760187], [-82.9384098, 40.075986], [-82.9383049, 40.075982], [-82.9381859, 40.0759996], [-82.9380509, 40.0760064], [-82.9379016, 40.076001], [-82.9377417, 40.075982], [-82.9376725, 40.0759697], [-82.9375374, 40.0759725], [-82.9375126, 40.0759928], [-82.9375552, 40.0760404], [-82.9376174, 40.0760663], [-82.9377453, 40.0760785], [-82.9379478, 40.0760676], [-82.9380367, 40.076069], [-82.9381415, 40.0760581], [-82.938257, 40.0760853], [-82.9383191, 40.0761533], [-82.9385039, 40.076209], [-82.9385981, 40.0762131], [-82.938646, 40.0761696]]]}, "properties": {"name": "Unnamed water", "tier": "HIDDEN GEM", "score": 100, "wtype": "pond", "acres": 0.27, "access": "PUBLIC", "owner": "VILLAGE OF MINERVA PARK FRANKLIN COUNTY OHIO", "owner_addr": "QUIET BROOK VALE", "species": ["Largemouth bass", "Bluegill"], "bass": "GOOD", "easy_access": false, "public_shore_m": 215, "nearest_park_m": 484, "osm_id": 933081328, "lat": 40.076064, "lon": -82.938155}}, {"type": "Feature", "geometry": {"type": "Polygon", "coordinates": [[[-83.1002177, 39.8895927], [-83.0998407, 39.8897071], [-83.0996876, 39.8897373], [-83.0994677, 39.8897328], [-83.0993067, 39.8897041], [-83.0991339, 39.8896424], [-83.0989552, 39.8895203], [-83.0988472, 39.8893637], [-83.0988001, 39.8892341], [-83.0987922, 39.8890985], [-83.0988119, 39.88899], [-83.0988845, 39.888865], [-83.0990004, 39.8887234], [-83.0991162, 39.8886586], [-83.0992517, 39.8886013], [-83.0993754, 39.8885607], [-83.0995305, 39.888532], [-83.0997111, 39.8885426], [-83.1000017, 39.8886179], [-83.1002138, 39.8886978], [-83.10031, 39.8887686], [-83.1003296, 39.8888153], [-83.100149, 39.8891286], [-83.1001431, 39.8891844], [-83.1001804, 39.8892823], [-83.100259, 39.8894224], [-83.1002923, 39.8894902], [-83.1002786, 39.8895505], [-83.1002177, 39.8895927]]]}, "properties": {"name": "Unnamed water", "tier": "HIDDEN GEM", "score": 100, "wtype": "pond", "acres": 3.39, "access": "PUBLIC", "owner": "CITY OF GROVE CITY OHIO", "owner_addr": "3700 BEULAH PARK WY", "species": ["Largemouth bass", "Bluegill", "Black crappie", "Channel catfish"], "bass": "PRIME", "easy_access": false, "public_shore_m": 437, "nearest_park_m": 260, "osm_id": 956172055, "lat": 39.889139, "lon": -83.099561}}, {"type": "Feature", "geometry": {"type": "Polygon", "coordinates": [[[-83.0373109, 39.8613019], [-83.0372415, 39.8612197], [-83.0372074, 39.8610843], [-83.0371806, 39.8610161], [-83.0371563, 39.8610039], [-83.037166, 39.8609703], [-83.037121, 39.8608853], [-83.0371247, 39.860691], [-83.0370638, 39.8606293], [-83.0370042, 39.8605798], [-83.0369652, 39.8604854], [-83.036981, 39.86035], [-83.0370151, 39.8602836], [-83.0370577, 39.8602617], [-83.0371168, 39.8602621], [-83.0371813, 39.860271], [-83.0372281, 39.8602958], [-83.0372354, 39.860335], [-83.0372232, 39.8603612], [-83.0372378, 39.8604266], [-83.0372622, 39.8604807], [-83.0372975, 39.8605658], [-83.0373632, 39.8607321], [-83.0374034, 39.8608918], [-83.0374642, 39.8610291], [-83.0375019, 39.8611749], [-83.0374946, 39.8612328], [-83.0374861, 39.8612795], [-83.0374654, 39.8612982], [-83.0374216, 39.8613113], [-83.0373693, 39.861316], [-83.0373109, 39.8613019]]]}, "properties": {"name": "Unnamed water", "tier": "HIDDEN GEM", "score": 100, "wtype": "pond", "acres": 0.64, "access": "PUBLIC", "owner": "CITY OF GROVE CITY OHIO", "owner_addr": "PINNACLE CLUB DR", "species": ["Largemouth bass", "Bluegill", "Black crappie", "Channel catfish"], "bass": "PRIME", "easy_access": false, "public_shore_m": 272, "nearest_park_m": 546, "osm_id": 956316790, "lat": 39.860786, "lon": -83.037238}}, {"type": "Feature", "geometry": {"type": "Polygon", "coordinates": [[[-83.0371533, 39.8589963], [-83.0370736, 39.859], [-83.0368669, 39.8589814], [-83.0365949, 39.8589119], [-83.0364729, 39.8588293], [-83.0364148, 39.8587115], [-83.0364136, 39.8585955], [-83.036433, 39.8584461], [-83.0364584, 39.8583348], [-83.036497, 39.8582763], [-83.0365671, 39.8582652], [-83.0367315, 39.8583654], [-83.0370059, 39.8586465], [-83.0371666, 39.8587504], [-83.0371775, 39.8588024], [-83.0372367, 39.8588738], [-83.0372488, 39.8589295], [-83.037221, 39.8589833], [-83.0371533, 39.8589963]]]}, "properties": {"name": "Unnamed water", "tier": "HIDDEN GEM", "score": 100, "wtype": "pond", "acres": 0.86, "access": "PUBLIC", "owner": "CITY OF GROVE CITY OHIO", "owner_addr": "HOLTEN RD", "species": ["Largemouth bass", "Bluegill", "Black crappie", "Channel catfish"], "bass": "PRIME", "easy_access": false, "public_shore_m": 241, "nearest_park_m": 705, "osm_id": 956317222, "lat": 39.858689, "lon": -83.036766}}, {"type": "Feature", "geometry": {"type": "Polygon", "coordinates": [[[-82.8336147, 39.8504565], [-82.8336555, 39.8504384], [-82.8336878, 39.850412], [-82.8336921, 39.8503674], [-82.8336125, 39.8503063], [-82.8334147, 39.8502419], [-82.8332921, 39.8502072], [-82.833191, 39.8501907], [-82.8331544, 39.8501907], [-82.832991, 39.8501478], [-82.8328727, 39.8501181], [-82.8326985, 39.8500949], [-82.8325114, 39.8500685], [-82.8323587, 39.8500421], [-82.8322103, 39.8500603], [-82.8320984, 39.8500949], [-82.8320425, 39.850123], [-82.8319801, 39.8501445], [-82.83195, 39.8501857], [-82.831978, 39.8502204], [-82.832021, 39.8502617], [-82.832092, 39.8502947], [-82.8322404, 39.8503211], [-82.8326662, 39.8503657], [-82.8328189, 39.850369], [-82.8329049, 39.8503872], [-82.8331351, 39.850407], [-82.8333673, 39.8504235], [-82.8336147, 39.8504565]]]}, "properties": {"name": "Unnamed water", "tier": "HIDDEN GEM", "score": 100, "wtype": "pond", "acres": 0.91, "access": "PUBLIC", "owner": "VILLAGE OF CANAL WINCHESTER", "owner_addr": "GENDER RD", "species": ["Largemouth bass", "Bluegill", "Black crappie", "Channel catfish"], "bass": "PRIME", "easy_access": true, "public_shore_m": 324, "nearest_park_m": 167, "osm_id": 974787505, "lat": 39.850251, "lon": -82.832781}}, {"type": "Feature", "geometry": {"type": "Polygon", "coordinates": [[[-83.0759384, 39.8635104], [-83.0758697, 39.8635241], [-83.0756459, 39.8635359], [-83.0755488, 39.8635041], [-83.0754161, 39.8634786], [-83.0753367, 39.8634586], [-83.0752704, 39.863425], [-83.0752242, 39.863335], [-83.0752017, 39.8632431], [-83.0751591, 39.8631913], [-83.07512, 39.863154], [-83.0751046, 39.8630922], [-83.0751117, 39.8628995], [-83.0751295, 39.8628322], [-83.0752017, 39.8628031], [-83.075287, 39.8627995], [-83.0757951, 39.8628067], [-83.0759076, 39.8628158], [-83.075955, 39.8628304], [-83.0759752, 39.8628531], [-83.0759977, 39.8629977], [-83.0759906, 39.863244], [-83.0759965, 39.8634131], [-83.0759906, 39.8634813], [-83.0759384, 39.8635104]]]}, "properties": {"name": "Unnamed water", "tier": "HIDDEN GEM", "score": 100, "wtype": "pond", "acres": 1.34, "access": "PUBLIC", "owner": "CITY OF GROVE CITY", "owner_addr": "DUNMANN WY", "species": ["Largemouth bass", "Bluegill", "Black crappie", "Channel catfish"], "bass": "PRIME", "easy_access": false, "public_shore_m": 279, "nearest_park_m": 646, "osm_id": 976518603, "lat": 39.863143, "lon": -83.075581}}, {"type": "Feature", "geometry": {"type": "Polygon", "coordinates": [[[-82.8780692, 39.8652482], [-82.8781645, 39.8652992], [-82.8783897, 39.8652881], [-82.8785658, 39.8652305], [-82.8786437, 39.8651618], [-82.8786611, 39.8650444], [-82.878586, 39.8649291], [-82.8785052, 39.8648892], [-82.8782713, 39.8648361], [-82.878, 39.8648715], [-82.877847, 39.8649003], [-82.8777661, 39.8649114], [-82.8777199, 39.8649801], [-82.8777546, 39.8650355], [-82.8779134, 39.865133], [-82.8780692, 39.8652482]]]}, "properties": {"name": "Unnamed water", "tier": "HIDDEN GEM", "score": 100, "wtype": "pond", "acres": 0.72, "access": "PUBLIC", "owner": "VILLAGE OF GROVEPORT OHIO", "owner_addr": "ELMONT PL", "species": ["Largemouth bass", "Bluegill", "Black crappie", "Channel catfish"], "bass": "PRIME", "easy_access": false, "public_shore_m": 208, "nearest_park_m": 519, "osm_id": 985585814, "lat": 39.865057, "lon": -82.87823}}, {"type": "Feature", "geometry": {"type": "Polygon", "coordinates": [[[-82.832377, 39.8729073], [-82.8325913, 39.873015], [-82.8326908, 39.8730287], [-82.8328056, 39.8731012], [-82.8330047, 39.8730581], [-82.8332675, 39.8729641], [-82.8333134, 39.8728877], [-82.8331195, 39.8724491], [-82.8330531, 39.8722611], [-82.8329664, 39.8721729], [-82.832946, 39.8721201], [-82.8328268, 39.8718591], [-82.8328079, 39.8717609], [-82.832754, 39.8717172], [-82.8325195, 39.8717559], [-82.8323449, 39.8717982], [-82.8322371, 39.8718112], [-82.8321861, 39.8718591], [-82.8323052, 39.8719853], [-82.8323052, 39.8721028], [-82.8322371, 39.8722203], [-82.8321351, 39.8723726], [-82.8321407, 39.8725119], [-82.8321237, 39.8727251], [-82.8322371, 39.8728426], [-82.832377, 39.8729073]]]}, "properties": {"name": "Unnamed water", "tier": "HIDDEN GEM", "score": 100, "wtype": "pond", "acres": 2.53, "access": "PUBLIC", "owner": "CITY OF COLUMBUS OHIO", "owner_addr": "CASTLEROCK DR", "species": ["Largemouth bass", "Bluegill", "Black crappie", "Channel catfish"], "bass": "PRIME", "easy_access": false, "public_shore_m": 294, "nearest_park_m": 578, "osm_id": 985856619, "lat": 39.872461, "lon": -82.832669}}, {"type": "Feature", "geometry": {"type": "Polygon", "coordinates": [[[-82.8836848, 39.8490004], [-82.8836917, 39.8490489], [-82.8837083, 39.8490743], [-82.8837767, 39.8491063], [-82.8838638, 39.8491221], [-82.8839509, 39.8491297], [-82.8840272, 39.8491298], [-82.8840661, 39.8491206], [-82.8841027, 39.8490904], [-82.8841198, 39.8490594], [-82.8841241, 39.8490299], [-82.8841458, 39.8489981], [-82.8841824, 39.8489796], [-82.8842323, 39.8489694], [-82.8842644, 39.8489626], [-82.8842892, 39.8489403], [-82.8843052, 39.8489031], [-82.8843046, 39.8488468], [-82.8843007, 39.8487895], [-82.8842904, 39.8487563], [-82.8842633, 39.8487354], [-82.8842018, 39.8486943], [-82.8841842, 39.8486711], [-82.8841806, 39.8486485], [-82.8841784, 39.8486077], [-82.8841597, 39.8485532], [-82.8841323, 39.8484988], [-82.8841113, 39.8484592], [-82.8840465, 39.8483657], [-82.884027, 39.8483438], [-82.8839316, 39.8482628], [-82.8838872, 39.8482414], [-82.8838236, 39.8482177], [-82.8837784, 39.8482116], [-82.883739, 39.8482164], [-82.8836742, 39.848231], [-82.8836065, 39.848255], [-82.883563, 39.848289], [-82.8835398, 39.8483379], [-82.8835282, 39.848367], [-82.8835321, 39.8483953], [-82.88354, 39.8484094], [-82.8835453, 39.8484396], [-82.88355, 39.8484644], [-82.8835731, 39.8484865], [-82.883605, 39.8485084], [-82.8836589, 39.8485345], [-82.8837373, 39.8485668], [-82.8838027, 39.8485909], [-82.8838275, 39.8486125], [-82.8838859, 39.8486304], [-82.8839134, 39.8486327], [-82.8839356, 39.8486456], [-82.883955, 39.8486686], [-82.8839546, 39.848678], [-82.8839406, 39.8486895], [-82.8839195, 39.8486967], [-82.8838549, 39.8486978], [-82.8838143, 39.8487041], [-82.8837752, 39.8487114], [-82.8836975, 39.8487006], [-82.8836483, 39.8486926], [-82.8835805, 39.8486861], [-82.8835177, 39.8486784], [-82.8834851, 39.8486769], [-82.8833921, 39.8486816], [-82.8833482, 39.8486782], [-82.8831458, 39.848716], [-82.8831095, 39.8487109], [-82.883058, 39.848702], [-82.8829766, 39.8486762], [-82.882896, 39.8486664], [-82.8828544, 39.8486668], [-82.882824, 39.848667], [-82.8827846, 39.8486707], [-82.8827482, 39.848682], [-82.882713, 39.848701], [-82.88268, 39.848726], [-82.8826665, 39.8487711], [-82.8826538, 39.8488803], [-82.8826546, 39.8489427], [-82.8826676, 39.849016], [-82.882691, 39.8490441], [-82.8827253, 39.8490647], [-82.8827505, 39.8490722], [-82.882789, 39.8490818], [-82.8828549, 39.8490829], [-82.8829058, 39.8490773], [-82.8829557, 39.8490786], [-82.8829898, 39.8490832], [-82.883053, 39.8490995], [-82.8831265, 39.8491081], [-82.883181, 39.8491136], [-82.8832383, 39.8491154], [-82.8832831, 39.849109], [-82.8833059, 39.849095], [-82.8833142, 39.8490733], [-82.8832853, 39.8490314], [-82.8832672, 39.8490037], [-82.8832451, 39.8489649], [-82.8832551, 39.8489091], [-82.8832821, 39.8488703], [-82.8833391, 39.8488366], [-82.8833442, 39.8488396], [-82.8833586, 39.8488334], [-82.8834288, 39.8488089], [-82.883494, 39.8488081], [-82.8835478, 39.8488123], [-82.8836002, 39.8488371], [-82.8836333, 39.8488606], [-82.8836555, 39.8488857], [-82.8836739, 39.8489392], [-82.8836848, 39.8490004]]]}, "properties": {"name": "Unnamed water", "tier": "HIDDEN GEM", "score": 100, "wtype": "pond", "acres": 1.72, "access": "PUBLIC", "owner": "VILLAGE OF GROVEPORT", "owner_addr": "6210 RICHARDSON RD", "species": ["Largemouth bass", "Bluegill", "Black crappie", "Channel catfish"], "bass": "PRIME", "easy_access": true, "public_shore_m": 537, "nearest_park_m": 130, "osm_id": 998441954, "lat": 39.84876, "lon": -82.883568}}, {"type": "Feature", "geometry": {"type": "Polygon", "coordinates": [[[-83.0980325, 40.0035842], [-83.0981505, 40.0037198], [-83.0982095, 40.00388], [-83.0981827, 40.0040197], [-83.0980593, 40.0042046], [-83.0979735, 40.0043443], [-83.0978608, 40.004443], [-83.0976677, 40.0045416], [-83.0975282, 40.0045662], [-83.0973405, 40.0045251], [-83.097201, 40.0045539], [-83.0970937, 40.0046197], [-83.0969811, 40.0047799], [-83.0967933, 40.0049813], [-83.0966431, 40.005121], [-83.0964124, 40.0052483], [-83.0962837, 40.0053059], [-83.0961549, 40.0053757], [-83.0960798, 40.0054374], [-83.0959779, 40.0054538], [-83.0958545, 40.0054456], [-83.095758, 40.0054045], [-83.0956936, 40.005347], [-83.0956453, 40.0052114], [-83.0956399, 40.0051004], [-83.0956292, 40.0049895], [-83.0956882, 40.0049237], [-83.095699, 40.0048539], [-83.095637, 40.004769], [-83.095597, 40.0047142], [-83.095538, 40.0045621], [-83.0955005, 40.0043895], [-83.095538, 40.0042211], [-83.0956131, 40.0041225], [-83.0957848, 40.0040978], [-83.0959725, 40.0040896], [-83.0961281, 40.0040362], [-83.0963481, 40.0039334], [-83.0964446, 40.0038554], [-83.0971849, 40.0036787], [-83.0974531, 40.003691], [-83.0976731, 40.0036704], [-83.0978447, 40.0036129], [-83.0979627, 40.00358], [-83.0980325, 40.0035842]]]}, "properties": {"name": "Unnamed water", "tier": "HIDDEN GEM", "score": 100, "wtype": "pond", "acres": 6.5, "access": "PUBLIC", "owner": "BOARD OF PARK COMMISSIONERS OF THE COLUMBUS AND FRANKLIN COUNTY METROPOLITAN PARK DISTRICT", "owner_addr": "2600 DUBLIN RD", "species": ["Largemouth bass", "Bluegill", "Black crappie", "Channel catfish"], "bass": "PRIME", "easy_access": true, "public_shore_m": 708, "nearest_park_m": 188, "osm_id": 1006261749, "lat": 40.004411, "lon": -83.096721}}, {"type": "Feature", "geometry": {"type": "Polygon", "coordinates": [[[-82.9155238, 39.8816048], [-82.9154817, 39.8815501], [-82.9154493, 39.8815302], [-82.915391, 39.8815252], [-82.9153295, 39.88156], [-82.9152421, 39.8816445], [-82.9152032, 39.8816768], [-82.9151546, 39.8816967], [-82.9151157, 39.8817191], [-82.9150995, 39.8817912], [-82.9151546, 39.8818309], [-82.9152582, 39.8818086], [-82.9153748, 39.8818011], [-82.9154267, 39.8818433], [-82.9154267, 39.8818906], [-82.915404, 39.8819154], [-82.9153457, 39.8819452], [-82.9153295, 39.8819875], [-82.915323, 39.8820794], [-82.9152939, 39.8821689], [-82.9153522, 39.8822385], [-82.9154396, 39.882236], [-82.9155497, 39.8822484], [-82.9155983, 39.8822733], [-82.9156696, 39.882236], [-82.9157408, 39.8822137], [-82.9158088, 39.8821963], [-82.9158736, 39.8821341], [-82.9158866, 39.8820422], [-82.9158898, 39.88199], [-82.9159319, 39.8819278], [-82.9159416, 39.8818707], [-82.9159254, 39.8818235], [-82.9158509, 39.8817738], [-82.9157797, 39.8817564], [-82.9157279, 39.8817439], [-82.9156469, 39.8817166], [-82.9155724, 39.8816843], [-82.9155433, 39.8816569], [-82.9155238, 39.8816048]]]}, "properties": {"name": "Unnamed water", "tier": "HIDDEN GEM", "score": 100, "wtype": "pond", "acres": 0.81, "access": "PUBLIC", "owner": "CITY OF COLUMBUS", "owner_addr": "WILLIAMS RD", "species": ["Largemouth bass", "Bluegill", "Black crappie", "Channel catfish"], "bass": "PRIME", "easy_access": false, "public_shore_m": 268, "nearest_park_m": 746, "osm_id": 1008919573, "lat": 39.881919, "lon": -82.915552}}, {"type": "Feature", "geometry": {"type": "Polygon", "coordinates": [[[-82.8756444, 39.8489248], [-82.875743, 39.8488642], [-82.8758189, 39.8488153], [-82.875875, 39.8487827], [-82.8759402, 39.8487524], [-82.87601, 39.8487361], [-82.8760783, 39.8487268], [-82.8761208, 39.8487174], [-82.8761587, 39.8486976], [-82.8762209, 39.8486452], [-82.8762649, 39.8485951], [-82.8762801, 39.8485532], [-82.8762816, 39.8485299], [-82.876271, 39.8485194], [-82.8762528, 39.8485182], [-82.8762361, 39.8485287], [-82.8761982, 39.848552], [-82.8761572, 39.8485637], [-82.8760844, 39.8485683], [-82.8760616, 39.8485578], [-82.8760313, 39.8485217], [-82.8759918, 39.8484355], [-82.8759175, 39.8482818], [-82.8758886, 39.8482503], [-82.8758446, 39.8482317], [-82.8758037, 39.848227], [-82.8757673, 39.8482352], [-82.8757369, 39.8482503], [-82.8756975, 39.8482841], [-82.8756277, 39.8483388], [-82.8755852, 39.8483575], [-82.8755427, 39.8483621], [-82.8755002, 39.8483656], [-82.8754668, 39.8483785], [-82.8754198, 39.8484076], [-82.8753697, 39.8484262], [-82.875306, 39.8484402], [-82.8752741, 39.8484577], [-82.8752544, 39.84846], [-82.8752332, 39.8484681], [-82.8752165, 39.8484716], [-82.8751937, 39.8484821], [-82.8751452, 39.8485252], [-82.8751376, 39.8485613], [-82.8751482, 39.8485998], [-82.8751679, 39.8486242], [-82.8751907, 39.8486336], [-82.8752195, 39.8486336], [-82.8752635, 39.8486242], [-82.8753333, 39.8486196], [-82.8753804, 39.8486289], [-82.8754259, 39.8486604], [-82.8754486, 39.8486953], [-82.8754653, 39.8487535], [-82.8754775, 39.8487943], [-82.8754759, 39.8488211], [-82.8754638, 39.8488502], [-82.875438, 39.8488689], [-82.8754001, 39.848884], [-82.8753682, 39.8489003], [-82.8753364, 39.8489224], [-82.8753242, 39.8489399], [-82.8753227, 39.8489586], [-82.8753364, 39.8489784], [-82.8753561, 39.8489877], [-82.8753819, 39.8489935], [-82.8754274, 39.8489982], [-82.8754608, 39.848997], [-82.8754987, 39.8489865], [-82.8755321, 39.8489714], [-82.8756444, 39.8489248]]]}, "properties": {"name": "Unnamed water", "tier": "HIDDEN GEM", "score": 100, "wtype": "pond", "acres": 0.97, "access": "PUBLIC", "owner": "VILLAGE OF GROVEPORT", "owner_addr": "RICHARDSON RD", "species": ["Largemouth bass", "Bluegill", "Black crappie", "Channel catfish"], "bass": "PRIME", "easy_access": false, "public_shore_m": 314, "nearest_park_m": 348, "osm_id": 1018333307, "lat": 39.848598, "lon": -82.875687}}, {"type": "Feature", "geometry": {"type": "Polygon", "coordinates": [[[-82.8184292, 39.8903422], [-82.8183361, 39.890194], [-82.818271, 39.8901842], [-82.8182021, 39.8901359], [-82.8179548, 39.8901314], [-82.8178584, 39.8902011], [-82.8178345, 39.8902868], [-82.8179332, 39.8903762], [-82.8181486, 39.8904223], [-82.8182959, 39.8904144], [-82.8184292, 39.8903422]]]}, "properties": {"name": "Unnamed water", "tier": "HIDDEN GEM", "score": 100, "wtype": "pond", "acres": 0.3, "access": "PUBLIC", "owner": "BD OF PARK COMM OF COLS FRAN CTY METRO PARK DIST", "owner_addr": "6261 WRIGHT RD", "species": ["Largemouth bass", "Bluegill"], "bass": "GOOD", "easy_access": true, "public_shore_m": 133, "nearest_park_m": 127, "osm_id": 1088309468, "lat": 39.890277, "lon": -82.818123}}, {"type": "Feature", "geometry": {"type": "Polygon", "coordinates": [[[-83.1537, 40.0495953], [-83.1536285, 40.0496343], [-83.1535668, 40.0496671], [-83.1534729, 40.0496979], [-83.1533549, 40.0497164], [-83.1532127, 40.0497308], [-83.1531054, 40.0497308], [-83.1529794, 40.0497267], [-83.1528882, 40.0497226], [-83.1528453, 40.0497246], [-83.1528265, 40.0497924], [-83.1528453, 40.0498457], [-83.1528801, 40.0499032], [-83.152907, 40.0499689], [-83.1529526, 40.0500162], [-83.1530008, 40.0500654], [-83.1530706, 40.0501024], [-83.1531591, 40.0501373], [-83.1532369, 40.0501558], [-83.1533173, 40.0501578], [-83.1533978, 40.0501578], [-83.1534863, 40.0501373], [-83.1535641, 40.0501065], [-83.1536231, 40.0500695], [-83.1536794, 40.0500264], [-83.1537277, 40.0499833], [-83.1537626, 40.0499114], [-83.153784, 40.0498519], [-83.1537921, 40.0497883], [-83.1537921, 40.0497369], [-83.1537572, 40.0496712], [-83.1537358, 40.0496302], [-83.1537, 40.0495953]]]}, "properties": {"name": "Unnamed water", "tier": "HIDDEN GEM", "score": 100, "wtype": "pond", "acres": 0.84, "access": "PUBLIC", "owner": "BOARD OF EDUCATION OF THE SCIOTO DARBY CITY SD", "owner_addr": "4970 DAVIDSON RD", "species": ["Largemouth bass", "Bluegill", "Black crappie", "Channel catfish"], "bass": "PRIME", "easy_access": true, "public_shore_m": 236, "nearest_park_m": 249, "osm_id": 1106614464, "lat": 40.049896, "lon": -83.15334}}, {"type": "Feature", "geometry": {"type": "Polygon", "coordinates": [[[-82.7935399, 40.0099552], [-82.7933467, 40.0099023], [-82.7929605, 40.009868], [-82.7924259, 40.0098276], [-82.7920804, 40.0098385], [-82.7918872, 40.0099303], [-82.7916454, 40.0100689], [-82.7916027, 40.0101654], [-82.7916169, 40.0102199], [-82.7916636, 40.0102728], [-82.7917348, 40.0102931], [-82.791875, 40.0102526], [-82.7920397, 40.0102059], [-82.7921596, 40.0102401], [-82.7922958, 40.0103304], [-82.7924462, 40.0103631], [-82.7926434, 40.0102028], [-82.7926902, 40.0101607], [-82.7927918, 40.0101763], [-82.7929178, 40.0101483], [-82.7930276, 40.0101561], [-82.7931455, 40.0101779], [-82.793239, 40.010251], [-82.7932878, 40.0103273], [-82.7933305, 40.010388], [-82.7933935, 40.0104223], [-82.7934809, 40.0103834], [-82.7935805, 40.0101545], [-82.7935947, 40.0100377], [-82.7935744, 40.0099801], [-82.7935399, 40.0099552]]]}, "properties": {"name": "Unnamed water", "tier": "HIDDEN GEM", "score": 100, "wtype": "pond", "acres": 1.69, "access": "PUBLIC", "owner": "BD OF TRUSTEES OF JEFFERSON TOWNSHIP", "owner_addr": "1121 WAGGONER RD", "species": ["Largemouth bass", "Bluegill", "Black crappie", "Channel catfish"], "bass": "PRIME", "easy_access": false, "public_shore_m": 434, "nearest_park_m": 517, "osm_id": 1106730468, "lat": 40.010075, "lon": -82.792623}}, {"type": "Feature", "geometry": {"type": "Polygon", "coordinates": [[[-82.7952179, 40.009246], [-82.7953866, 40.0092755], [-82.7954516, 40.0092584], [-82.795476, 40.0091868], [-82.7954821, 40.0090934], [-82.7955106, 40.008961], [-82.795472, 40.0088178], [-82.7953642, 40.0087804], [-82.7952362, 40.0087991], [-82.7951081, 40.0089034], [-82.7948723, 40.0089859], [-82.7945999, 40.009042], [-82.7944678, 40.0091634], [-82.7944292, 40.0092304], [-82.79448, 40.0092786], [-82.7946142, 40.009302], [-82.7947524, 40.0093067], [-82.7949455, 40.0092911], [-82.7950979, 40.009246], [-82.7952179, 40.009246]]]}, "properties": {"name": "Unnamed water", "tier": "HIDDEN GEM", "score": 100, "wtype": "pond", "acres": 0.82, "access": "PUBLIC", "owner": "BD OF TRUSTEES OF JEFFERSON TOWNSHIP", "owner_addr": "RESERVE B", "species": ["Largemouth bass", "Bluegill", "Black crappie", "Channel catfish"], "bass": "PRIME", "easy_access": false, "public_shore_m": 251, "nearest_park_m": 562, "osm_id": 1106730469, "lat": 40.00909, "lon": -82.79505}}, {"type": "Feature", "geometry": {"type": "Polygon", "coordinates": [[[-82.7947318, 40.0190955], [-82.7947559, 40.0189106], [-82.7947479, 40.0187689], [-82.7946808, 40.0186765], [-82.7945843, 40.0186662], [-82.7944019, 40.0188141], [-82.7941471, 40.0189599], [-82.7938386, 40.0189907], [-82.7936267, 40.0189414], [-82.7933826, 40.0188613], [-82.7931466, 40.0188798], [-82.7930554, 40.0190277], [-82.7931037, 40.0191633], [-82.7932432, 40.0192229], [-82.793396, 40.0192085], [-82.7935784, 40.0191551], [-82.7937608, 40.0191489], [-82.793911, 40.0192044], [-82.7940451, 40.0192598], [-82.7942329, 40.0192578], [-82.7944126, 40.0192085], [-82.7946701, 40.0192003], [-82.7947318, 40.0190955]]]}, "properties": {"name": "Unnamed water", "tier": "HIDDEN GEM", "score": 100, "wtype": "pond", "acres": 1.26, "access": "PUBLIC", "owner": "BOARD OF TRUSTEES OF JEFFERSON TOWNSHIP FRANKLIN COUNTY OHIO & ITS SUCCESSORS IN OFFICE FOREVER", "owner_addr": "HAVENS CORNER", "species": ["Largemouth bass", "Bluegill", "Black crappie", "Channel catfish"], "bass": "PRIME", "easy_access": false, "public_shore_m": 382, "nearest_park_m": 420, "osm_id": 1106730470, "lat": 40.019028, "lon": -82.794003}}, {"type": "Feature", "geometry": {"type": "Polygon", "coordinates": [[[-82.7953586, 40.0156843], [-82.7953551, 40.0155515], [-82.7954082, 40.0153916], [-82.7953993, 40.0152805], [-82.7954188, 40.015187], [-82.7956223, 40.0149579], [-82.7957815, 40.0149118], [-82.7959567, 40.0149498], [-82.7959868, 40.0150379], [-82.7958736, 40.0151721], [-82.7958311, 40.0152141], [-82.7957692, 40.0154174], [-82.7956594, 40.0154987], [-82.7954683, 40.0156654], [-82.7953586, 40.0156843]]]}, "properties": {"name": "Unnamed water", "tier": "HIDDEN GEM", "score": 100, "wtype": "pond", "acres": 0.61, "access": "PUBLIC", "owner": "JEFFERSON TOWNSHIP BD OF TRS", "owner_addr": "PATEO PASS DR", "species": ["Largemouth bass", "Bluegill", "Black crappie", "Channel catfish"], "bass": "PRIME", "easy_access": false, "public_shore_m": 221, "nearest_park_m": 652, "osm_id": 1106730471, "lat": 40.015258, "lon": -82.795633}}, {"type": "Feature", "geometry": {"type": "Polygon", "coordinates": [[[-82.7966345, 40.0154553], [-82.7965619, 40.0154756], [-82.7963938, 40.0156518], [-82.7959974, 40.0158036], [-82.7959302, 40.0158754], [-82.7958913, 40.0160232], [-82.7957992, 40.0161994], [-82.7957727, 40.0163051], [-82.7958134, 40.0163471], [-82.7959567, 40.0163484], [-82.7961496, 40.0162942], [-82.796293, 40.0162319], [-82.7963655, 40.0161045], [-82.7963929, 40.0159297], [-82.7964522, 40.0158199], [-82.796677, 40.0155935], [-82.7967194, 40.0155082], [-82.7966681, 40.0154553], [-82.7966345, 40.0154553]]]}, "properties": {"name": "Unnamed water", "tier": "HIDDEN GEM", "score": 100, "wtype": "pond", "acres": 0.81, "access": "PUBLIC", "owner": "JEFFERSON TOWNSHIP BD OF TRS", "owner_addr": "PATEO PASS DR", "species": ["Largemouth bass", "Bluegill", "Black crappie", "Channel catfish"], "bass": "PRIME", "easy_access": false, "public_shore_m": 278, "nearest_park_m": 658, "osm_id": 1106730472, "lat": 40.015959, "lon": -82.796195}}, {"type": "Feature", "geometry": {"type": "Polygon", "coordinates": [[[-82.7952748, 40.0179055], [-82.7952184, 40.0178385], [-82.7952567, 40.0175574], [-82.795353, 40.0174976], [-82.7956526, 40.0173984], [-82.79572, 40.0173982], [-82.7957449, 40.0174441], [-82.7956392, 40.0175897], [-82.79546, 40.01776], [-82.7952748, 40.0179055]]]}, "properties": {"name": "Unnamed water", "tier": "HIDDEN GEM", "score": 100, "wtype": "pond", "acres": 0.3, "access": "PUBLIC", "owner": "BOARD OF TRUSTEES OF JEFFERSON TOWNSHIP FRANKLIN COUNTY OHIO & ITS SUCCESSORS IN OFFICE FOREVER", "owner_addr": "HAVENS CORNER", "species": ["Largemouth bass", "Bluegill"], "bass": "GOOD", "easy_access": false, "public_shore_m": 155, "nearest_park_m": 543, "osm_id": 1106855579, "lat": 40.017619, "lon": -82.795442}}, {"type": "Feature", "geometry": {"type": "Polygon", "coordinates": [[[-83.0732479, 39.8664985], [-83.0731888, 39.8664985], [-83.0731257, 39.8664854], [-83.0730445, 39.8664708], [-83.0729793, 39.8664308], [-83.0728971, 39.8663777], [-83.072856, 39.8663447], [-83.0727999, 39.8662939], [-83.0727578, 39.8662523], [-83.0726986, 39.8662023], [-83.0726515, 39.8661577], [-83.0725924, 39.8661061], [-83.0725523, 39.8660723], [-83.0725202, 39.8660269], [-83.0725202, 39.8659954], [-83.0725192, 39.865963], [-83.0725242, 39.8659407], [-83.0725393, 39.86592], [-83.0725613, 39.8658992], [-83.0725944, 39.8658815], [-83.0726656, 39.8658646], [-83.0727377, 39.8658546], [-83.0728009, 39.8658484], [-83.072853, 39.8658438], [-83.0729101, 39.8658484], [-83.0729913, 39.8658746], [-83.0730264, 39.8658953], [-83.0730715, 39.8659207], [-83.0731357, 39.86596], [-83.0731968, 39.8660007], [-83.073253, 39.8660446], [-83.0733041, 39.8660938], [-83.0733652, 39.8661423], [-83.0734193, 39.8662], [-83.0734705, 39.8662523], [-83.0735216, 39.8663208], [-83.0735436, 39.8663677], [-83.0735487, 39.8664193], [-83.0735487, 39.8664385], [-83.0735146, 39.8664616], [-83.0734424, 39.8664816], [-83.0733793, 39.8664978], [-83.0732951, 39.8665039], [-83.0732479, 39.8664985]]]}, "properties": {"name": "Unnamed water", "tier": "HIDDEN GEM", "score": 100, "wtype": "pond", "acres": 0.96, "access": "PUBLIC", "owner": "CITY OF GROVE CITY", "owner_addr": "HOOVER CROSSING WY", "species": ["Largemouth bass", "Bluegill", "Black crappie", "Channel catfish"], "bass": "PRIME", "easy_access": false, "public_shore_m": 247, "nearest_park_m": 399, "osm_id": 1115786245, "lat": 39.866177, "lon": -83.073032}}, {"type": "Feature", "geometry": {"type": "Polygon", "coordinates": [[[-83.1369674, 40.0589678], [-83.1369969, 40.0589565], [-83.1370264, 40.05894], [-83.1370478, 40.0589226], [-83.137072, 40.0589113], [-83.1371055, 40.0589062], [-83.1371283, 40.0589062], [-83.1371524, 40.058901], [-83.1371712, 40.0588908], [-83.1371819, 40.0588754], [-83.137186, 40.0588548], [-83.1371793, 40.0588302], [-83.1371632, 40.0588158], [-83.137143, 40.0587994], [-83.137135, 40.0587871], [-83.1371202, 40.0587666], [-83.1371162, 40.058746], [-83.1371122, 40.0587214], [-83.1371122, 40.0586988], [-83.1371082, 40.0586793], [-83.1371042, 40.0586639], [-83.1370988, 40.0586444], [-83.1370814, 40.058627], [-83.1370586, 40.0586075], [-83.1370384, 40.058589], [-83.137017, 40.0585623], [-83.1369995, 40.0585387], [-83.1369875, 40.058511], [-83.1369767, 40.0584781], [-83.1369553, 40.0584083], [-83.1369177, 40.0584155], [-83.1369137, 40.0584381], [-83.1369016, 40.0584484], [-83.1368909, 40.0584556], [-83.1368695, 40.0584648], [-83.136848, 40.058474], [-83.1368333, 40.0584833], [-83.1368212, 40.0585017], [-83.1368118, 40.0585192], [-83.1368118, 40.0585408], [-83.1368131, 40.0585623], [-83.1368185, 40.0585818], [-83.1368212, 40.0586003], [-83.1368172, 40.0586188], [-83.1368118, 40.0586362], [-83.1368064, 40.0586537], [-83.1368011, 40.0586742], [-83.1367957, 40.0586968], [-83.136797, 40.0587152], [-83.1368051, 40.0587368], [-83.1368185, 40.0587594], [-83.1368292, 40.0587809], [-83.1368373, 40.0587994], [-83.136844, 40.0588169], [-83.136844, 40.0588395], [-83.136844, 40.0588672], [-83.136844, 40.0588918], [-83.136844, 40.0589082], [-83.1368493, 40.0589298], [-83.1368654, 40.0589452], [-83.1368923, 40.0589575], [-83.1369097, 40.0589637], [-83.1369352, 40.0589698], [-83.1369674, 40.0589678]]]}, "properties": {"name": "Unnamed water", "tier": "HIDDEN GEM", "score": 100, "wtype": "pond", "acres": 0.31, "access": "PUBLIC", "owner": "CITY OF HILLIARD", "owner_addr": "CARRINGTON WAY", "species": ["Largemouth bass", "Bluegill"], "bass": "GOOD", "easy_access": false, "public_shore_m": 152, "nearest_park_m": 388, "osm_id": 1118138481, "lat": 40.058724, "lon": -83.136962}}, {"type": "Feature", "geometry": {"type": "Polygon", "coordinates": [[[-83.1367514, 40.0580234], [-83.1367421, 40.0579752], [-83.1367434, 40.0579577], [-83.1367528, 40.0579413], [-83.1367742, 40.0579341], [-83.1368158, 40.057929], [-83.1369298, 40.0579074], [-83.1369969, 40.057893], [-83.1370331, 40.0578818], [-83.1370545, 40.0578705], [-83.13708, 40.0578571], [-83.1370961, 40.0578469], [-83.1371149, 40.0578315], [-83.1371283, 40.057815], [-83.1371363, 40.0577945], [-83.137143, 40.0577699], [-83.137143, 40.0577504], [-83.137139, 40.0577268], [-83.1371296, 40.0577052], [-83.1371202, 40.0576867], [-83.1370988, 40.0576672], [-83.1370827, 40.0576518], [-83.1370639, 40.0576385], [-83.1370478, 40.0576241], [-83.1370317, 40.0576097], [-83.1370156, 40.0575831], [-83.1370156, 40.0575605], [-83.137017, 40.0575358], [-83.1370197, 40.0575102], [-83.1370277, 40.0574866], [-83.1370371, 40.0574609], [-83.1370384, 40.0574393], [-83.1370384, 40.0574198], [-83.1370304, 40.0574034], [-83.1370103, 40.0573757], [-83.1369861, 40.0573541], [-83.1369566, 40.0573418], [-83.1369285, 40.0573377], [-83.136899, 40.0573377], [-83.1368695, 40.0573429], [-83.1368359, 40.05735], [-83.1368024, 40.0573624], [-83.1367662, 40.0573788], [-83.1367313, 40.0573901], [-83.1367005, 40.0573962], [-83.1366643, 40.0573993], [-83.1366254, 40.0574003], [-83.1365892, 40.0574003], [-83.1365556, 40.0574003], [-83.1365288, 40.0574096], [-83.1365033, 40.0574219], [-83.1364765, 40.0574352], [-83.1364631, 40.0574506], [-83.1364551, 40.0574712], [-83.136443, 40.0574927], [-83.1364416, 40.0575174], [-83.136443, 40.0575379], [-83.1364484, 40.0575553], [-83.1364591, 40.0575728], [-83.1364792, 40.0575892], [-83.1365047, 40.0576128], [-83.1365288, 40.0576457], [-83.1365422, 40.0576713], [-83.1365489, 40.0576949], [-83.1365503, 40.0577196], [-83.1365503, 40.0577463], [-83.1365489, 40.057776], [-83.1365516, 40.0578037], [-83.136557, 40.0578335], [-83.1365623, 40.057854], [-83.1365758, 40.0578777], [-83.1365959, 40.0578941], [-83.1366187, 40.0579126], [-83.1366442, 40.0579403], [-83.1366656, 40.0579628], [-83.1366844, 40.0579895], [-83.1366965, 40.0580285], [-83.1367514, 40.0580234]]]}, "properties": {"name": "Unnamed water", "tier": "HIDDEN GEM", "score": 100, "wtype": "pond", "acres": 0.72, "access": "PUBLIC", "owner": "CITY OF HILLIARD", "owner_addr": "CARRINGTON WAY", "species": ["Largemouth bass", "Bluegill", "Black crappie", "Channel catfish"], "bass": "PRIME", "easy_access": false, "public_shore_m": 225, "nearest_park_m": 323, "osm_id": 1118138482, "lat": 40.057651, "lon": -83.136794}}, {"type": "Feature", "geometry": {"type": "Polygon", "coordinates": [[[-83.1492853, 40.0473673], [-83.1491136, 40.0467903], [-83.1491049, 40.0467749], [-83.1490834, 40.0467564], [-83.1490566, 40.0467544], [-83.1487039, 40.0467893], [-83.1486784, 40.0467985], [-83.1486784, 40.0468263], [-83.1487133, 40.0468468], [-83.1487481, 40.0468673], [-83.1488313, 40.0469659], [-83.1489842, 40.0471342], [-83.1490392, 40.0471753], [-83.1490593, 40.0472195], [-83.1491223, 40.0472985], [-83.1491827, 40.0473519], [-83.149239, 40.0474053], [-83.1492658, 40.0474207], [-83.1492819, 40.0474197], [-83.14929, 40.0474135], [-83.1492926, 40.047394], [-83.1492853, 40.0473673]]]}, "properties": {"name": "Unnamed water", "tier": "HIDDEN GEM", "score": 100, "wtype": "pond", "acres": 0.39, "access": "PUBLIC", "owner": "CITY OF HILLIARD OHIO", "owner_addr": "HEATH TRAILS RD", "species": ["Largemouth bass", "Bluegill"], "bass": "GOOD", "easy_access": false, "public_shore_m": 200, "nearest_park_m": 563, "osm_id": 1134938250, "lat": 40.047011, "lon": -83.149029}}, {"type": "Feature", "geometry": {"type": "Polygon", "coordinates": [[[-82.8914505, 39.8769115], [-82.8913323, 39.8770339], [-82.8913012, 39.8770446], [-82.891231, 39.8770962], [-82.8911418, 39.8771369], [-82.8910456, 39.8771723], [-82.8909534, 39.87719], [-82.8908591, 39.8771869], [-82.8907499, 39.8771739], [-82.8906226, 39.8771423], [-82.8904963, 39.8771092], [-82.8903118, 39.8770885], [-82.8901976, 39.8771023], [-82.8901445, 39.8771246], [-82.8901274, 39.8771339], [-82.8901084, 39.8771354], [-82.8900653, 39.8771262], [-82.8899841, 39.8771246], [-82.8898618, 39.8771269], [-82.8897816, 39.8771185], [-82.8896563, 39.8770808], [-82.8895601, 39.8770469], [-82.8894829, 39.8769954], [-82.8893947, 39.8769269], [-82.8893345, 39.8768592], [-82.8892614, 39.8767469], [-82.8891491, 39.8765992], [-82.8890859, 39.8765162], [-82.8889997, 39.8764315], [-82.8888875, 39.8763469], [-82.8888273, 39.8762777], [-82.8887652, 39.8761754], [-82.8887231, 39.8760984], [-82.8887131, 39.8760569], [-82.888696, 39.8760308], [-82.8887321, 39.8759361], [-82.8887752, 39.8759154], [-82.8887973, 39.8759061], [-82.8888454, 39.8758738], [-82.8888644, 39.8758484], [-82.8888915, 39.87579], [-82.8888975, 39.8757438], [-82.8889055, 39.8757138], [-82.8889155, 39.8756907], [-82.8889506, 39.8756554], [-82.8889667, 39.8756446], [-82.8889804, 39.8756365], [-82.8890266, 39.8756273], [-82.8890916, 39.8755944], [-82.8891405, 39.8755606], [-82.889232, 39.8755169], [-82.8893176, 39.8754801], [-82.8894134, 39.875446], [-82.8895144, 39.8754368], [-82.8896582, 39.8754539], [-82.8897712, 39.8754788], [-82.8899047, 39.8754907], [-82.8900604, 39.8754972], [-82.8901529, 39.8754893], [-82.8902932, 39.8754959], [-82.8903737, 39.8755064], [-82.8904439, 39.8755222], [-82.8905158, 39.8755485], [-82.8906133, 39.8755892], [-82.8906869, 39.8756312], [-82.8907212, 39.875668], [-82.8907468, 39.8757127], [-82.890764, 39.8757534], [-82.8908067, 39.8758177], [-82.8908144, 39.8758541], [-82.8908169, 39.8758923], [-82.8908115, 39.8759574], [-82.8908114, 39.8760213], [-82.8908056, 39.8760866], [-82.8908068, 39.8761284], [-82.8908278, 39.8761797], [-82.8908624, 39.8762442], [-82.8909304, 39.8763047], [-82.890996, 39.8763426], [-82.8911229, 39.8763777], [-82.8912667, 39.8764215], [-82.8913455, 39.8764654], [-82.8913854, 39.8764872], [-82.8914167, 39.8765254], [-82.8914526, 39.8765854], [-82.8914837, 39.8766527], [-82.8914929, 39.8767325], [-82.8914846, 39.8768166], [-82.8914505, 39.8769115]]]}, "properties": {"name": "Unnamed water", "tier": "HIDDEN GEM", "score": 100, "wtype": "lake", "acres": 7.77, "access": "PUBLIC", "owner": "STATE OF OHIO (DIRECTOR OF ADMINISTRATIVE SERVICES)", "owner_addr": "4465 S HAMILTON RD", "species": ["Largemouth bass", "Bluegill", "Black crappie", "Channel catfish"], "bass": "PRIME", "easy_access": false, "public_shore_m": 697, "nearest_park_m": 358, "osm_id": 1177695753, "lat": 39.876334, "lon": -82.890072}}, {"type": "Feature", "geometry": {"type": "Polygon", "coordinates": [[[-82.8870377, 39.8700868], [-82.8870526, 39.8700971], [-82.8870779, 39.8701177], [-82.8871174, 39.8701508], [-82.8871419, 39.8701828], [-82.8871538, 39.8702119], [-82.8871479, 39.8702485], [-82.8871189, 39.8702742], [-82.8870794, 39.8702948], [-82.8870325, 39.8703022], [-82.8869834, 39.8702908], [-82.8868286, 39.8702525], [-82.8867407, 39.8702251], [-82.8865889, 39.8701868], [-82.8864683, 39.8701531], [-82.8864087, 39.8701382], [-82.8863715, 39.8701245], [-82.886338, 39.8701079], [-82.8863298, 39.8700919], [-82.8863365, 39.8700754], [-82.8863551, 39.8700599], [-82.8863797, 39.8700508], [-82.8863916, 39.8700417], [-82.8863991, 39.8700314], [-82.8864006, 39.870024], [-82.8864162, 39.8700257], [-82.8864214, 39.8700337], [-82.8864255, 39.8700362], [-82.8864348, 39.8700417], [-82.8864802, 39.8700485], [-82.8865881, 39.870052], [-82.8867169, 39.870052], [-82.8868047, 39.8700417], [-82.8868725, 39.8700457], [-82.8869343, 39.8700462], [-82.8869406, 39.8700479], [-82.8869678, 39.8700554], [-82.8870012, 39.8700651], [-82.8870377, 39.8700868]]]}, "properties": {"name": "Unnamed water", "tier": "HIDDEN GEM", "score": 100, "wtype": "pond", "acres": 0.31, "access": "PUBLIC", "owner": "VILLAGE OF GROVEPORT OHIO", "owner_addr": "4739 FOUNDERS DR", "species": ["Largemouth bass", "Bluegill"], "bass": "GOOD", "easy_access": false, "public_shore_m": 166, "nearest_park_m": 487, "osm_id": 1178481212, "lat": 39.870148, "lon": -82.886795}}, {"type": "Feature", "geometry": {"type": "Polygon", "coordinates": [[[-82.8858326, 39.8701053], [-82.8858326, 39.8701154], [-82.8858344, 39.8701347], [-82.885844, 39.8701498], [-82.8858505, 39.8701627], [-82.8858422, 39.8701953], [-82.8858176, 39.870232], [-82.8858039, 39.8702632], [-82.8857883, 39.8702977], [-82.8857817, 39.8703293], [-82.8857512, 39.870361], [-82.8857082, 39.8703858], [-82.8856747, 39.8703913], [-82.8856167, 39.8703936], [-82.8855497, 39.8703798], [-82.8855006, 39.8703656], [-82.8854145, 39.8703463], [-82.8853337, 39.8703247], [-82.8852303, 39.8702917], [-82.8851938, 39.870271], [-82.8851751, 39.8702521], [-82.8851603, 39.8702371], [-82.8851489, 39.8701994], [-82.8851441, 39.8701581], [-82.8851435, 39.8701044], [-82.8851352, 39.8700539], [-82.8851328, 39.870019], [-82.8850993, 39.8699726], [-82.8850795, 39.8699364], [-82.8850789, 39.8699097], [-82.8850927, 39.8698909], [-82.8851058, 39.8698831], [-82.8851214, 39.8698909], [-82.8851597, 39.8699171], [-82.8852022, 39.8699359], [-82.8852434, 39.8699437], [-82.8852889, 39.8699511], [-82.8853535, 39.869963], [-82.8854408, 39.8699846], [-82.8855359, 39.8700061], [-82.8856071, 39.8700259], [-82.8856747, 39.870041], [-82.8857309, 39.8700475], [-82.8857656, 39.8700603], [-82.8858081, 39.8700787], [-82.8858236, 39.8700897], [-82.8858326, 39.8701053]]]}, "properties": {"name": "Unnamed water", "tier": "HIDDEN GEM", "score": 100, "wtype": "pond", "acres": 0.57, "access": "PUBLIC", "owner": "VILLAGE OF GROVEPORT OHIO", "owner_addr": "4739 FOUNDERS DR", "species": ["Largemouth bass", "Bluegill", "Black crappie", "Channel catfish"], "bass": "PRIME", "easy_access": false, "public_shore_m": 196, "nearest_park_m": 378, "osm_id": 1178481213, "lat": 39.870161, "lon": -82.885466}}, {"type": "Feature", "geometry": {"type": "Polygon", "coordinates": [[[-82.9014032, 39.8661242], [-82.9013715, 39.8661636], [-82.9013359, 39.8662264], [-82.9012964, 39.866281], [-82.9012516, 39.8663215], [-82.9011606, 39.8663427], [-82.9011, 39.866366], [-82.9010169, 39.8663943], [-82.9009747, 39.8664105], [-82.9009457, 39.8664247], [-82.900893, 39.8664317], [-82.9007546, 39.8664419], [-82.9006702, 39.8664419], [-82.9005239, 39.8664459], [-82.9004185, 39.8664489], [-82.9003367, 39.8664328], [-82.9002392, 39.8664196], [-82.9001469, 39.8664105], [-82.9000724, 39.8663996], [-82.8999532, 39.8663822], [-82.8998029, 39.8663468], [-82.8997488, 39.8663002], [-82.8997225, 39.8662719], [-82.8997146, 39.8662152], [-82.8997343, 39.8661707], [-82.8997423, 39.8661533], [-82.8997673, 39.8660989], [-82.8998134, 39.866023], [-82.8998582, 39.8659299], [-82.8998767, 39.8658834], [-82.8999202, 39.86585], [-82.8999742, 39.8658277], [-82.9000019, 39.8658095], [-82.9000138, 39.8657933], [-82.9000191, 39.865765], [-82.8999729, 39.8656881], [-82.899965, 39.8656314], [-82.8999663, 39.8655869], [-82.8999953, 39.8655424], [-82.9000388, 39.86551], [-82.9000995, 39.8654898], [-82.9002268, 39.8654761], [-82.9002682, 39.8654716], [-82.9004145, 39.8654635], [-82.9005661, 39.8654706], [-82.9007164, 39.8654706], [-82.9008258, 39.8654787], [-82.9009141, 39.8654888], [-82.9009655, 39.8655151], [-82.9010117, 39.8655515], [-82.9010341, 39.8655819], [-82.9010552, 39.8656416], [-82.9010631, 39.865677], [-82.9010776, 39.8656901], [-82.9011, 39.8657306], [-82.9011158, 39.865767], [-82.9011197, 39.8657974], [-82.9011277, 39.8658146], [-82.9011646, 39.8658166], [-82.9011857, 39.8657893], [-82.9012028, 39.8657448], [-82.9012226, 39.8656911], [-82.9012582, 39.8656365], [-82.9012844, 39.8656229], [-82.9013113, 39.865609], [-82.9013227, 39.8656031], [-82.9013473, 39.8655972], [-82.9013715, 39.8656031], [-82.9013979, 39.8656254], [-82.9014467, 39.8656335], [-82.9014677, 39.8656274], [-82.9014951, 39.8656244], [-82.9015165, 39.8656264], [-82.9015291, 39.8656355], [-82.9015241, 39.8656496], [-82.9015228, 39.8656699], [-82.9015534, 39.8656992], [-82.9015824, 39.8657326], [-82.9015837, 39.8657832], [-82.901564, 39.8658297], [-82.9015363, 39.8659168], [-82.9015139, 39.8659552], [-82.9014915, 39.8660068], [-82.9014585, 39.8660675], [-82.9014361, 39.866109], [-82.9014032, 39.8661242]]]}, "properties": {"name": "Unnamed water", "tier": "HIDDEN GEM", "score": 100, "wtype": "pond", "acres": 3.24, "access": "PUBLIC", "owner": "FRANKLIN COUNTY COMMSNRS", "owner_addr": "HENDRON RD", "species": ["Largemouth bass", "Bluegill", "Black crappie", "Channel catfish"], "bass": "PRIME", "easy_access": false, "public_shore_m": 489, "nearest_park_m": 702, "osm_id": 1178481214, "lat": 39.86597, "lon": -82.900623}}, {"type": "Feature", "geometry": {"type": "Polygon", "coordinates": [[[-82.8757701, 39.8671707], [-82.8757282, 39.8671945], [-82.8756544, 39.8672106], [-82.8755837, 39.86721], [-82.8754874, 39.8672225], [-82.8754004, 39.8672368], [-82.875308, 39.8672672], [-82.8752435, 39.8672881], [-82.8751993, 39.8673006], [-82.8751309, 39.867306], [-82.8750781, 39.8673], [-82.8750369, 39.8672899], [-82.874981, 39.8672684], [-82.8748909, 39.8672327], [-82.8747566, 39.8671826], [-82.8746416, 39.867142], [-82.8745562, 39.8671158], [-82.8744241, 39.8670854], [-82.874334, 39.8670651], [-82.8742463, 39.8670341], [-82.8740723, 39.8669721], [-82.8738843, 39.8669084], [-82.8737531, 39.8668571], [-82.8736886, 39.8668189], [-82.8736482, 39.866801], [-82.8736109, 39.8667653], [-82.8736078, 39.8667391], [-82.873607, 39.8666902], [-82.8736272, 39.8666437], [-82.8736614, 39.8665882], [-82.8736894, 39.8665626], [-82.8737344, 39.8665417], [-82.8737865, 39.8665423], [-82.8738494, 39.8665507], [-82.8739169, 39.8665805], [-82.8740342, 39.8666395], [-82.8741663, 39.8667027], [-82.8742735, 39.8667557], [-82.8743643, 39.8667939], [-82.8744311, 39.866801], [-82.8745228, 39.8668028], [-82.8746828, 39.8668064], [-82.8748024, 39.8668148], [-82.8749002, 39.8668273], [-82.8750556, 39.8668642], [-82.8751744, 39.866875], [-82.8752995, 39.8668881], [-82.8754362, 39.8669024], [-82.8755286, 39.8669316], [-82.8756078, 39.8669686], [-82.8757057, 39.8670097], [-82.8757484, 39.8670538], [-82.8757756, 39.8670973], [-82.8757826, 39.8671295], [-82.8757857, 39.8671486], [-82.8757701, 39.8671707]]]}, "properties": {"name": "Unnamed water", "tier": "HIDDEN GEM", "score": 100, "wtype": "pond", "acres": 1.65, "access": "PUBLIC", "owner": "VILLAGE OF GROVEPORT", "owner_addr": "QUEEN VICTORIA ST", "species": ["Largemouth bass", "Bluegill", "Black crappie", "Channel catfish"], "bass": "PRIME", "easy_access": false, "public_shore_m": 431, "nearest_park_m": 610, "osm_id": 1178604630, "lat": 39.86696, "lon": -82.874703}}, {"type": "Feature", "geometry": {"type": "Polygon", "coordinates": [[[-82.8709295, 39.8501806], [-82.8708722, 39.8502001], [-82.8708149, 39.8502249], [-82.8707462, 39.8502588], [-82.8706985, 39.850284], [-82.8706703, 39.8503133], [-82.8706402, 39.8503486], [-82.8706111, 39.8503758], [-82.8705793, 39.8503922], [-82.8705606, 39.8503964], [-82.8705479, 39.8504069], [-82.8705456, 39.850418], [-82.8705415, 39.8504215], [-82.8705338, 39.8504215], [-82.8705288, 39.8504159], [-82.8705124, 39.8504128], [-82.8704751, 39.8504128], [-82.8704292, 39.8504111], [-82.8703505, 39.8503953], [-82.8703009, 39.8503807], [-82.870235, 39.8503493], [-82.8701972, 39.85033], [-82.8701408, 39.8502965], [-82.8700621, 39.8502609], [-82.8699625, 39.8502166], [-82.8698552, 39.8501844], [-82.8697761, 39.8501705], [-82.8696878, 39.8501565], [-82.8695404, 39.8501411], [-82.8694936, 39.8501418], [-82.8693853, 39.8501362], [-82.8692507, 39.8501272], [-82.8691875, 39.8501237], [-82.8691593, 39.850124], [-82.8691429, 39.8501198], [-82.8691329, 39.8501115], [-82.8691256, 39.8501048], [-82.8691275, 39.8500971], [-82.8691211, 39.8500916], [-82.869107, 39.8500895], [-82.869102, 39.8500863], [-82.8691074, 39.8500814], [-82.8691311, 39.8500765], [-82.8691634, 39.850058], [-82.8691907, 39.8500325], [-82.8692239, 39.8500032], [-82.8692494, 39.8499791], [-82.8692689, 39.8499568], [-82.8692912, 39.8499491], [-82.8693349, 39.8499376], [-82.8694113, 39.8499309], [-82.8694522, 39.8499246], [-82.86952, 39.8499243], [-82.8695714, 39.849933], [-82.869615, 39.8499358], [-82.8696555, 39.8499376], [-82.869731, 39.8499494], [-82.8698284, 39.8499613], [-82.8699175, 39.8499763], [-82.870049, 39.8500018], [-82.8701104, 39.8500217], [-82.8702109, 39.8500406], [-82.8703369, 39.8500594], [-82.8703887, 39.8500622], [-82.8704579, 39.8500706], [-82.8705479, 39.8500895], [-82.8706421, 39.8500992], [-82.8707208, 39.8501048], [-82.8707808, 39.8501083], [-82.8708122, 39.850101], [-82.8708449, 39.850095], [-82.870892, 39.850095], [-82.8709263, 39.850095], [-82.8709709, 39.850095], [-82.8710046, 39.8501006], [-82.8710214, 39.8501059], [-82.8710269, 39.8501142], [-82.8710191, 39.8501226], [-82.8709859, 39.8501328], [-82.8709554, 39.8501548], [-82.8709295, 39.8501806]]]}, "properties": {"name": "Unnamed water", "tier": "HIDDEN GEM", "score": 100, "wtype": "pond", "acres": 0.96, "access": "PUBLIC", "owner": "VILLAGE OF GROVEPORT OHIO", "owner_addr": "7330 - 7400 GROVEPORT RD", "species": ["Largemouth bass", "Bluegill", "Black crappie", "Channel catfish"], "bass": "PRIME", "easy_access": true, "public_shore_m": 363, "nearest_park_m": 187, "osm_id": 1178604631, "lat": 39.850141, "lon": -82.870082}}, {"type": "Feature", "geometry": {"type": "Polygon", "coordinates": [[[-82.9030027, 39.8669072], [-82.9029272, 39.8667335], [-82.9028857, 39.8666394], [-82.9028442, 39.8665772], [-82.9028461, 39.8665554], [-82.9028593, 39.8665323], [-82.9028386, 39.8664758], [-82.9027933, 39.8664223], [-82.9027726, 39.8663759], [-82.9027669, 39.8663426], [-82.9027311, 39.8663412], [-82.9026858, 39.8663499], [-82.9026575, 39.8663615], [-82.9026443, 39.8663832], [-82.9026556, 39.8664353], [-82.902682, 39.8664917], [-82.9026782, 39.8665366], [-82.9026594, 39.8665612], [-82.9026311, 39.8666177], [-82.9026085, 39.8666698], [-82.902599, 39.8667176], [-82.902616, 39.866774], [-82.9026518, 39.866858], [-82.9026669, 39.8669347], [-82.9026858, 39.8670144], [-82.9027443, 39.8671475], [-82.9028235, 39.8673343], [-82.9029027, 39.8675341], [-82.9030045, 39.8677165], [-82.9030913, 39.8678931], [-82.9032045, 39.868129], [-82.9033195, 39.8682926], [-82.9033987, 39.8684027], [-82.9034704, 39.8685141], [-82.9035874, 39.8686241], [-82.9036666, 39.8687226], [-82.903742, 39.8687877], [-82.9038722, 39.8688862], [-82.9039684, 39.8689556], [-82.9040306, 39.8689571], [-82.9041513, 39.868931], [-82.9042324, 39.8688992], [-82.9042569, 39.8688702], [-82.9042626, 39.8688225], [-82.9042682, 39.8687979], [-82.9042681, 39.8687704], [-82.9042221, 39.8687491], [-82.9041286, 39.8687121], [-82.9040723, 39.8686801], [-82.9040277, 39.8686268], [-82.9039641, 39.868559], [-82.9038662, 39.8684597], [-82.9038056, 39.8683907], [-82.9037062, 39.868264], [-82.9036448, 39.8681759], [-82.9035513, 39.8680105], [-82.9034373, 39.8678338], [-82.9033696, 39.8677149], [-82.9032612, 39.8674732], [-82.9031896, 39.8672819], [-82.9031121, 39.8671215], [-82.903061, 39.8670161], [-82.9030117, 39.866924], [-82.9030027, 39.8669072]]]}, "properties": {"name": "Unnamed water", "tier": "HIDDEN GEM", "score": 100, "wtype": "pond", "acres": 2.23, "access": "PUBLIC", "owner": "FRANKLIN COUNTY COMMSNRS", "owner_addr": "HENDRON RD", "species": ["Largemouth bass", "Bluegill", "Black crappie", "Channel catfish"], "bass": "PRIME", "easy_access": false, "public_shore_m": 674, "nearest_park_m": 448, "osm_id": 1178693889, "lat": 39.867777, "lon": -82.903293}}, {"type": "Feature", "geometry": {"type": "Polygon", "coordinates": [[[-82.8954168, 39.8784181], [-82.8954208, 39.8784431], [-82.8954208, 39.8784712], [-82.8954086, 39.878494], [-82.8954005, 39.878519], [-82.8953964, 39.8785356], [-82.8953639, 39.8785471], [-82.8953287, 39.8785523], [-82.8952759, 39.8785523], [-82.8952339, 39.8785439], [-82.8951973, 39.8785283], [-82.8951607, 39.8784899], [-82.8951241, 39.8784493], [-82.8950902, 39.8784244], [-82.8950604, 39.8783817], [-82.8950455, 39.8783183], [-82.8950469, 39.8782819], [-82.8950604, 39.8782622], [-82.8950591, 39.8782185], [-82.8950564, 39.8781748], [-82.8950631, 39.8781031], [-82.8950794, 39.8780459], [-82.895116, 39.8779814], [-82.8951566, 39.8779159], [-82.8952054, 39.8778837], [-82.895242, 39.8778702], [-82.8952826, 39.8778681], [-82.8953084, 39.8778785], [-82.8953761, 39.8779035], [-82.8954127, 39.8779222], [-82.8954479, 39.8779648], [-82.8954682, 39.8780116], [-82.8954818, 39.878075], [-82.8954818, 39.8781488], [-82.8954642, 39.8781936], [-82.8954398, 39.8782497], [-82.8954235, 39.8783381], [-82.8954168, 39.8784181]]]}, "properties": {"name": "Unnamed water", "tier": "HIDDEN GEM", "score": 100, "wtype": "pond", "acres": 0.54, "access": "PUBLIC", "owner": "COLUMBUS & FRANKLIN CNTY METROPOLITAN PARK DIST", "owner_addr": "HENDRON RD", "species": ["Largemouth bass", "Bluegill", "Black crappie", "Channel catfish"], "bass": "PRIME", "easy_access": false, "public_shore_m": 187, "nearest_park_m": 570, "osm_id": 1188391223, "lat": 39.878207, "lon": -82.895265}}, {"type": "Feature", "geometry": {"type": "Polygon", "coordinates": [[[-82.821542, 39.8503319], [-82.8215273, 39.8503324], [-82.8214927, 39.8503319], [-82.8214492, 39.8503288], [-82.8214217, 39.8503288], [-82.8213676, 39.8503225], [-82.8212585, 39.8503103], [-82.821198, 39.8503089], [-82.8211323, 39.8503107], [-82.8210689, 39.8503283], [-82.8210043, 39.8503585], [-82.8209274, 39.8504081], [-82.8208834, 39.8504374], [-82.820854, 39.8504468], [-82.8207983, 39.8504608], [-82.820749, 39.8504757], [-82.8206768, 39.8504874], [-82.8205711, 39.8504806], [-82.8205089, 39.850477], [-82.820432, 39.850464], [-82.8203721, 39.850459], [-82.8202905, 39.8504549], [-82.8202154, 39.8504522], [-82.8200898, 39.850459], [-82.8199735, 39.8504689], [-82.8199066, 39.8504815], [-82.8198309, 39.8504815], [-82.819788, 39.850468], [-82.8197681, 39.8504455], [-82.8197575, 39.8504225], [-82.8197628, 39.8504094], [-82.819774, 39.8503946], [-82.8197734, 39.850377], [-82.8197704, 39.8503513], [-82.8197698, 39.8503355], [-82.8197833, 39.8503207], [-82.819815, 39.8503031], [-82.8198467, 39.8502765], [-82.8198908, 39.8502562], [-82.8199818, 39.8502301], [-82.8201168, 39.8502008], [-82.8201819, 39.850185], [-82.8202189, 39.8501701], [-82.8202412, 39.8501476], [-82.8202617, 39.8501224], [-82.8202794, 39.8500832], [-82.8202882, 39.8500367], [-82.8202952, 39.8499872], [-82.8203011, 39.8499353], [-82.8203175, 39.8498979], [-82.8203398, 39.8498772], [-82.8203703, 39.8498583], [-82.8204056, 39.8498538], [-82.8204719, 39.8498524], [-82.820537, 39.8498574], [-82.820567, 39.8498587], [-82.8205946, 39.8498632], [-82.8206192, 39.8498741], [-82.8206421, 39.8498858], [-82.8206891, 39.8499011], [-82.8207249, 39.8499106], [-82.8207466, 39.8499304], [-82.8207707, 39.8499475], [-82.8207953, 39.8499538], [-82.8208916, 39.8499782], [-82.8209456, 39.8499993], [-82.8210354, 39.8500214], [-82.8211229, 39.8500503], [-82.8212385, 39.8500881], [-82.8213442, 39.8501251], [-82.8214334, 39.8501733], [-82.8215156, 39.8502111], [-82.8215543, 39.8502359], [-82.8215772, 39.8502562], [-82.8215819, 39.8502778], [-82.8215831, 39.8502972], [-82.8215725, 39.850313], [-82.8215619, 39.8503229], [-82.821542, 39.8503319]]]}, "properties": {"name": "Unnamed water", "tier": "HIDDEN GEM", "score": 100, "wtype": "pond", "acres": 1.49, "access": "PUBLIC_BANK", "owner": "CITY OF CANAL WINCHESTER", "owner_addr": "WATERLOO ST", "species": ["Largemouth bass", "Bluegill", "Black crappie", "Channel catfish"], "bass": "PRIME", "easy_access": false, "public_shore_m": 98, "nearest_park_m": 456, "osm_id": 1195387831, "lat": 39.850218, "lon": -82.820624}}, {"type": "Feature", "geometry": {"type": "Polygon", "coordinates": [[[-82.8195163, 39.8498616], [-82.8195259, 39.8498726], [-82.8195396, 39.8498964], [-82.8195503, 39.8499227], [-82.8195515, 39.8499627], [-82.8195457, 39.8499934], [-82.8195302, 39.8500321], [-82.8195084, 39.8500634], [-82.819478, 39.8500946], [-82.8194186, 39.8501261], [-82.8193338, 39.8501704], [-82.8192401, 39.8502109], [-82.8191823, 39.8502575], [-82.81914, 39.8502953], [-82.8191083, 39.8503203], [-82.8190963, 39.850335], [-82.8190998, 39.8503419], [-82.8191156, 39.8503452], [-82.819158, 39.8503636], [-82.8191913, 39.8503837], [-82.8192298, 39.8504099], [-82.8192585, 39.850428], [-82.8192987, 39.850453], [-82.819315, 39.8504776], [-82.819328, 39.8504972], [-82.8193356, 39.8505234], [-82.819333, 39.8505511], [-82.819319, 39.8505677], [-82.8192844, 39.850573], [-82.8192042, 39.8505677], [-82.819123, 39.8505569], [-82.8189962, 39.85054], [-82.818897, 39.850528], [-82.8187998, 39.8505242], [-82.8186875, 39.8505288], [-82.8185888, 39.8505353], [-82.8185031, 39.8505453], [-82.8184404, 39.850555], [-82.8183001, 39.8505769], [-82.8182254, 39.8505884], [-82.8181708, 39.8505996], [-82.8181086, 39.8506108], [-82.8180295, 39.8506161], [-82.8179663, 39.8506065], [-82.8179302, 39.8505981], [-82.8178881, 39.8505765], [-82.817848, 39.8505403], [-82.8178154, 39.8505049], [-82.8177884, 39.8504726], [-82.8177678, 39.8504441], [-82.8177533, 39.8504011], [-82.8177353, 39.8503707], [-82.8177087, 39.8503464], [-82.8176902, 39.8503276], [-82.8176846, 39.850306], [-82.8176881, 39.8502872], [-82.8177007, 39.8502795], [-82.8177162, 39.8502822], [-82.8177638, 39.8502887], [-82.8178059, 39.8502748], [-82.8178377, 39.8502517], [-82.8178398, 39.8502541], [-82.8178496, 39.85025], [-82.8178606, 39.8502434], [-82.817873, 39.8502346], [-82.8178897, 39.8502238], [-82.8179118, 39.8502093], [-82.8179252, 39.8502009], [-82.817941, 39.8501913], [-82.8179615, 39.8501788], [-82.817978, 39.850166], [-82.817995, 39.8501562], [-82.8180094, 39.8501405], [-82.8180212, 39.8501309], [-82.818034, 39.8501204], [-82.8180449, 39.8501066], [-82.8180594, 39.850084], [-82.8180763, 39.8500612], [-82.8181067, 39.8500278], [-82.8181234, 39.8500129], [-82.8181384, 39.8499996], [-82.8181522, 39.8499829], [-82.8181628, 39.8499683], [-82.8181766, 39.8499532], [-82.8181938, 39.8499413], [-82.8182119, 39.849936], [-82.8182235, 39.8499312], [-82.8182345, 39.8499257], [-82.8182457, 39.8499226], [-82.8182604, 39.8499225], [-82.8182766, 39.8499252], [-82.8182966, 39.8499306], [-82.8183087, 39.849934], [-82.8183227, 39.8499364], [-82.818338, 39.8499372], [-82.8183577, 39.8499375], [-82.818373, 39.8499396], [-82.818387, 39.8499434], [-82.8183996, 39.8499474], [-82.8184084, 39.8499501], [-82.8184142, 39.8499506], [-82.8184197, 39.84995], [-82.8184414, 39.8499536], [-82.8184835, 39.8499566], [-82.8185321, 39.8499543], [-82.8186113, 39.8499524], [-82.8186685, 39.8499536], [-82.8187487, 39.8499559], [-82.8187978, 39.8499601], [-82.8188564, 39.8499539], [-82.8189316, 39.8499397], [-82.8189877, 39.849922], [-82.8190258, 39.8499062], [-82.81909, 39.8498843], [-82.8191391, 39.8498593], [-82.8191937, 39.8498412], [-82.8192353, 39.8498304], [-82.8192784, 39.8498166], [-82.8193205, 39.8498081], [-82.8193957, 39.8498077], [-82.8194453, 39.849817], [-82.8194964, 39.849842], [-82.8195163, 39.8498616]]]}, "properties": {"name": "Unnamed water", "tier": "HIDDEN GEM", "score": 100, "wtype": "pond", "acres": 2.19, "access": "PUBLIC_BANK", "owner": "CITY OF CANAL WINCHESTER", "owner_addr": "WATERLOO ST", "species": ["Largemouth bass", "Bluegill", "Black crappie", "Channel catfish"], "bass": "PRIME", "easy_access": false, "public_shore_m": 190, "nearest_park_m": 481, "osm_id": 1195387832, "lat": 39.850237, "lon": -82.818641}}, {"type": "Feature", "geometry": {"type": "Polygon", "coordinates": [[[-82.8254417, 39.8628087], [-82.825452, 39.862803], [-82.8254649, 39.862798], [-82.8254784, 39.8627962], [-82.8254849, 39.8627948], [-82.8254909, 39.8627809], [-82.8255025, 39.8627617], [-82.825509, 39.8627399], [-82.8255044, 39.8627043], [-82.8254835, 39.8626644], [-82.8254413, 39.8626399], [-82.8253879, 39.8626377], [-82.8252965, 39.8626288], [-82.8252478, 39.8626217], [-82.8251949, 39.8626028], [-82.8251305, 39.8625918], [-82.8250646, 39.86259], [-82.8250136, 39.8625893], [-82.82497, 39.8625939], [-82.8249185, 39.8626164], [-82.8248795, 39.8626424], [-82.8248591, 39.8626919], [-82.8248475, 39.8627435], [-82.8248479, 39.8627777], [-82.8248595, 39.8628083], [-82.8248897, 39.8628193], [-82.8249036, 39.8628236], [-82.824969, 39.86283], [-82.8250572, 39.8628354], [-82.8251203, 39.8628436], [-82.8251912, 39.8628539], [-82.8252585, 39.8628617], [-82.8253026, 39.8628663], [-82.8253369, 39.8628674], [-82.8253666, 39.8628646], [-82.8254005, 39.8628589], [-82.8254288, 39.8628528], [-82.8254408, 39.8628492], [-82.8254533, 39.8628403], [-82.8254515, 39.8628311], [-82.8254468, 39.86282], [-82.8254417, 39.8628087]]]}, "properties": {"name": "Unnamed water", "tier": "HIDDEN GEM", "score": 100, "wtype": "pond", "acres": 0.34, "access": "PUBLIC", "owner": "COLUMBUS METROPOLITAN HOUSING AUTHORITY", "owner_addr": "GENDER RD", "species": ["Largemouth bass", "Bluegill"], "bass": "GOOD", "easy_access": false, "public_shore_m": 149, "nearest_park_m": 296, "osm_id": 1195389174, "lat": 39.86273, "lon": -82.825172}}, {"type": "Feature", "geometry": {"type": "Polygon", "coordinates": [[[-82.825808, 39.8630415], [-82.8258135, 39.8630507], [-82.8258211, 39.8630682], [-82.8258254, 39.8630924], [-82.8258336, 39.8631191], [-82.8258395, 39.8631316], [-82.8258439, 39.8631425], [-82.8258384, 39.8631608], [-82.8258336, 39.8631942], [-82.8258221, 39.8632476], [-82.8258243, 39.8632997], [-82.8258216, 39.8633602], [-82.8257988, 39.863401], [-82.8257635, 39.863439], [-82.8257352, 39.8634699], [-82.8257216, 39.8635003], [-82.8257314, 39.8635341], [-82.8257444, 39.8635495], [-82.8257743, 39.8635533], [-82.8257966, 39.8635516], [-82.8258254, 39.8635604], [-82.8258444, 39.8635687], [-82.8258607, 39.8635766], [-82.825914, 39.8635854], [-82.8259998, 39.8636], [-82.8260313, 39.8635996], [-82.826059, 39.8635895], [-82.8260813, 39.8635553], [-82.8260938, 39.8635066], [-82.8260954, 39.8634882], [-82.8260851, 39.8634665], [-82.8260906, 39.8634515], [-82.8261123, 39.8634048], [-82.8261204, 39.8633718], [-82.826128, 39.8633176], [-82.8261308, 39.8632626], [-82.8261422, 39.8632209], [-82.8261503, 39.8631471], [-82.8261585, 39.8630878], [-82.826165, 39.8630332], [-82.8261634, 39.8630044], [-82.8261617, 39.8629811], [-82.8261498, 39.8629686], [-82.8261335, 39.8629615], [-82.826103, 39.862959], [-82.8260623, 39.8629719], [-82.8259976, 39.8629902], [-82.8259433, 39.8629877], [-82.8259085, 39.8629681], [-82.8258444, 39.8629102], [-82.825802, 39.8628826], [-82.8257651, 39.8628676], [-82.8257341, 39.8628601], [-82.8257135, 39.8628643], [-82.8257004, 39.8628814], [-82.825689, 39.8629048], [-82.8256885, 39.8629244], [-82.8257108, 39.8629515], [-82.8257472, 39.8629715], [-82.8257738, 39.8629969], [-82.825808, 39.8630415]]]}, "properties": {"name": "Unnamed water", "tier": "HIDDEN GEM", "score": 100, "wtype": "pond", "acres": 0.51, "access": "PUBLIC", "owner": "COLUMBUS METROPOLITAN HOUSING AUTHORITY", "owner_addr": "GENDER RD", "species": ["Largemouth bass", "Bluegill", "Black crappie", "Channel catfish"], "bass": "PRIME", "easy_access": true, "public_shore_m": 226, "nearest_park_m": 244, "osm_id": 1195389175, "lat": 39.863249, "lon": -82.825951}}, {"type": "Feature", "geometry": {"type": "Polygon", "coordinates": [[[-82.8417937, 40.0814833], [-82.8416761, 40.0815507], [-82.8415845, 40.0817077], [-82.841501, 40.0818211], [-82.8412862, 40.0820355], [-82.8409873, 40.0822141], [-82.840896, 40.0823196], [-82.840859, 40.0824678], [-82.8409033, 40.0825786], [-82.8409991, 40.0826361], [-82.8411275, 40.0826251], [-82.8412862, 40.0825714], [-82.8416411, 40.0824214], [-82.8416585, 40.082422], [-82.8418466, 40.0824285], [-82.841968, 40.0824785], [-82.8420708, 40.0825786], [-82.8423603, 40.0826643], [-82.8426657, 40.0827085], [-82.8427752, 40.0826709], [-82.8427993, 40.0825929], [-82.8428287, 40.0824594], [-82.8429476, 40.0823818], [-82.8431449, 40.0823356], [-82.843341, 40.0823642], [-82.8434643, 40.0824671], [-82.8435838, 40.0825143], [-82.8437262, 40.0825156], [-82.8438889, 40.0824701], [-82.8439668, 40.0823713], [-82.8439871, 40.0822605], [-82.8439424, 40.0821467], [-82.8438897, 40.0819803], [-82.8438044, 40.0818139], [-82.8436959, 40.0815567], [-82.8436866, 40.0814209], [-82.8436132, 40.0813559], [-82.8434525, 40.0813242], [-82.8432593, 40.0813361], [-82.8426218, 40.0813494], [-82.8421828, 40.0813566], [-82.8419822, 40.0813951], [-82.8417937, 40.0814833]]]}, "properties": {"name": "Unnamed water", "tier": "HIDDEN GEM", "score": 100, "wtype": "pond", "acres": 6.83, "access": "PUBLIC", "owner": "CITY OF NEW ALBANY OHIO", "owner_addr": "E DUBLIN GRANVILLE RD", "species": ["Largemouth bass", "Bluegill", "Black crappie", "Channel catfish"], "bass": "PRIME", "easy_access": false, "public_shore_m": 746, "nearest_park_m": 611, "osm_id": 1219082651, "lat": 40.082002, "lon": -82.842543}}, {"type": "Feature", "geometry": {"type": "Polygon", "coordinates": [[[-82.9700388, 39.8497422], [-82.9700967, 39.8496927], [-82.9701531, 39.8496482], [-82.9701917, 39.8496087], [-82.9702175, 39.8495679], [-82.9702223, 39.8495147], [-82.9701837, 39.8494887], [-82.9701048, 39.8494615], [-82.9699792, 39.8494863], [-82.9697376, 39.8494986], [-82.9695524, 39.8495209], [-82.9692545, 39.8494925], [-82.9690049, 39.8494974], [-82.9688455, 39.8495159], [-82.9687987, 39.849537], [-82.9687875, 39.8495864], [-82.9688052, 39.8496841], [-82.9687939, 39.8497298], [-82.9687198, 39.8497607], [-82.9685862, 39.8497645], [-82.968438, 39.8498077], [-82.9680097, 39.8499932], [-82.967913, 39.850081], [-82.967781, 39.8501428], [-82.9676586, 39.8501465], [-82.9675587, 39.8501502], [-82.9674992, 39.850186], [-82.9674734, 39.8502244], [-82.9674669, 39.8502689], [-82.9674702, 39.8503072], [-82.9674653, 39.8503517], [-82.9674444, 39.8503876], [-82.9674283, 39.8504271], [-82.9674525, 39.8504642], [-82.9675136, 39.8505149], [-82.9676215, 39.8505977], [-82.9676972, 39.8506472], [-82.967752, 39.8506793], [-82.967789, 39.8506905], [-82.9678212, 39.8506979], [-82.9678551, 39.850688], [-82.9679243, 39.8506657], [-82.9679968, 39.8506695], [-82.9681224, 39.8507263], [-82.9682464, 39.8507832], [-82.9683221, 39.8508042], [-82.9684396, 39.8508277], [-82.9685169, 39.8508215], [-82.9686345, 39.8507857], [-82.968752, 39.8507486], [-82.9688841, 39.8507028], [-82.9689582, 39.8506633], [-82.9690178, 39.850594], [-82.9691418, 39.8504778], [-82.9692497, 39.8503715], [-82.9694606, 39.8502404], [-82.9696297, 39.8501341], [-82.9697408, 39.8499919], [-82.9698149, 39.8499178], [-82.9699067, 39.8498498], [-82.9700388, 39.8497422]]]}, "properties": {"name": "Unnamed water", "tier": "HIDDEN GEM", "score": 100, "wtype": "pond", "acres": 4.67, "access": "PUBLIC", "owner": "BOARD OF PARK COMMISSIONERS OF THE COLUMBUS AND FRANKLIN CO MET PARK DISTRICT", "owner_addr": "5636 LOCKBOURNE RD", "species": ["Largemouth bass", "Bluegill", "Black crappie", "Channel catfish"], "bass": "PRIME", "easy_access": false, "public_shore_m": 622, "nearest_park_m": 311, "osm_id": 1227161283, "lat": 39.850129, "lon": -82.968769}}, {"type": "Feature", "geometry": {"type": "Polygon", "coordinates": [[[-82.9701207, 39.8485698], [-82.970051, 39.8485698], [-82.9699994, 39.8485791], [-82.9699116, 39.8485884], [-82.9698782, 39.8486349], [-82.9698146, 39.8487047], [-82.9697813, 39.8487326], [-82.9697328, 39.8487396], [-82.969654, 39.848735], [-82.9695843, 39.8486978], [-82.9695237, 39.8486652], [-82.9693873, 39.848621], [-82.9692692, 39.8485605], [-82.9691449, 39.8485396], [-82.9690086, 39.8485326], [-82.9689237, 39.8485349], [-82.968851, 39.848493], [-82.9688389, 39.8484535], [-82.9689267, 39.8484046], [-82.9689964, 39.8483441], [-82.9689964, 39.848279], [-82.9689752, 39.8482278], [-82.9689631, 39.848165], [-82.968957, 39.8481185], [-82.9690358, 39.8480417], [-82.9691419, 39.8479952], [-82.9693025, 39.8479393], [-82.9693782, 39.8478812], [-82.9694298, 39.8477695], [-82.9694752, 39.8477044], [-82.9696085, 39.8476974], [-82.9697843, 39.8476904], [-82.9699419, 39.8476741], [-82.9701722, 39.8476299], [-82.9703691, 39.8476322], [-82.970457, 39.8476788], [-82.9704934, 39.8477393], [-82.9705055, 39.8478277], [-82.9705146, 39.8479207], [-82.9705206, 39.8479905], [-82.9705116, 39.8480766], [-82.9704661, 39.8481557], [-82.9703903, 39.8482604], [-82.9703722, 39.8483185], [-82.9702903, 39.8483767], [-82.9702176, 39.8484116], [-82.9701722, 39.8484581], [-82.9701419, 39.8484954], [-82.9701207, 39.8485698]]]}, "properties": {"name": "Unnamed water", "tier": "HIDDEN GEM", "score": 100, "wtype": "pond", "acres": 2.86, "access": "PUBLIC", "owner": "BOARD OF PARK COMMISSIONERS OF THE COLUMBUS AND FRANKLIN CO MET PARK DISTRICT", "owner_addr": "5636 LOCKBOURNE RD", "species": ["Largemouth bass", "Bluegill", "Black crappie", "Channel catfish"], "bass": "PRIME", "easy_access": false, "public_shore_m": 437, "nearest_park_m": 313, "osm_id": 1227161284, "lat": 39.848158, "lon": -82.969754}}, {"type": "Feature", "geometry": {"type": "Polygon", "coordinates": [[[-82.8220633, 39.8638507], [-82.8220522, 39.863877], [-82.8220317, 39.8639006], [-82.8219829, 39.8639348], [-82.8219452, 39.8639637], [-82.8219067, 39.8639821], [-82.8218391, 39.8639919], [-82.8217792, 39.8639801], [-82.821644, 39.8639505], [-82.8215455, 39.8639262], [-82.8214231, 39.8639045], [-82.8212794, 39.8638881], [-82.8211561, 39.8638816], [-82.8210705, 39.8638894], [-82.8208994, 39.8638986], [-82.8207547, 39.8639078], [-82.8206092, 39.8639197], [-82.8204492, 39.8639183], [-82.8202703, 39.8639157], [-82.8201308, 39.8639065], [-82.8200067, 39.8638993], [-82.8198766, 39.8638763], [-82.8197183, 39.8638507], [-82.8195531, 39.8638303], [-82.8194247, 39.8638349], [-82.819275, 39.8638448], [-82.8191166, 39.86385], [-82.8189814, 39.8638513], [-82.8188471, 39.8638421], [-82.8187615, 39.8638329], [-82.8187058, 39.8638251], [-82.8186648, 39.863804], [-82.8186365, 39.8637856], [-82.8185971, 39.8637725], [-82.8185655, 39.8637666], [-82.8185321, 39.8637725], [-82.8184953, 39.8637889], [-82.8184653, 39.8638014], [-82.8184525, 39.8638126], [-82.8184431, 39.8638145], [-82.8184285, 39.863804], [-82.8184422, 39.8637916], [-82.8184713, 39.8637784], [-82.8184902, 39.8637653], [-82.8185073, 39.8637521], [-82.8185261, 39.8637449], [-82.8185715, 39.8637383], [-82.8186066, 39.8637383], [-82.8186271, 39.8637364], [-82.8186468, 39.8637259], [-82.8186639, 39.8637055], [-82.818705, 39.8636759], [-82.818758, 39.8636247], [-82.818812, 39.8635853], [-82.8188856, 39.863538], [-82.8189386, 39.8634821], [-82.8189883, 39.8634217], [-82.8190379, 39.8633823], [-82.8190995, 39.86336], [-82.8192553, 39.8633613], [-82.8195411, 39.8633816], [-82.8197842, 39.8634046], [-82.8199537, 39.8634184], [-82.8201257, 39.863448], [-82.820201, 39.8634657], [-82.8202712, 39.8634979], [-82.8204355, 39.8635097], [-82.8206332, 39.8635268], [-82.8208027, 39.863513], [-82.8209233, 39.8634979], [-82.8210509, 39.8635091], [-82.8211955, 39.8635143], [-82.8214154, 39.8635301], [-82.8216037, 39.8635426], [-82.8217689, 39.863557], [-82.8219349, 39.8635886], [-82.8220034, 39.8636457], [-82.8220419, 39.8637081], [-82.8220599, 39.8637502], [-82.8220744, 39.8637883], [-82.8220727, 39.8638191], [-82.8220633, 39.8638507]]]}, "properties": {"name": "Unnamed water", "tier": "HIDDEN GEM", "score": 100, "wtype": "pond", "acres": 3.23, "access": "PUBLIC", "owner": "CITY OF COLUMBUS OHIO", "owner_addr": "WINCHESTER LAKES BL", "species": ["Largemouth bass", "Bluegill", "Black crappie", "Channel catfish"], "bass": "PRIME", "easy_access": false, "public_shore_m": 681, "nearest_park_m": 554, "osm_id": 1227172296, "lat": 39.863683, "lon": -82.820333}}, {"type": "Feature", "geometry": {"type": "Polygon", "coordinates": [[[-82.8234071, 39.8639795], [-82.8233654, 39.8639773], [-82.8233209, 39.8639784], [-82.8232595, 39.8639862], [-82.8231828, 39.8639997], [-82.8231192, 39.8640075], [-82.8230359, 39.8640232], [-82.8229847, 39.8640283], [-82.8228912, 39.8640143], [-82.8227955, 39.8639918], [-82.8227231, 39.8639615], [-82.8226932, 39.8639257], [-82.82268, 39.8638914], [-82.8226712, 39.863874], [-82.8226793, 39.8638292], [-82.8227049, 39.8638067], [-82.8227275, 39.8637725], [-82.8227553, 39.8637181], [-82.8227794, 39.8636783], [-82.8228064, 39.8636402], [-82.8228729, 39.8635998], [-82.823014, 39.8635644], [-82.8231133, 39.8635269], [-82.8231828, 39.8634926], [-82.8232989, 39.8634422], [-82.8233698, 39.8634102], [-82.8234853, 39.8634068], [-82.823551, 39.8634192], [-82.8236241, 39.8634394], [-82.8237461, 39.8634966], [-82.8238251, 39.8635257], [-82.8239106, 39.8635611], [-82.8240209, 39.8636087], [-82.8241422, 39.8636491], [-82.8242496, 39.863694], [-82.8244221, 39.8637478], [-82.8245427, 39.8637787], [-82.8246245, 39.863795], [-82.8247458, 39.863823], [-82.8248408, 39.8638426], [-82.824976, 39.8638589], [-82.8251506, 39.8638914], [-82.8252865, 39.8639122], [-82.8253815, 39.8639324], [-82.8254575, 39.8639458], [-82.8255262, 39.8639728], [-82.8255818, 39.8639918], [-82.8255986, 39.8640126], [-82.8255898, 39.8640289], [-82.8255708, 39.8640356], [-82.8255138, 39.864049], [-82.8254634, 39.8640687], [-82.8254122, 39.8641035], [-82.8253669, 39.8641326], [-82.8252822, 39.8641652], [-82.8251894, 39.8641685], [-82.8250505, 39.8641584], [-82.8250279, 39.8641674], [-82.8249972, 39.8641674], [-82.8249555, 39.8641607], [-82.8248583, 39.8641489], [-82.8247122, 39.8641427], [-82.8245193, 39.8641337], [-82.824377, 39.8641284], [-82.8243183, 39.8641231], [-82.8242495, 39.8641035], [-82.8241579, 39.8641051], [-82.8240596, 39.8641051], [-82.8238426, 39.8640748], [-82.8237242, 39.8640524], [-82.8235525, 39.8640115], [-82.8234071, 39.8639795]]]}, "properties": {"name": "Unnamed water", "tier": "HIDDEN GEM", "score": 100, "wtype": "pond", "acres": 2.7, "access": "PUBLIC", "owner": "CITY OF COLUMBUS OHIO", "owner_addr": "WINCHESTER LAKES BL", "species": ["Largemouth bass", "Bluegill", "Black crappie", "Channel catfish"], "bass": "PRIME", "easy_access": false, "public_shore_m": 555, "nearest_park_m": 273, "osm_id": 1227172305, "lat": 39.863847, "lon": -82.823941}}, {"type": "Feature", "geometry": {"type": "Polygon", "coordinates": [[[-82.954413, 39.8709986], [-82.9543586, 39.8710024], [-82.9543239, 39.8709923], [-82.9542644, 39.8709923], [-82.9541901, 39.8710062], [-82.9541423, 39.8710138], [-82.9540548, 39.8710443], [-82.9539738, 39.8710633], [-82.953883, 39.8710759], [-82.9537856, 39.8710848], [-82.9536981, 39.8710848], [-82.9536403, 39.8710835], [-82.9535957, 39.8710747], [-82.9535611, 39.8710595], [-82.9535297, 39.8710189], [-82.9534901, 39.8709708], [-82.9534802, 39.8709378], [-82.9534637, 39.8709061], [-82.9534389, 39.8708833], [-82.9534059, 39.8708631], [-82.9533762, 39.8708415], [-82.9533712, 39.870825], [-82.9533861, 39.8708073], [-82.9534389, 39.8707718], [-82.9535214, 39.8707262], [-82.9536106, 39.8707059], [-82.9536403, 39.8706755], [-82.953675, 39.8706375], [-82.9537097, 39.870583], [-82.9537179, 39.8705222], [-82.9537163, 39.8704728], [-82.9536882, 39.870436], [-82.9536585, 39.8703752], [-82.9536667, 39.8703498], [-82.9537064, 39.870322], [-82.9537873, 39.8702852], [-82.9538698, 39.8702738], [-82.9540036, 39.8702738], [-82.9541439, 39.8702789], [-82.9543057, 39.8702865], [-82.954451, 39.8702979], [-82.9545963, 39.870308], [-82.9548258, 39.870327], [-82.9549992, 39.8703283], [-82.9551181, 39.8703372], [-82.955232, 39.8703688], [-82.9552898, 39.8704069], [-82.9553888, 39.8704347], [-82.9554664, 39.8704512], [-82.9555176, 39.8704335], [-82.9555919, 39.8704145], [-82.9556926, 39.8704005], [-82.955828, 39.8703802], [-82.9559205, 39.8703587], [-82.9560674, 39.8703587], [-82.9562111, 39.8703524], [-82.9564059, 39.8703524], [-82.9566404, 39.8703638], [-82.9568385, 39.8703777], [-82.9570498, 39.8704005], [-82.9571968, 39.8704411], [-82.9573124, 39.8704816], [-82.9574395, 39.8704892], [-82.9575072, 39.8704753], [-82.9576195, 39.8704499], [-82.9577317, 39.8704411], [-82.9578473, 39.8704411], [-82.9579596, 39.8704525], [-82.9580603, 39.8704918], [-82.9581214, 39.8705577], [-82.958199, 39.8706223], [-82.9582502, 39.870692], [-82.9582849, 39.8707566], [-82.9582882, 39.8708111], [-82.9582931, 39.8708529], [-82.9583261, 39.8709087], [-82.9583426, 39.8709682], [-82.9583278, 39.8710189], [-82.9583047, 39.8710759], [-82.9582254, 39.8711735], [-82.9581841, 39.8712597], [-82.9581495, 39.8713192], [-82.9580587, 39.871318], [-82.9579579, 39.8713078], [-82.9578225, 39.8712787], [-82.9575551, 39.8712571], [-82.9573074, 39.871228], [-82.9571291, 39.8711938], [-82.9568154, 39.8711608], [-82.9565892, 39.8711266], [-82.9564538, 39.8710988], [-82.9563778, 39.8710823], [-82.9563366, 39.8710506], [-82.956259, 39.8710278], [-82.9560972, 39.8710088], [-82.9559552, 39.8709771], [-82.9558693, 39.8709492], [-82.9557686, 39.8708998], [-82.955724, 39.8708694], [-82.9557191, 39.8708276], [-82.9557141, 39.8707629], [-82.9556877, 39.8707186], [-82.9556431, 39.8706983], [-82.9556117, 39.870678], [-82.955587, 39.8706616], [-82.9555457, 39.8706603], [-82.9554995, 39.870692], [-82.9554516, 39.8707401], [-82.9554169, 39.8707794], [-82.9553343, 39.870825], [-82.9552815, 39.8708859], [-82.9552733, 39.8709277], [-82.9552452, 39.8709505], [-82.9551081, 39.8709657], [-82.9549463, 39.870972], [-82.9548456, 39.8709733], [-82.9547565, 39.8709872], [-82.9546029, 39.8709936], [-82.954413, 39.8709986]]]}, "properties": {"name": "Unnamed water", "tier": "HIDDEN GEM", "score": 100, "wtype": "lake", "acres": 7.56, "access": "PUBLIC", "owner": "VILLAGE OF OBETZ", "owner_addr": "LISLE AVE", "species": ["Largemouth bass", "Bluegill", "Black crappie", "Channel catfish"], "bass": "PRIME", "easy_access": false, "public_shore_m": 1026, "nearest_park_m": 776, "osm_id": 1257974169, "lat": 39.870741, "lon": -82.955998}}, {"type": "Feature", "geometry": {"type": "Polygon", "coordinates": [[[-82.7939052, 40.0229873], [-82.7938722, 40.0229987], [-82.793828, 40.023], [-82.7937711, 40.0229788], [-82.7937264, 40.0229653], [-82.7936674, 40.0229659], [-82.7936252, 40.0229583], [-82.793596, 40.0229214], [-82.7935698, 40.0228962], [-82.7935412, 40.0228454], [-82.7935265, 40.0228093], [-82.7935368, 40.0227664], [-82.7935526, 40.0227289], [-82.7935796, 40.0225634], [-82.7935916, 40.0225285], [-82.7936205, 40.022503], [-82.7936715, 40.0224736], [-82.7936925, 40.0224572], [-82.793693, 40.0223706], [-82.7936974, 40.0223217], [-82.793758, 40.0222741], [-82.7939154, 40.0222245], [-82.7939719, 40.0222138], [-82.7939991, 40.0222195], [-82.7940182, 40.0222382], [-82.794018, 40.0222977], [-82.7939919, 40.0226341], [-82.7939707, 40.0228517], [-82.7939308, 40.0229593], [-82.7939052, 40.0229873]]]}, "properties": {"name": "Unnamed water", "tier": "HIDDEN GEM", "score": 100, "wtype": "pond", "acres": 0.65, "access": "PUBLIC", "owner": "JEFFERSON TOWNSHIP (FRANKLIN COUNTY)", "owner_addr": "ARBOR LN", "species": ["Largemouth bass", "Bluegill", "Black crappie", "Channel catfish"], "bass": "PRIME", "easy_access": false, "public_shore_m": 219, "nearest_park_m": 617, "osm_id": 1271604711, "lat": 40.022628, "lon": -82.793799}}, {"type": "Feature", "geometry": {"type": "Polygon", "coordinates": [[[-82.7729403, 40.0115997], [-82.7729526, 40.0109912], [-82.7729309, 40.0109514], [-82.7728732, 40.010939], [-82.7723606, 40.0109117], [-82.7723335, 40.0109251], [-82.7723309, 40.0109608], [-82.7728904, 40.0115995], [-82.7729101, 40.0116161], [-82.7729403, 40.0115997]]]}, "properties": {"name": "Unnamed water", "tier": "HIDDEN GEM", "score": 100, "wtype": "pond", "acres": 0.55, "access": "PUBLIC", "owner": "BOARD OF TRUSTEES OF JEFFERSON TOWNSHIP FRANKLIN COUNTY OHIO", "owner_addr": "BELHAVEN DR", "species": ["Largemouth bass", "Bluegill", "Black crappie", "Channel catfish"], "bass": "PRIME", "easy_access": false, "public_shore_m": 219, "nearest_park_m": 497, "osm_id": 1273190468, "lat": 40.011169, "lon": -82.772727}}, {"type": "Feature", "geometry": {"type": "Polygon", "coordinates": [[[-82.8357871, 39.8429201], [-82.8362699, 39.8431508], [-82.8366025, 39.8433237], [-82.8366347, 39.8434803], [-82.8361626, 39.8434803], [-82.835712, 39.8432084], [-82.8354009, 39.8431343], [-82.835197, 39.8427059], [-82.8357871, 39.8429201]]]}, "properties": {"name": "Unnamed water", "tier": "HIDDEN GEM", "score": 100, "wtype": "pond", "acres": 0.99, "access": "PUBLIC", "owner": "CANAL WINCHESTER LSD BOARD OF EDUCATION", "owner_addr": "6825 GENDER RD", "species": ["Largemouth bass", "Bluegill", "Black crappie", "Channel catfish"], "bass": "PRIME", "easy_access": false, "public_shore_m": 324, "nearest_park_m": 349, "osm_id": 1310594000, "lat": 39.843153, "lon": -82.835914}}, {"type": "Feature", "geometry": {"type": "Polygon", "coordinates": [[[-82.9927206, 40.0207752], [-82.9927559, 40.0206439], [-82.9926803, 40.020418], [-82.9925239, 40.0203987], [-82.9925113, 40.0205995], [-82.9922214, 40.0205686], [-82.9922315, 40.0207153], [-82.9927206, 40.0207752]]]}, "properties": {"name": "Unnamed water", "tier": "HIDDEN GEM", "score": 100, "wtype": "pond", "acres": 0.27, "access": "PUBLIC", "owner": "CITY OF COLUMBUS OHIO", "owner_addr": "2745 AUDUBON RD", "species": ["Largemouth bass", "Bluegill"], "bass": "GOOD", "easy_access": false, "public_shore_m": 160, "nearest_park_m": 365, "osm_id": 1332921924, "lat": 40.020618, "lon": -82.99253}}, {"type": "Feature", "geometry": {"type": "Polygon", "coordinates": [[[-83.179071, 40.0290576], [-83.1790268, 40.0290576], [-83.1789825, 40.02904], [-83.1789631, 40.0290088], [-83.1789648, 40.0289018], [-83.1789613, 40.0286972], [-83.1789365, 40.0285413], [-83.1788622, 40.0282717], [-83.1787719, 40.0280562], [-83.1786463, 40.0278706], [-83.1785614, 40.0277256], [-83.1784782, 40.0275562], [-83.178441, 40.0274045], [-83.1784375, 40.0272175], [-83.1784428, 40.0270901], [-83.1784322, 40.0269424], [-83.1784322, 40.0268597], [-83.1785384, 40.0268773], [-83.1786835, 40.0268841], [-83.1787578, 40.0268746], [-83.1788356, 40.0268408], [-83.1792851, 40.0268557], [-83.1791843, 40.0270156], [-83.1790922, 40.0272703], [-83.1790533, 40.0275129], [-83.1791099, 40.0276795], [-83.179163, 40.0278747], [-83.1792727, 40.0280224], [-83.1794214, 40.028189], [-83.1795399, 40.0283259], [-83.179616, 40.0284316], [-83.1796302, 40.028502], [-83.1796249, 40.0285793], [-83.179593, 40.0286579], [-83.1795435, 40.0287121], [-83.179071, 40.0290576]]]}, "properties": {"name": "Unnamed water", "tier": "HIDDEN GEM", "score": 100, "wtype": "pond", "acres": 3.02, "access": "PUBLIC", "owner": "CITY OF HILLIARD", "owner_addr": "3680 COSGRAY RD", "species": ["Largemouth bass", "Bluegill", "Black crappie", "Channel catfish"], "bass": "PRIME", "easy_access": false, "public_shore_m": 612, "nearest_park_m": 312, "osm_id": 1363173831, "lat": 40.027861, "lon": -83.178983}}, {"type": "Feature", "geometry": {"type": "Polygon", "coordinates": [[[-82.8692941, 39.9794357], [-82.8693618, 39.9794125], [-82.8694015, 39.9793874], [-82.8694319, 39.9793355], [-82.8694459, 39.9792783], [-82.8694436, 39.9792192], [-82.8694249, 39.9791763], [-82.8693875, 39.9791298], [-82.8693665, 39.9790886], [-82.8693595, 39.9790313], [-82.8693712, 39.9789222], [-82.8693922, 39.9788345], [-82.8694529, 39.9787397], [-82.8695603, 39.9786377], [-82.8696514, 39.9785822], [-82.8697308, 39.9785447], [-82.8697635, 39.9785357], [-82.8697891, 39.9785393], [-82.8698055, 39.9785554], [-82.8698335, 39.978584], [-82.8698849, 39.9785554], [-82.8698732, 39.9785321], [-82.8698802, 39.9785125], [-82.8699082, 39.9784946], [-82.8699689, 39.9784749], [-82.870074, 39.9784427], [-82.8701067, 39.978423], [-82.8701301, 39.9783962], [-82.8701347, 39.9783568], [-82.8701698, 39.9781707], [-82.8701954, 39.9781242], [-82.8702235, 39.9780669], [-82.8702351, 39.9780025], [-82.8702258, 39.977947], [-82.8701954, 39.9779059], [-82.8701534, 39.9778773], [-82.870081, 39.9778629], [-82.8700273, 39.9778647], [-82.8699759, 39.9778755], [-82.8699316, 39.9779148], [-82.8699012, 39.9779649], [-82.8698382, 39.9781546], [-82.8698125, 39.9782369], [-82.8697751, 39.978287], [-82.8697144, 39.9783335], [-82.8696607, 39.9783729], [-82.8695977, 39.9783997], [-82.869523, 39.9784355], [-82.8694599, 39.9784803], [-82.8693899, 39.9785357], [-82.8693198, 39.9786109], [-82.8692895, 39.978652], [-82.8692404, 39.9787272], [-82.8691891, 39.9788488], [-82.8691634, 39.9789365], [-82.869126, 39.9790206], [-82.8690886, 39.9790975], [-82.8690816, 39.9791387], [-82.8690957, 39.9791995], [-82.8690886, 39.9792639], [-82.869077, 39.9793087], [-82.86907, 39.9793445], [-82.8690886, 39.9793803], [-82.8691143, 39.9794089], [-82.869161, 39.9794268], [-82.8692217, 39.9794393], [-82.8692941, 39.9794357]]]}, "properties": {"name": "Unnamed water", "tier": "HIDDEN GEM", "score": 100, "wtype": "pond", "acres": 1.18, "access": "PUBLIC", "owner": "CITY OF WHITEHALL", "owner_addr": "5000 E BROAD ST", "species": ["Largemouth bass", "Bluegill", "Black crappie", "Channel catfish"], "bass": "PRIME", "easy_access": false, "public_shore_m": 455, "nearest_park_m": 443, "osm_id": 1421625673, "lat": 39.978615, "lon": -82.869626}}, {"type": "Feature", "geometry": {"type": "Polygon", "coordinates": [[[-82.9359715, 40.0701497], [-82.9339781, 40.0702912], [-82.933901, 40.0702629], [-82.933861, 40.0702063], [-82.9339226, 40.0701427], [-82.9340736, 40.0700931], [-82.934471, 40.0700649], [-82.9350842, 40.0700531], [-82.9357774, 40.0700153], [-82.9359931, 40.0700649], [-82.9360085, 40.0701097], [-82.9359715, 40.0701497]]]}, "properties": {"name": "Unnamed water", "tier": "HIDDEN GEM", "score": 100, "wtype": "pond", "acres": 0.81, "access": "PUBLIC", "owner": "CITY OF COLUMBUS OHIO", "owner_addr": "4657 WESTERVILLE RD", "species": ["Largemouth bass", "Bluegill", "Black crappie", "Channel catfish"], "bass": "PRIME", "easy_access": false, "public_shore_m": 383, "nearest_park_m": 327, "osm_id": 1467645554, "lat": 40.070143, "lon": -82.934876}}, {"type": "Feature", "geometry": {"type": "Polygon", "coordinates": [[[-82.9334627, 40.0692077], [-82.9335798, 40.0683424], [-82.9335459, 40.0683094], [-82.933472, 40.0683], [-82.933398, 40.0683306], [-82.9329513, 40.0689932], [-82.932939, 40.0690639], [-82.9329882, 40.0691063], [-82.9330899, 40.0691441], [-82.9334627, 40.0692077]]]}, "properties": {"name": "Unnamed water", "tier": "HIDDEN GEM", "score": 100, "wtype": "pond", "acres": 0.78, "access": "PUBLIC", "owner": "CITY OF COLUMBUS OHIO", "owner_addr": "4657 WESTERVILLE RD", "species": ["Largemouth bass", "Bluegill", "Black crappie", "Channel catfish"], "bass": "PRIME", "easy_access": true, "public_shore_m": 254, "nearest_park_m": 208, "osm_id": 1467645579, "lat": 40.068809, "lon": -82.93331}}, {"type": "Feature", "geometry": {"type": "Polygon", "coordinates": [[[-82.8320529, 39.8720855], [-82.8321045, 39.8721745], [-82.8321096, 39.8722734], [-82.8320632, 39.8723999], [-82.8320117, 39.8724593], [-82.8318674, 39.8725166], [-82.8316819, 39.8725126], [-82.8314861, 39.8724395], [-82.8313109, 39.8724177], [-82.8311846, 39.8724652], [-82.8310815, 39.8725087], [-82.8306925, 39.8725265], [-82.8304168, 39.8724909], [-82.8303343, 39.8724098], [-82.8303549, 39.872218], [-82.8303807, 39.872046], [-82.830507, 39.8719154], [-82.830811, 39.8717117], [-82.8310017, 39.8716109], [-82.8311228, 39.8715971], [-82.831365, 39.8715971], [-82.8315325, 39.8716149], [-82.8316871, 39.8717058], [-82.8317695, 39.8718264], [-82.8318159, 39.8719451], [-82.8319576, 39.8720163], [-82.8320529, 39.8720855]]]}, "properties": {"name": "Unnamed water", "tier": "HIDDEN GEM", "score": 100, "wtype": "pond", "acres": 2.93, "access": "PUBLIC", "owner": "CITY OF COLUMBUS OHIO", "owner_addr": "GENDER RD", "species": ["Largemouth bass", "Bluegill", "Black crappie", "Channel catfish"], "bass": "PRIME", "easy_access": false, "public_shore_m": 428, "nearest_park_m": 453, "osm_id": 1503221996, "lat": 39.872108, "lon": -82.831203}}, {"type": "Feature", "geometry": {"type": "Polygon", "coordinates": [[[-83.0427687, 39.8380959], [-83.0428717, 39.8381375], [-83.0429258, 39.8382028], [-83.0429181, 39.83827], [-83.0427738, 39.8383254], [-83.0424955, 39.8383789], [-83.04231, 39.8383848], [-83.0422559, 39.8383393], [-83.0422791, 39.8382226], [-83.0423281, 39.8381414], [-83.0424749, 39.8380762], [-83.0425831, 39.8380623], [-83.0426682, 39.8380623], [-83.0427687, 39.8380959]]]}, "properties": {"name": "Unnamed water", "tier": "HIDDEN GEM", "score": 100, "wtype": "pond", "acres": 0.38, "access": "PUBLIC", "owner": "CITY OF GROVE CITY", "owner_addr": "HEMETITE DR", "species": ["Largemouth bass", "Bluegill"], "bass": "GOOD", "easy_access": false, "public_shore_m": 151, "nearest_park_m": 408, "osm_id": 1535089232, "lat": 39.838226, "lon": -83.042575}}, {"type": "Feature", "geometry": {"type": "Polygon", "coordinates": [[[-83.0729128, 39.850053], [-83.0729256, 39.8501103], [-83.072936, 39.8501677], [-83.0729179, 39.8502686], [-83.0729334, 39.8503715], [-83.0729153, 39.8504051], [-83.0722763, 39.8503635], [-83.0721037, 39.8503457], [-83.0720779, 39.8502745], [-83.0720676, 39.8499798], [-83.0721011, 39.8497978], [-83.0721063, 39.849685], [-83.072132, 39.8496415], [-83.0722686, 39.8496376], [-83.0724387, 39.8497028], [-83.0725469, 39.849782], [-83.0726422, 39.8499363], [-83.0726886, 39.8499917], [-83.0727762, 39.850047], [-83.0729128, 39.850053]]]}, "properties": {"name": "Unnamed water", "tier": "HIDDEN GEM", "score": 100, "wtype": "pond", "acres": 1.11, "access": "PUBLIC", "owner": "CITY OF GROVE CITY", "owner_addr": "MT CARMEL LN", "species": ["Largemouth bass", "Bluegill", "Black crappie", "Channel catfish"], "bass": "PRIME", "easy_access": true, "public_shore_m": 277, "nearest_park_m": 213, "osm_id": 1535089285, "lat": 39.850075, "lon": -83.072444}}, {"type": "Feature", "geometry": {"type": "Polygon", "coordinates": [[[-83.0462005, 39.8371882], [-83.0465731, 39.8373059], [-83.046867, 39.8374235], [-83.0469456, 39.8375443], [-83.0469084, 39.8376492], [-83.0468007, 39.8377827], [-83.0465855, 39.8377922], [-83.0462212, 39.8377445], [-83.0459935, 39.8376301], [-83.045919, 39.8374775], [-83.0458817, 39.8373122], [-83.0459976, 39.83722], [-83.0462005, 39.8371882]]]}, "properties": {"name": "Unnamed water", "tier": "HIDDEN GEM", "score": 100, "wtype": "pond", "acres": 1.06, "access": "PUBLIC", "owner": "CITY OF GROVE CITY", "owner_addr": "765 BUCKEYE PW", "species": ["Largemouth bass", "Bluegill", "Black crappie", "Channel catfish"], "bass": "PRIME", "easy_access": false, "public_shore_m": 237, "nearest_park_m": 252, "osm_id": 1535532994, "lat": 39.837505, "lon": -83.046398}}, {"type": "Feature", "geometry": {"type": "Polygon", "coordinates": [[[-83.1504653, 39.9090457], [-83.1505658, 39.9089885], [-83.1506481, 39.9088729], [-83.1506556, 39.9087821], [-83.1505779, 39.9087189], [-83.1504922, 39.9086767], [-83.1504672, 39.9085963], [-83.1504378, 39.9085229], [-83.1503255, 39.9084709], [-83.1501831, 39.9084492], [-83.1500102, 39.9084683], [-83.1498964, 39.9085218], [-83.1498366, 39.9086062], [-83.1498873, 39.9086623], [-83.1500141, 39.9087263], [-83.1500903, 39.908814], [-83.1501483, 39.9089126], [-83.1502229, 39.9090132], [-83.150341, 39.9090629], [-83.1504653, 39.9090457]]]}, "properties": {"name": "Unnamed water", "tier": "HIDDEN GEM", "score": 100, "wtype": "pond", "acres": 0.7, "access": "PUBLIC", "owner": "COLUMBUS REGIONAL AIRPORT AUTHORITY (CITY OF COLS)", "owner_addr": "6005 ALKIRE RD", "species": ["Largemouth bass", "Bluegill", "Black crappie", "Channel catfish"], "bass": "PRIME", "easy_access": false, "public_shore_m": 212, "nearest_park_m": 617, "osm_id": 1539231816, "lat": 39.908736, "lon": -83.150278}}, {"type": "Feature", "geometry": {"type": "Polygon", "coordinates": [[[-83.1672839, 40.0956062], [-83.1672823, 40.0956301], [-83.1672694, 40.0956886], [-83.1672797, 40.0957232], [-83.1673266, 40.0957825], [-83.167341, 40.0958032], [-83.1673378, 40.095831], [-83.1673137, 40.0958585], [-83.1672688, 40.0958796], [-83.1672115, 40.0958816], [-83.1671583, 40.0958716], [-83.1670893, 40.0958321], [-83.1669845, 40.0957694], [-83.1668994, 40.0957163], [-83.166808, 40.0956807], [-83.1667573, 40.0956616], [-83.1667291, 40.0956377], [-83.1667141, 40.0956085], [-83.166716, 40.0955762], [-83.166748, 40.0955714], [-83.1668179, 40.0955722], [-83.1668917, 40.095583], [-83.1669855, 40.0955766], [-83.1670842, 40.0955675], [-83.1671448, 40.0955432], [-83.1671824, 40.095533], [-83.1672159, 40.0955324], [-83.1672464, 40.0955442], [-83.1672771, 40.0955739], [-83.1672839, 40.0956062]]]}, "properties": {"name": "Unnamed water", "tier": "HIDDEN GEM", "score": 100, "wtype": "pond", "acres": 0.29, "access": "PUBLIC", "owner": "CITY OF DUBLIN OHIO", "owner_addr": "UNIVERSITY BL", "species": ["Largemouth bass", "Bluegill"], "bass": "GOOD", "easy_access": true, "public_shore_m": 151, "nearest_park_m": 226, "osm_id": 1545727134, "lat": 40.095691, "lon": -83.16708}}, {"type": "Feature", "geometry": {"type": "Polygon", "coordinates": [[[-83.1670903, 40.0987549], [-83.1670496, 40.0987805], [-83.1669646, 40.0987974], [-83.1668589, 40.0987989], [-83.1667444, 40.0987862], [-83.1666269, 40.0987505], [-83.1665328, 40.0987103], [-83.1664308, 40.098644], [-83.1663686, 40.0985798], [-83.1663296, 40.0985058], [-83.166303, 40.0983965], [-83.1663048, 40.0983597], [-83.1663127, 40.0983402], [-83.1663374, 40.0983272], [-83.1663704, 40.0983274], [-83.1664194, 40.0983389], [-83.1664528, 40.0983552], [-83.1665991, 40.098431], [-83.1667302, 40.0984795], [-83.1668705, 40.0985119], [-83.1670205, 40.0985278], [-83.1670615, 40.098539], [-83.1671005, 40.0985653], [-83.1671293, 40.0986049], [-83.1671456, 40.0986521], [-83.1671429, 40.0986959], [-83.1671269, 40.0987231], [-83.1670903, 40.0987549]]]}, "properties": {"name": "Unnamed water", "tier": "HIDDEN GEM", "score": 100, "wtype": "pond", "acres": 0.53, "access": "PUBLIC", "owner": "STATE OF OHIO FBO THE OHIO STATE UNIVERSITY", "owner_addr": "6700 UNIVERSITY BL", "species": ["Largemouth bass", "Bluegill", "Black crappie", "Channel catfish"], "bass": "PRIME", "easy_access": true, "public_shore_m": 196, "nearest_park_m": 220, "osm_id": 1545727138, "lat": 40.098595, "lon": -83.166713}}, {"type": "Feature", "geometry": {"type": "Polygon", "coordinates": [[[-83.1657427, 39.8169332], [-83.1668242, 39.8170058], [-83.1671332, 39.8173222], [-83.1670817, 39.8177309], [-83.1668156, 39.8178628], [-83.1664294, 39.8178166], [-83.1662835, 39.8177112], [-83.1660002, 39.8176584], [-83.1658801, 39.817843], [-83.1660002, 39.8179815], [-83.1662835, 39.8181133], [-83.1660775, 39.8186407], [-83.1650818, 39.8183243], [-83.1646698, 39.8182122], [-83.1643265, 39.8179287], [-83.164378, 39.817843], [-83.1646269, 39.8177309], [-83.1647299, 39.8175134], [-83.1645668, 39.8174013], [-83.16479, 39.8172233], [-83.1650218, 39.8172233], [-83.1651591, 39.8170981], [-83.1653222, 39.8169201], [-83.1657427, 39.8169332]]]}, "properties": {"name": "Unnamed water", "tier": "HIDDEN GEM", "score": 90, "wtype": "lake", "acres": 6.67, "access": "PUBLIC", "owner": "BOARD OF PARK COMMISSIONERS OF THE COLUMBUS AND FRANKLIN COUNTY METROPOLITAN PARK DISTRICT", "owner_addr": "HARRISBURG GEO RD", "species": ["Largemouth bass", "Bluegill", "Black crappie", "Channel catfish"], "bass": "PRIME", "easy_access": false, "public_shore_m": 794, "nearest_park_m": 1268, "osm_id": 33106131, "lat": 39.817657, "lon": -83.165732}}, {"type": "Feature", "geometry": {"type": "Polygon", "coordinates": [[[-82.7805982, 39.9734834], [-82.7808471, 39.9734768], [-82.7810445, 39.9735097], [-82.781096, 39.9735623], [-82.7809587, 39.9738517], [-82.7808986, 39.9739306], [-82.780787, 39.9739438], [-82.7805553, 39.9738517], [-82.7804609, 39.9738122], [-82.7803922, 39.9737202], [-82.7803922, 39.9736478], [-82.7804952, 39.973536], [-82.7805982, 39.9734834]]]}, "properties": {"name": "Unnamed water", "tier": "HIDDEN GEM", "score": 90, "wtype": "pond", "acres": 0.55, "access": "PUBLIC", "owner": "CITY OF REYNOLDSBURG OHIO", "owner_addr": "RESERVE B", "species": ["Largemouth bass", "Bluegill", "Black crappie", "Channel catfish"], "bass": "PRIME", "easy_access": false, "public_shore_m": 177, "nearest_park_m": 856, "osm_id": 38009956, "lat": 39.973687, "lon": -82.780744}}, {"type": "Feature", "geometry": {"type": "Polygon", "coordinates": [[[-82.7807699, 39.9749633], [-82.78089, 39.9750028], [-82.7809501, 39.9750751], [-82.7809501, 39.9751606], [-82.7808643, 39.975233], [-82.7807269, 39.9752527], [-82.7805295, 39.9752264], [-82.7802635, 39.9752461], [-82.7801605, 39.9752264], [-82.7800403, 39.9751672], [-82.7800403, 39.9750948], [-82.7800918, 39.9748909], [-82.7801862, 39.9747726], [-82.7802978, 39.9747726], [-82.7804351, 39.9748252], [-82.780581, 39.9749041], [-82.7807699, 39.9749633]]]}, "properties": {"name": "Unnamed water", "tier": "HIDDEN GEM", "score": 90, "wtype": "pond", "acres": 0.73, "access": "PUBLIC", "owner": "CITY OF REYNOLDSBURG OHIO", "owner_addr": "RESERVE A", "species": ["Largemouth bass", "Bluegill", "Black crappie", "Channel catfish"], "bass": "PRIME", "easy_access": false, "public_shore_m": 216, "nearest_park_m": 890, "osm_id": 38009957, "lat": 39.975048, "lon": -82.780453}}, {"type": "Feature", "geometry": {"type": "Polygon", "coordinates": [[[-83.1699851, 39.9628008], [-83.1702941, 39.962939], [-83.1708348, 39.9632876], [-83.1709035, 39.9633797], [-83.1710322, 39.9637021], [-83.1711095, 39.9638008], [-83.1717789, 39.9641691], [-83.1719334, 39.9643007], [-83.1719849, 39.9644323], [-83.1719678, 39.9645573], [-83.1718734, 39.9646296], [-83.171633, 39.9646954], [-83.171015, 39.9646296], [-83.1708863, 39.9646033], [-83.1705086, 39.9642941], [-83.17044, 39.9641889], [-83.1704142, 39.9640902], [-83.1704142, 39.963531], [-83.1703542, 39.9633995], [-83.1702168, 39.9632876], [-83.170028, 39.963235], [-83.1697362, 39.9631955], [-83.1696332, 39.9631363], [-83.1695988, 39.9630376], [-83.169616, 39.9629455], [-83.1697018, 39.9628469], [-83.1698306, 39.9628008], [-83.1699851, 39.9628008]]]}, "properties": {"name": "Unnamed water", "tier": "HIDDEN GEM", "score": 90, "wtype": "pond", "acres": 3.87, "access": "PUBLIC_BANK", "owner": "CITY OF COLUMBUS OHIO", "owner_addr": "ALTON DARBY CRK RD", "species": ["Largemouth bass", "Bluegill", "Black crappie", "Channel catfish"], "bass": "PRIME", "easy_access": false, "public_shore_m": 251, "nearest_park_m": 970, "osm_id": 42709429, "lat": 39.96387, "lon": -83.170847}}, {"type": "Feature", "geometry": {"type": "Polygon", "coordinates": [[[-83.16838, 39.9629455], [-83.1684659, 39.9629784], [-83.1685174, 39.9630442], [-83.1685517, 39.9632284], [-83.1686204, 39.9632416], [-83.1685689, 39.9633337], [-83.168586, 39.9645507], [-83.1685517, 39.964873], [-83.168483, 39.9651164], [-83.1684144, 39.9651493], [-83.1683457, 39.9651493], [-83.1680968, 39.9649849], [-83.1679337, 39.9648401], [-83.1678822, 39.964827], [-83.1678822, 39.9647809], [-83.1677449, 39.964577], [-83.167599, 39.9641955], [-83.1675217, 39.9637744], [-83.1674702, 39.9632876], [-83.1674702, 39.9629324], [-83.1675132, 39.9628403], [-83.1675904, 39.9627745], [-83.1677106, 39.9627482], [-83.1679509, 39.9627613], [-83.1680882, 39.9628008], [-83.1682256, 39.9628798], [-83.16838, 39.9629455]]]}, "properties": {"name": "Unnamed water", "tier": "HIDDEN GEM", "score": 90, "wtype": "pond", "acres": 4.92, "access": "PUBLIC", "owner": "CITY OF COLUMBUS OHIO", "owner_addr": "571 ALTON DARBY CREEK RD", "species": ["Largemouth bass", "Bluegill", "Black crappie", "Channel catfish"], "bass": "PRIME", "easy_access": false, "public_shore_m": 628, "nearest_park_m": 835, "osm_id": 42709430, "lat": 39.963844, "lon": -83.168071}}, {"type": "Feature", "geometry": {"type": "Polygon", "coordinates": [[[-83.1873186, 40.0399203], [-83.1875546, 40.0399203], [-83.1877048, 40.0400353], [-83.1877692, 40.040593], [-83.1875332, 40.040823], [-83.1869967, 40.0408394], [-83.1865032, 40.0409544], [-83.1858809, 40.0410037], [-83.1852801, 40.0410694], [-83.185087, 40.0410365], [-83.185087, 40.0408394], [-83.1851728, 40.0407244], [-83.1857307, 40.040708], [-83.1865032, 40.0405601], [-83.1869324, 40.0404287], [-83.1872113, 40.0401996], [-83.1873186, 40.0399203]]]}, "properties": {"name": "Unnamed water", "tier": "HIDDEN GEM", "score": 90, "wtype": "pond", "acres": 2.88, "access": "PUBLIC", "owner": "CITY OF HILLIARD", "owner_addr": "WOODSVIEW WY", "species": ["Largemouth bass", "Bluegill", "Black crappie", "Channel catfish"], "bass": "PRIME", "easy_access": false, "public_shore_m": 604, "nearest_park_m": 958, "osm_id": 109819282, "lat": 40.040629, "lon": -83.186674}}, {"type": "Feature", "geometry": {"type": "Polygon", "coordinates": [[[-83.1842501, 40.0407573], [-83.1844433, 40.0408066], [-83.1845291, 40.0409544], [-83.1844433, 40.0412337], [-83.1838425, 40.0414965], [-83.183542, 40.0415129], [-83.1830271, 40.0413487], [-83.1829734, 40.0411745], [-83.1830914, 40.0410694], [-83.1835635, 40.0408887], [-83.1839712, 40.040823], [-83.1842501, 40.0407573]]]}, "properties": {"name": "Unnamed water", "tier": "HIDDEN GEM", "score": 90, "wtype": "pond", "acres": 1.83, "access": "PUBLIC", "owner": "CITY OF HILLIARD", "owner_addr": "RESERVE A", "species": ["Largemouth bass", "Bluegill", "Black crappie", "Channel catfish"], "bass": "PRIME", "easy_access": false, "public_shore_m": 317, "nearest_park_m": 842, "osm_id": 109819285, "lat": 40.041145, "lon": -83.183789}}, {"type": "Feature", "geometry": {"type": "Polygon", "coordinates": [[[-82.8110896, 39.8748828], [-82.8111907, 39.8747528], [-82.8113028, 39.8743584], [-82.8113492, 39.8739578], [-82.8113547, 39.8737228], [-82.8112645, 39.8735571], [-82.8111087, 39.8735151], [-82.8107424, 39.8735424], [-82.810398, 39.8736347], [-82.8100427, 39.8738466], [-82.8097284, 39.8741172], [-82.8095944, 39.8744444], [-82.8096983, 39.874694], [-82.8099306, 39.874887], [-82.8101602, 39.8749458], [-82.810603, 39.8749793], [-82.8108654, 39.8749688], [-82.8110896, 39.8748828]]]}, "properties": {"name": "Unnamed water", "tier": "HIDDEN GEM", "score": 90, "wtype": "pond", "acres": 4.63, "access": "PUBLIC", "owner": "CITY OF COLUMBUS OHIO", "owner_addr": "LEHMAN RD", "species": ["Largemouth bass", "Bluegill", "Black crappie", "Channel catfish"], "bass": "PRIME", "easy_access": false, "public_shore_m": 507, "nearest_park_m": 949, "osm_id": 158677271, "lat": 39.87428, "lon": -82.810556}}, {"type": "Feature", "geometry": {"type": "Polygon", "coordinates": [[[-82.8128607, 39.8750947], [-82.8130794, 39.8750695], [-82.8132461, 39.8749563], [-82.8133035, 39.8748094], [-82.8131969, 39.8745976], [-82.8130876, 39.874371], [-82.813063, 39.8741486], [-82.8131395, 39.873899], [-82.813268, 39.8737669], [-82.8133363, 39.873662], [-82.8133609, 39.8735445], [-82.8132789, 39.873513], [-82.8127213, 39.8735088], [-82.8123933, 39.8735256], [-82.8123332, 39.8736263], [-82.8123551, 39.8737312], [-82.8125191, 39.8739284], [-82.8125792, 39.8741969], [-82.8125081, 39.8744067], [-82.8123469, 39.8745535], [-82.812243, 39.8747129], [-82.8122758, 39.8748619], [-82.8123824, 39.8749919], [-82.812612, 39.8750716], [-82.8128607, 39.8750947]]]}, "properties": {"name": "Unnamed water", "tier": "HIDDEN GEM", "score": 90, "wtype": "pond", "acres": 2.82, "access": "PUBLIC", "owner": "CITY OF COLUMBUS OHIO", "owner_addr": "LEHMAN RD", "species": ["Largemouth bass", "Bluegill", "Black crappie", "Channel catfish"], "bass": "PRIME", "easy_access": false, "public_shore_m": 511, "nearest_park_m": 1035, "osm_id": 158677273, "lat": 39.874306, "lon": -82.812804}}, {"type": "Feature", "geometry": {"type": "Polygon", "coordinates": [[[-83.101654, 40.1346192], [-83.1014153, 40.1345143], [-83.1012751, 40.134496], [-83.1010782, 40.1345188], [-83.1009589, 40.1347537], [-83.1009858, 40.1348609], [-83.1010812, 40.1350069], [-83.1012363, 40.1351369], [-83.1014034, 40.1352281], [-83.1014959, 40.1352463], [-83.1015555, 40.1352281], [-83.1017047, 40.1350776], [-83.1017405, 40.1350069], [-83.1017315, 40.1348221], [-83.1016927, 40.1346465], [-83.101654, 40.1346192]]]}, "properties": {"name": "Unnamed water", "tier": "HIDDEN GEM", "score": 90, "wtype": "pond", "acres": 1.0, "access": "PUBLIC", "owner": "CITY OF DUBLIN", "owner_addr": "BORGE WY", "species": ["Largemouth bass", "Bluegill", "Black crappie", "Channel catfish"], "bass": "PRIME", "easy_access": false, "public_shore_m": 236, "nearest_park_m": 1070, "osm_id": 255068201, "lat": 40.134847, "lon": -83.101371}}, {"type": "Feature", "geometry": {"type": "Polygon", "coordinates": [[[-83.1762995, 40.0034548], [-83.1763912, 40.003484], [-83.176447, 40.0035308], [-83.1764604, 40.0036027], [-83.1764126, 40.0036812], [-83.1763585, 40.0037506], [-83.1763209, 40.0037691], [-83.1761546, 40.0037876], [-83.1761224, 40.0038061], [-83.1760393, 40.0037938], [-83.1756831, 40.0037942], [-83.1754277, 40.0037979], [-83.175409, 40.0038267], [-83.175358, 40.0038225], [-83.1753424, 40.0038086], [-83.175262, 40.0038086], [-83.1751649, 40.0038369], [-83.1751064, 40.0038764], [-83.1750267, 40.0038973], [-83.1748677, 40.0039113], [-83.1747255, 40.0039175], [-83.1747121, 40.003901], [-83.1748296, 40.0038945], [-83.1749718, 40.0038739], [-83.1750361, 40.0038513], [-83.1750742, 40.0038065], [-83.1750871, 40.0037589], [-83.175079, 40.0036212], [-83.1750957, 40.0035908], [-83.175122, 40.0035678], [-83.1751676, 40.0035554], [-83.1755458, 40.0035246], [-83.1756557, 40.0035226], [-83.1758301, 40.0034856], [-83.1758918, 40.0034959], [-83.1760822, 40.0034835], [-83.176219, 40.0034589], [-83.1762995, 40.0034548]]]}, "properties": {"name": "Unnamed water", "tier": "HIDDEN GEM", "score": 90, "wtype": "pond", "acres": 0.94, "access": "PUBLIC", "owner": "CITY OF HILLIARD OHIO", "owner_addr": "GLADE RUN RD", "species": ["Largemouth bass", "Bluegill", "Black crappie", "Channel catfish"], "bass": "PRIME", "easy_access": false, "public_shore_m": 355, "nearest_park_m": 1140, "osm_id": 271164925, "lat": 40.003658, "lon": -83.175748}}, {"type": "Feature", "geometry": {"type": "Polygon", "coordinates": [[[-83.1517982, 40.1275495], [-83.1519351, 40.1275012], [-83.1519561, 40.1274142], [-83.1521204, 40.1274432], [-83.1522152, 40.1275028], [-83.1522636, 40.1275753], [-83.1524805, 40.1276976], [-83.1525795, 40.127783], [-83.1525269, 40.1278393], [-83.1524911, 40.1278538], [-83.1523984, 40.1278458], [-83.1520909, 40.1276944], [-83.1519182, 40.1276525], [-83.1516255, 40.1276203], [-83.1514675, 40.127572], [-83.1512274, 40.1275028], [-83.1510526, 40.1274706], [-83.1509747, 40.1274384], [-83.1509705, 40.1273836], [-83.1510105, 40.1273289], [-83.1510569, 40.1272999], [-83.1511664, 40.1272934], [-83.1512717, 40.1273643], [-83.1513454, 40.1274448], [-83.151438, 40.1274851], [-83.1515897, 40.1275173], [-83.1517687, 40.1275495], [-83.1517982, 40.1275495]]]}, "properties": {"name": "Unnamed water", "tier": "HIDDEN GEM", "score": 90, "wtype": "pond", "acres": 0.57, "access": "PUBLIC", "owner": "CITY OF DUBLIN", "owner_addr": "CROSSBILL CT", "species": ["Largemouth bass", "Bluegill", "Black crappie", "Channel catfish"], "bass": "PRIME", "easy_access": false, "public_shore_m": 333, "nearest_park_m": 859, "osm_id": 430651621, "lat": 40.127569, "lon": -83.151838}}, {"type": "Feature", "geometry": {"type": "Polygon", "coordinates": [[[-83.1579199, 40.1293168], [-83.1582371, 40.1293454], [-83.1583986, 40.1293212], [-83.1587677, 40.1294028], [-83.1589696, 40.1294667], [-83.1589955, 40.1295064], [-83.1589926, 40.1295681], [-83.1588946, 40.1296431], [-83.1587475, 40.1297291], [-83.1585803, 40.1297533], [-83.1585024, 40.1297467], [-83.1582544, 40.1295703], [-83.1580324, 40.1294888], [-83.1579026, 40.1294336], [-83.1578623, 40.1294138], [-83.1578277, 40.1293741], [-83.1578219, 40.12933], [-83.1579199, 40.1293168]]]}, "properties": {"name": "Unnamed water", "tier": "HIDDEN GEM", "score": 90, "wtype": "pond", "acres": 0.69, "access": "PUBLIC", "owner": "CITY OF DUBLIN", "owner_addr": "6195 BRAND RD", "species": ["Largemouth bass", "Bluegill", "Black crappie", "Channel catfish"], "bass": "PRIME", "easy_access": false, "public_shore_m": 227, "nearest_park_m": 1105, "osm_id": 430651628, "lat": 40.129507, "lon": -83.158472}}, {"type": "Feature", "geometry": {"type": "Polygon", "coordinates": [[[-83.1633465, 40.132094], [-83.1634367, 40.1320525], [-83.1635956, 40.1320802], [-83.1636028, 40.1322265], [-83.1635776, 40.1325053], [-83.1635451, 40.1325936], [-83.1634909, 40.1326157], [-83.1634151, 40.1326212], [-83.1633212, 40.1325495], [-83.1632345, 40.1324142], [-83.1632381, 40.1322403], [-83.1633104, 40.1321271], [-83.1633465, 40.132094]]]}, "properties": {"name": "Unnamed water", "tier": "HIDDEN GEM", "score": 90, "wtype": "pond", "acres": 0.39, "access": "PUBLIC", "owner": "CITY OF DUBLIN", "owner_addr": "8035 LOMBARD WAY", "species": ["Largemouth bass", "Bluegill"], "bass": "GOOD", "easy_access": false, "public_shore_m": 158, "nearest_park_m": 1188, "osm_id": 430651638, "lat": 40.13233, "lon": -83.16343}}, {"type": "Feature", "geometry": {"type": "Polygon", "coordinates": [[[-83.1617598, 40.1318257], [-83.1617582, 40.1318972], [-83.161858, 40.1320511], [-83.161916, 40.1321497], [-83.1619499, 40.1321571], [-83.1620465, 40.132093], [-83.1621077, 40.1320314], [-83.1622382, 40.1320327], [-83.1622688, 40.1320228], [-83.1622624, 40.1318541], [-83.162243, 40.1318208], [-83.1621931, 40.1318097], [-83.1618806, 40.1318073], [-83.1618323, 40.1318048], [-83.1617904, 40.131795], [-83.1617598, 40.1318257]]]}, "properties": {"name": "Unnamed water", "tier": "HIDDEN GEM", "score": 90, "wtype": "pond", "acres": 0.29, "access": "PUBLIC", "owner": "CITY OF DUBLIN OH", "owner_addr": "SHANNON GLEN BL", "species": ["Largemouth bass", "Bluegill"], "bass": "GOOD", "easy_access": false, "public_shore_m": 141, "nearest_park_m": 1153, "osm_id": 430651639, "lat": 40.131942, "lon": -83.162013}}, {"type": "Feature", "geometry": {"type": "Polygon", "coordinates": [[[-83.167557, 40.1317849], [-83.1676248, 40.1317802], [-83.1676618, 40.1317496], [-83.1677932, 40.1316263], [-83.1680305, 40.131471], [-83.1681763, 40.1314174], [-83.1686077, 40.1313633], [-83.1687894, 40.1313562], [-83.1688634, 40.1313162], [-83.1688665, 40.1312573], [-83.168811, 40.131229], [-83.1686754, 40.1312007], [-83.1682071, 40.1311772], [-83.1679761, 40.1311418], [-83.1677265, 40.1311041], [-83.1676063, 40.1310806], [-83.1675786, 40.1310924], [-83.1675478, 40.1311301], [-83.1675447, 40.1312196], [-83.1675509, 40.1315117], [-83.1675447, 40.1316695], [-83.1675447, 40.131752], [-83.167557, 40.1317849]]]}, "properties": {"name": "Unnamed water", "tier": "HIDDEN GEM", "score": 90, "wtype": "pond", "acres": 0.98, "access": "PUBLIC", "owner": "CITY OF DUBLIN", "owner_addr": "8040 SUMMERHOUSE DR E", "species": ["Largemouth bass", "Bluegill", "Black crappie", "Channel catfish"], "bass": "PRIME", "easy_access": false, "public_shore_m": 326, "nearest_park_m": 1007, "osm_id": 476834603, "lat": 40.13135, "lon": -83.168002}}, {"type": "Feature", "geometry": {"type": "Polygon", "coordinates": [[[-83.1649391, 40.1367046], [-83.1649622, 40.1367506], [-83.1650241, 40.1367736], [-83.1650843, 40.1367695], [-83.1657532, 40.1366166], [-83.1657868, 40.1366017], [-83.1658116, 40.1365422], [-83.1656452, 40.1361959], [-83.165562, 40.1361593], [-83.1653214, 40.1360931], [-83.1652807, 40.1360741], [-83.1652382, 40.1360511], [-83.1649798, 40.1360322], [-83.1649108, 40.1360376], [-83.1648224, 40.1360552], [-83.1647976, 40.13625], [-83.1648082, 40.1363406], [-83.1649391, 40.1367046]]]}, "properties": {"name": "Unnamed water", "tier": "HIDDEN GEM", "score": 90, "wtype": "pond", "acres": 1.28, "access": "PUBLIC", "owner": "CITY OF DUBLIN OHIO", "owner_addr": "6360 BELVEDERE GREEN BLVD", "species": ["Largemouth bass", "Bluegill", "Black crappie", "Channel catfish"], "bass": "PRIME", "easy_access": false, "public_shore_m": 275, "nearest_park_m": 1014, "osm_id": 476834611, "lat": 40.136396, "lon": -83.165253}}, {"type": "Feature", "geometry": {"type": "Polygon", "coordinates": [[[-83.1520468, 40.0917958], [-83.1517361, 40.0918196], [-83.1514876, 40.0919146], [-83.1512235, 40.091879], [-83.1512079, 40.0917482], [-83.1512856, 40.0916532], [-83.1516274, 40.0916056], [-83.1518138, 40.0914393], [-83.1521089, 40.0914987], [-83.1521556, 40.0916294], [-83.1520468, 40.0917958]]]}, "properties": {"name": "Unnamed water", "tier": "HIDDEN GEM", "score": 90, "wtype": "pond", "acres": 0.61, "access": "PUBLIC", "owner": "CITY OF DUBLIN OHIO", "owner_addr": "5940 INNOVATION CT", "species": ["Largemouth bass", "Bluegill", "Black crappie", "Channel catfish"], "bass": "PRIME", "easy_access": false, "public_shore_m": 216, "nearest_park_m": 1170, "osm_id": 480956672, "lat": 40.091694, "lon": -83.151699}}, {"type": "Feature", "geometry": {"type": "Polygon", "coordinates": [[[-83.1550093, 40.0917161], [-83.1548497, 40.0917222], [-83.1547498, 40.0917364], [-83.1546982, 40.0917109], [-83.1546606, 40.0916648], [-83.1546432, 40.0915991], [-83.1546472, 40.0914945], [-83.1546794, 40.0914483], [-83.1547357, 40.091436], [-83.1548658, 40.0914237], [-83.1549999, 40.0914329], [-83.1550656, 40.0914719], [-83.1551032, 40.0915324], [-83.1551099, 40.091595], [-83.1550992, 40.0916863], [-83.1550723, 40.0917109], [-83.1550093, 40.0917161]]]}, "properties": {"name": "Unnamed water", "tier": "HIDDEN GEM", "score": 90, "wtype": "pond", "acres": 0.29, "access": "PUBLIC", "owner": "CITY OF DUBLIN OHIO", "owner_addr": "INNOVATION DR", "species": ["Largemouth bass", "Bluegill"], "bass": "GOOD", "easy_access": false, "public_shore_m": 127, "nearest_park_m": 950, "osm_id": 480956673, "lat": 40.091578, "lon": -83.154873}}, {"type": "Feature", "geometry": {"type": "Polygon", "coordinates": [[[-83.1577133, 40.0922745], [-83.1577197, 40.0921398], [-83.1577407, 40.0920336], [-83.1577894, 40.0919674], [-83.157905, 40.0919078], [-83.1579168, 40.0918874], [-83.1579141, 40.0918453], [-83.1578833, 40.0917971], [-83.1578417, 40.0917776], [-83.1577954, 40.0917717], [-83.1576298, 40.0917879], [-83.1574541, 40.0918176], [-83.1573187, 40.091831], [-83.1572637, 40.091871], [-83.157257, 40.0919243], [-83.1573281, 40.0920628], [-83.1573938, 40.0922188], [-83.157438, 40.0923142], [-83.1574823, 40.0923429], [-83.1575708, 40.0923645], [-83.1576459, 40.0923491], [-83.1576821, 40.0923224], [-83.1577133, 40.0922745]]]}, "properties": {"name": "Unnamed water", "tier": "HIDDEN GEM", "score": 90, "wtype": "pond", "acres": 0.56, "access": "PUBLIC", "owner": "CITY OF DUBLIN OHIO", "owner_addr": "INNOVATION DR", "species": ["Largemouth bass", "Bluegill", "Black crappie", "Channel catfish"], "bass": "PRIME", "easy_access": false, "public_shore_m": 198, "nearest_park_m": 817, "osm_id": 480956677, "lat": 40.092026, "lon": -83.157568}}, {"type": "Feature", "geometry": {"type": "Polygon", "coordinates": [[[-83.1570156, 40.0917315], [-83.156911, 40.0917797], [-83.1567487, 40.0918197], [-83.1565811, 40.091831], [-83.1564067, 40.0918505], [-83.156168, 40.0918587], [-83.1560902, 40.0918813], [-83.1559588, 40.0919038], [-83.1559373, 40.0919007], [-83.1558971, 40.0918782], [-83.1558985, 40.0918412], [-83.1559441, 40.0918053], [-83.1561521, 40.0916754], [-83.1563397, 40.0916453], [-83.1565529, 40.0916258], [-83.1568144, 40.0916166], [-83.1569244, 40.0916289], [-83.1569847, 40.0916514], [-83.1570143, 40.0916863], [-83.1570156, 40.0917315]]]}, "properties": {"name": "Unnamed water", "tier": "HIDDEN GEM", "score": 90, "wtype": "pond", "acres": 0.46, "access": "PUBLIC", "owner": "CITY OF DUBLIN OHIO", "owner_addr": "INNOVATION DR", "species": ["Largemouth bass", "Bluegill"], "bass": "GOOD", "easy_access": false, "public_shore_m": 214, "nearest_park_m": 869, "osm_id": 480956678, "lat": 40.091746, "lon": -83.156468}}, {"type": "Feature", "geometry": {"type": "Polygon", "coordinates": [[[-83.155582, 40.0917894], [-83.1555229, 40.0916991], [-83.1554686, 40.0915745], [-83.1554472, 40.0914914], [-83.1554485, 40.0914432], [-83.155476, 40.0914088], [-83.1555384, 40.0914144], [-83.1557167, 40.091437], [-83.1558421, 40.0914355], [-83.1559327, 40.0914416], [-83.1559917, 40.0914919], [-83.1560399, 40.0915601], [-83.1560453, 40.0915806], [-83.1560359, 40.0915976], [-83.1560064, 40.0916181], [-83.1558917, 40.0916997], [-83.1557985, 40.0917802], [-83.1557436, 40.091814], [-83.1557053, 40.0918269], [-83.1556524, 40.0918207], [-83.1556155, 40.0918079], [-83.155582, 40.0917894]]]}, "properties": {"name": "Unnamed water", "tier": "HIDDEN GEM", "score": 90, "wtype": "pond", "acres": 0.4, "access": "PUBLIC", "owner": "CITY OF DUBLIN OHIO", "owner_addr": "INNOVATION DR", "species": ["Largemouth bass", "Bluegill"], "bass": "GOOD", "easy_access": false, "public_shore_m": 155, "nearest_park_m": 900, "osm_id": 480956679, "lat": 40.091594, "lon": -83.155721}}, {"type": "Feature", "geometry": {"type": "Polygon", "coordinates": [[[-83.1690444, 40.1431335], [-83.1689923, 40.1431972], [-83.1690235, 40.1432649], [-83.1691512, 40.143249], [-83.1692059, 40.1431534], [-83.1693336, 40.1430458], [-83.1695342, 40.1429642], [-83.1696149, 40.1428885], [-83.1696514, 40.1428268], [-83.1696436, 40.1427591], [-83.1695889, 40.1426933], [-83.1695107, 40.1426436], [-83.1693231, 40.1426216], [-83.1692137, 40.1425818], [-83.1690756, 40.1425599], [-83.1689923, 40.1425818], [-83.1689792, 40.1426336], [-83.1690105, 40.1426953], [-83.1691147, 40.1428069], [-83.1691746, 40.1428706], [-83.169172, 40.1429463], [-83.1691121, 40.1430359], [-83.1690782, 40.1430897], [-83.1690444, 40.1431335]]]}, "properties": {"name": "Unnamed water", "tier": "HIDDEN GEM", "score": 90, "wtype": "pond", "acres": 0.58, "access": "PUBLIC_BANK", "owner": "BOARD OF EDUCATION OF DUBLIN LOCAL", "owner_addr": "AVERY RD", "species": ["Largemouth bass", "Bluegill", "Black crappie", "Channel catfish"], "bass": "PRIME", "easy_access": false, "public_shore_m": 91, "nearest_park_m": 964, "osm_id": 534589353, "lat": 40.142852, "lon": -83.169292}}, {"type": "Feature", "geometry": {"type": "Polygon", "coordinates": [[[-83.1509458, 40.1087632], [-83.151096, 40.1086853], [-83.1511979, 40.1086196], [-83.1512543, 40.1085745], [-83.1513616, 40.1085622], [-83.1514367, 40.1085007], [-83.1514018, 40.1084412], [-83.1514528, 40.1084042], [-83.1514098, 40.1083365], [-83.1513589, 40.1082935], [-83.1512865, 40.1082011], [-83.1511953, 40.1081519], [-83.1510477, 40.1081335], [-83.1509297, 40.1081252], [-83.1507876, 40.1081376], [-83.1506722, 40.1081622], [-83.1505837, 40.1082053], [-83.1505408, 40.1082771], [-83.1505569, 40.1083632], [-83.1506132, 40.108474], [-83.1506132, 40.108513], [-83.1507044, 40.1086012], [-83.1507634, 40.1086791], [-83.1508519, 40.1087386], [-83.1509458, 40.1087632]]]}, "properties": {"name": "Unnamed water", "tier": "HIDDEN GEM", "score": 90, "wtype": "lake", "acres": 0.94, "access": "PUBLIC", "owner": "VILLAGE OF DUBLIN OHIO", "owner_addr": "FALLEN TIMBERS DR", "species": ["Largemouth bass", "Bluegill", "Black crappie", "Channel catfish"], "bass": "PRIME", "easy_access": false, "public_shore_m": 233, "nearest_park_m": 1032, "osm_id": 547180495, "lat": 40.108409, "lon": -83.150977}}, {"type": "Feature", "geometry": {"type": "Polygon", "coordinates": [[[-82.7987468, 40.09478], [-82.7988272, 40.0949153], [-82.7988192, 40.095006], [-82.798807, 40.0950835], [-82.798789, 40.0951061], [-82.7987604, 40.0951083], [-82.7986638, 40.0951001], [-82.798527, 40.0951145], [-82.7984385, 40.0950899], [-82.7984224, 40.0949996], [-82.7984251, 40.0948703], [-82.7985807, 40.0947965], [-82.7987468, 40.09478]]]}, "properties": {"name": "Unnamed water", "tier": "HIDDEN GEM", "score": 90, "wtype": "pond", "acres": 0.26, "access": "PUBLIC", "owner": "VILLAGE OF NEW ALBANY", "owner_addr": "MARWITHE PL", "species": ["Largemouth bass", "Bluegill"], "bass": "GOOD", "easy_access": false, "public_shore_m": 123, "nearest_park_m": 832, "osm_id": 547429387, "lat": 40.094957, "lon": -82.798626}}, {"type": "Feature", "geometry": {"type": "Polygon", "coordinates": [[[-82.7853594, 40.1000774], [-82.785484, 40.1000564], [-82.7855344, 40.1000613], [-82.7855592, 40.1000764], [-82.7855695, 40.1000944], [-82.7855712, 40.1001155], [-82.785571, 40.1001389], [-82.7855665, 40.1001845], [-82.785562, 40.1002217], [-82.7855576, 40.1002616], [-82.7855452, 40.1002807], [-82.785519, 40.1002925], [-82.7854823, 40.1003007], [-82.7854304, 40.1003056], [-82.7853834, 40.1003128], [-82.7853471, 40.1003235], [-82.7852884, 40.1003464], [-82.7852502, 40.1003642], [-82.7852083, 40.1003842], [-82.7851642, 40.1003996], [-82.7851058, 40.1004034], [-82.7850374, 40.1003955], [-82.7849803, 40.1003849], [-82.7848129, 40.1003251], [-82.7847068, 40.100212], [-82.7846234, 40.1000777], [-82.7845938, 40.1000165], [-82.7846112, 40.0999819], [-82.7846616, 40.0999726], [-82.7847834, 40.1000271], [-82.7849348, 40.1001168], [-82.7849948, 40.1001397], [-82.7850459, 40.1001427], [-82.7851042, 40.100135], [-82.7851593, 40.1001142], [-82.7852425, 40.1000876], [-82.7853594, 40.1000774]]]}, "properties": {"name": "Unnamed water", "tier": "HIDDEN GEM", "score": 90, "wtype": "pond", "acres": 0.55, "access": "PUBLIC_BANK", "owner": "CITY OF NEW ALBANY", "owner_addr": "RESERVE BB", "species": ["Largemouth bass", "Bluegill", "Black crappie", "Channel catfish"], "bass": "PRIME", "easy_access": false, "public_shore_m": 76, "nearest_park_m": 837, "osm_id": 548055683, "lat": 40.100204, "lon": -82.785099}}, {"type": "Feature", "geometry": {"type": "Polygon", "coordinates": [[[-82.7871, 40.101753], [-82.7869583, 40.1017129], [-82.7867395, 40.1017388], [-82.7866009, 40.1017836], [-82.7865454, 40.1018826], [-82.7864838, 40.1019816], [-82.7864253, 40.1020287], [-82.7864807, 40.1021206], [-82.7865824, 40.1021677], [-82.7866933, 40.1021324], [-82.7868073, 40.1021041], [-82.7868998, 40.102156], [-82.7869182, 40.1022455], [-82.7869028, 40.1023162], [-82.7869244, 40.1024152], [-82.7869059, 40.1025142], [-82.7867919, 40.1026084], [-82.7865762, 40.1027381], [-82.7864561, 40.10287], [-82.7864623, 40.1030091], [-82.7865608, 40.1031717], [-82.7867149, 40.1032612], [-82.7868012, 40.1034121], [-82.7868751, 40.1035888], [-82.7868782, 40.1037632], [-82.7868474, 40.1038834], [-82.7867919, 40.1039824], [-82.7867981, 40.1040554], [-82.7868597, 40.1040837], [-82.7869706, 40.1040861], [-82.7870168, 40.1040248], [-82.7870353, 40.1039588], [-82.7870168, 40.1038952], [-82.7870145, 40.1038513], [-82.787091, 40.1035354], [-82.7871191, 40.103402], [-82.7871486, 40.1031815], [-82.7871017, 40.1029568], [-82.7870977, 40.1028758], [-82.7870896, 40.1027199], [-82.7871902, 40.1025865], [-82.7871661, 40.1024552], [-82.7871915, 40.1023536], [-82.7871956, 40.1022449], [-82.7872787, 40.1020315], [-82.7872787, 40.1018992], [-82.7871915, 40.1017987], [-82.7871, 40.101753]]]}, "properties": {"name": "Unnamed water", "tier": "HIDDEN GEM", "score": 90, "wtype": "pond", "acres": 2.31, "access": "PUBLIC_BANK", "owner": "CITY OF NEW ALBANY", "owner_addr": "6940 MARGARUM BND", "species": ["Largemouth bass", "Bluegill", "Black crappie", "Channel catfish"], "bass": "PRIME", "easy_access": false, "public_shore_m": 21, "nearest_park_m": 892, "osm_id": 548067737, "lat": 40.102706, "lon": -82.786896}}, {"type": "Feature", "geometry": {"type": "Polygon", "coordinates": [[[-82.8226323, 40.055682], [-82.8226958, 40.0556983], [-82.8227748, 40.0557571], [-82.8229405, 40.0558179], [-82.8231881, 40.0558447], [-82.8232304, 40.0558617], [-82.8232511, 40.0558929], [-82.823266, 40.0559519], [-82.8232531, 40.0560251], [-82.8232674, 40.0560725], [-82.82328, 40.0561511], [-82.8232695, 40.0562203], [-82.8232252, 40.0562673], [-82.8231548, 40.0562908], [-82.8230018, 40.056292], [-82.8227815, 40.0562967], [-82.8226585, 40.0563141], [-82.8225924, 40.0563468], [-82.8225151, 40.0563645], [-82.8223978, 40.0563481], [-82.8223137, 40.0563461], [-82.8222392, 40.0563544], [-82.822177, 40.0563415], [-82.8221091, 40.0563087], [-82.8220615, 40.0562664], [-82.8220509, 40.0562289], [-82.8220432, 40.0561649], [-82.8220725, 40.0561009], [-82.8221817, 40.0559948], [-82.8222969, 40.0558731], [-82.8224245, 40.055775], [-82.8225389, 40.0557035], [-82.8226323, 40.055682]]]}, "properties": {"name": "Unnamed water", "tier": "HIDDEN GEM", "score": 90, "wtype": "pond", "acres": 1.39, "access": "PUBLIC", "owner": "VILLAGE OF NEW ALBANY", "owner_addr": "HEAD OF POND RD", "species": ["Largemouth bass", "Bluegill", "Black crappie", "Channel catfish"], "bass": "PRIME", "easy_access": false, "public_shore_m": 295, "nearest_park_m": 838, "osm_id": 551428785, "lat": 40.056061, "lon": -82.822675}}, {"type": "Feature", "geometry": {"type": "Polygon", "coordinates": [[[-82.7880425, 40.10797], [-82.7879917, 40.1079346], [-82.7879501, 40.1079063], [-82.7878869, 40.1078439], [-82.7878114, 40.1077661], [-82.7877483, 40.1077414], [-82.7876605, 40.1077225], [-82.7875449, 40.1077284], [-82.7874602, 40.1077638], [-82.7874093, 40.1078097], [-82.7873585, 40.1078262], [-82.7872815, 40.1078356], [-82.7872245, 40.1078651], [-82.7872199, 40.1079334], [-82.7871998, 40.1079994], [-82.7872106, 40.1080772], [-82.7872538, 40.108142], [-82.7873185, 40.1081879], [-82.7874001, 40.1082233], [-82.7874556, 40.1082492], [-82.7875095, 40.1083058], [-82.7874895, 40.108347], [-82.7874864, 40.1083965], [-82.7875387, 40.1084566], [-82.7876235, 40.1085214], [-82.7877051, 40.1085532], [-82.7878253, 40.1085662], [-82.7879439, 40.1085579], [-82.7880194, 40.1085237], [-82.7880641, 40.1084872], [-82.7880903, 40.1084672], [-82.7881257, 40.1084], [-82.7881072, 40.1083093], [-82.7880641, 40.1082751], [-82.7880363, 40.1082327], [-82.7880256, 40.1081726], [-82.7880471, 40.1081137], [-82.788061, 40.1080572], [-82.7880594, 40.10801], [-82.7880425, 40.10797]]]}, "properties": {"name": "Unnamed water", "tier": "HIDDEN GEM", "score": 90, "wtype": "pond", "acres": 1.23, "access": "PUBLIC_BANK", "owner": "VILLAGE OF NEW ALBANY", "owner_addr": "6530 EVELAND CT", "species": ["Largemouth bass", "Bluegill", "Black crappie", "Channel catfish"], "bass": "PRIME", "easy_access": false, "public_shore_m": 127, "nearest_park_m": 988, "osm_id": 572983901, "lat": 40.108134, "lon": -82.787688}}, {"type": "Feature", "geometry": {"type": "Polygon", "coordinates": [[[-82.8472998, 40.0894084], [-82.8473528, 40.089422], [-82.8473971, 40.0894477], [-82.8474342, 40.0895113], [-82.8474714, 40.0895655], [-82.847521, 40.089598], [-82.8475829, 40.089625], [-82.8476413, 40.0896386], [-82.8477085, 40.0896616], [-82.8477581, 40.0896981], [-82.8477899, 40.0897293], [-82.8478059, 40.0897916], [-82.8478147, 40.089866], [-82.8478359, 40.0899215], [-82.8478342, 40.0899594], [-82.8477917, 40.0900028], [-82.8477351, 40.0900366], [-82.8476926, 40.0900271], [-82.8476342, 40.0900149], [-82.8475758, 40.0900176], [-82.8475068, 40.0900393], [-82.8474431, 40.0900704], [-82.8474095, 40.090084], [-82.8473741, 40.0900894], [-82.8473351, 40.0900786], [-82.847321, 40.0900474], [-82.8473157, 40.0900028], [-82.8473263, 40.089977], [-82.8473387, 40.0899202], [-82.8473334, 40.0898552], [-82.8473104, 40.0898146], [-82.8472732, 40.0897753], [-82.8472502, 40.0897266], [-82.847229, 40.0897022], [-82.847213, 40.0896616], [-82.8472077, 40.0896156], [-82.8472166, 40.0895641], [-82.8472095, 40.0895235], [-82.8471954, 40.0894842], [-82.84719, 40.0894531], [-82.8472113, 40.089426], [-82.8472555, 40.0894071], [-82.8472998, 40.0894084]]]}, "properties": {"name": "Unnamed water", "tier": "HIDDEN GEM", "score": 90, "wtype": "pond", "acres": 0.6, "access": "PUBLIC_BANK", "owner": "CITY OF COLUMBUS OHIO", "owner_addr": "5345 WARNER RD", "species": ["Largemouth bass", "Bluegill", "Black crappie", "Channel catfish"], "bass": "PRIME", "easy_access": false, "public_shore_m": 28, "nearest_park_m": 828, "osm_id": 588586447, "lat": 40.089774, "lon": -82.847494}}, {"type": "Feature", "geometry": {"type": "Polygon", "coordinates": [[[-82.779586, 40.0081242], [-82.7796537, 40.0081725], [-82.7797284, 40.0084497], [-82.7796747, 40.0086214], [-82.779586, 40.0087501], [-82.7794015, 40.0088253], [-82.7792101, 40.0088342], [-82.7789859, 40.0088253], [-82.7787734, 40.0088253], [-82.7784979, 40.0088467], [-82.7784162, 40.0088503], [-82.7783111, 40.0088199], [-82.7782457, 40.0087662], [-82.7782457, 40.0086911], [-82.7782083, 40.008464], [-82.7782153, 40.0084157], [-82.778178, 40.0082637], [-82.7782224, 40.0081707], [-82.7782714, 40.0081313], [-82.7783975, 40.0081582], [-82.7786006, 40.0081421], [-82.7787641, 40.0081635], [-82.7788131, 40.0082064], [-82.7789882, 40.0082029], [-82.779063, 40.0081778], [-82.7793455, 40.0081814], [-82.7795019, 40.0081152], [-82.779586, 40.0081242]]]}, "properties": {"name": "Unnamed water", "tier": "HIDDEN GEM", "score": 90, "wtype": "pond", "acres": 2.24, "access": "PUBLIC", "owner": "BOARD OF TRUSTEES OF JEFFERSON TOWNSHIP FRANKLIN COUNTY OHIO", "owner_addr": "GREYLAG CT", "species": ["Largemouth bass", "Bluegill", "Black crappie", "Channel catfish"], "bass": "PRIME", "easy_access": false, "public_shore_m": 386, "nearest_park_m": 852, "osm_id": 603906965, "lat": 40.008488, "lon": -82.77894}}, {"type": "Feature", "geometry": {"type": "Polygon", "coordinates": [[[-83.188882, 40.0195907], [-83.1888297, 40.019532], [-83.1887288, 40.0194974], [-83.1886313, 40.019516], [-83.1884503, 40.0195987], [-83.1883111, 40.0196573], [-83.1881753, 40.019676], [-83.1880048, 40.0196733], [-83.1878481, 40.0196573], [-83.1877228, 40.0196253], [-83.1876358, 40.0196467], [-83.1875662, 40.0197], [-83.1875453, 40.0197586], [-83.1875627, 40.0197986], [-83.187601, 40.0198599], [-83.1876671, 40.0198892], [-83.1877402, 40.0199026], [-83.1877855, 40.0199426], [-83.1878412, 40.0200092], [-83.1878586, 40.0200838], [-83.1879317, 40.0201745], [-83.1880431, 40.0202491], [-83.1882032, 40.0202704], [-83.1883355, 40.0202651], [-83.1884434, 40.0202251], [-83.1885861, 40.0201612], [-83.1887218, 40.0200998], [-83.1888193, 40.0200252], [-83.1888646, 40.0199479], [-83.1888541, 40.0198493], [-83.1888506, 40.0197186], [-83.188882, 40.0195907]]]}, "properties": {"name": "Unnamed water", "tier": "HIDDEN GEM", "score": 90, "wtype": "pond", "acres": 1.54, "access": "PUBLIC", "owner": "CITY OF HILLIARD", "owner_addr": "AUDUBON AVE", "species": ["Largemouth bass", "Bluegill", "Black crappie", "Channel catfish"], "bass": "PRIME", "easy_access": false, "public_shore_m": 328, "nearest_park_m": 877, "osm_id": 674487102, "lat": 40.019885, "lon": -83.18829}}, {"type": "Feature", "geometry": {"type": "Polygon", "coordinates": [[[-83.1899159, 40.0194923], [-83.1898461, 40.0195088], [-83.1897818, 40.0195293], [-83.1897147, 40.0195293], [-83.1896235, 40.019517], [-83.1895189, 40.0194759], [-83.1894411, 40.019441], [-83.1893607, 40.0194184], [-83.1892882, 40.0193999], [-83.1892373, 40.0193979], [-83.1891836, 40.0193979], [-83.18913, 40.0193896], [-83.1890656, 40.0193609], [-83.1890227, 40.019328], [-83.1890066, 40.019289], [-83.1890012, 40.0192417], [-83.1890093, 40.0192048], [-83.1890549, 40.0191555], [-83.1890898, 40.019139], [-83.1891407, 40.0191185], [-83.189189, 40.0190938], [-83.1892346, 40.0190569], [-83.1892802, 40.0190137], [-83.189307, 40.0189624], [-83.1893419, 40.0188761], [-83.1893741, 40.0188248], [-83.1894384, 40.0187755], [-83.1894867, 40.0187426], [-83.1895699, 40.0187179], [-83.189645, 40.0186933], [-83.189712, 40.0186851], [-83.1897925, 40.0186851], [-83.189881, 40.0186933], [-83.1899427, 40.0187077], [-83.189991, 40.0187467], [-83.1900527, 40.0187939], [-83.1901063, 40.0188412], [-83.1901331, 40.0189049], [-83.1901573, 40.0189706], [-83.1901653, 40.0190507], [-83.1901868, 40.0190938], [-83.1902351, 40.0191349], [-83.1902887, 40.0191657], [-83.1903745, 40.0191801], [-83.1904309, 40.019176], [-83.1905006, 40.0191965], [-83.1905864, 40.0191986], [-83.1906669, 40.0191842], [-83.1907447, 40.0191534], [-83.1907956, 40.0191164], [-83.1908466, 40.0190938], [-83.1909029, 40.0190692], [-83.19097, 40.019061], [-83.1910666, 40.0190487], [-83.1911336, 40.019063], [-83.1912141, 40.0190918], [-83.1912731, 40.0191226], [-83.1913321, 40.0191678], [-83.1913965, 40.0192007], [-83.1914474, 40.0192335], [-83.1914903, 40.0192767], [-83.1915306, 40.0193157], [-83.1915681, 40.0193547], [-83.1916137, 40.0193835], [-83.1916915, 40.0194122], [-83.1917425, 40.0194266], [-83.1918015, 40.019443], [-83.19189, 40.0194472], [-83.1919329, 40.0194451], [-83.1919758, 40.0194492], [-83.1920214, 40.0194492], [-83.192059, 40.0194328], [-83.1921099, 40.0194225], [-83.1921877, 40.0194143], [-83.1922521, 40.0194143], [-83.1923111, 40.0194163], [-83.1923782, 40.0194266], [-83.1924425, 40.0194492], [-83.1925015, 40.01948], [-83.1925498, 40.019519], [-83.1925793, 40.0195642], [-83.1925927, 40.0196094], [-83.1925954, 40.0196464], [-83.19259, 40.0196895], [-83.1925605, 40.0197039], [-83.1925149, 40.0196998], [-83.1924801, 40.0197203], [-83.1924479, 40.0197388], [-83.1923942, 40.0197512], [-83.1923245, 40.0197512], [-83.1922709, 40.019747], [-83.1921904, 40.019747], [-83.1921019, 40.0197409], [-83.192, 40.0197162], [-83.19189, 40.0196813], [-83.1918256, 40.0196526], [-83.1917398, 40.0196012], [-83.191662, 40.0195725], [-83.1915949, 40.019556], [-83.1915225, 40.0195437], [-83.1914394, 40.0195375], [-83.1913696, 40.0195416], [-83.1913321, 40.0195519], [-83.1912624, 40.0195519], [-83.1912194, 40.0195683], [-83.1911631, 40.0195909], [-83.1911095, 40.0195992], [-83.1910505, 40.0196074], [-83.1909861, 40.0196074], [-83.1909003, 40.0195992], [-83.1908225, 40.0195766], [-83.19075, 40.0195396], [-83.190683, 40.0194944], [-83.1906428, 40.0194656], [-83.1905703, 40.0194184], [-83.190514, 40.0193896], [-83.1904389, 40.0193588], [-83.1903558, 40.0193444], [-83.1902243, 40.0193403], [-83.1901278, 40.0193527], [-83.19005, 40.0193773], [-83.1899829, 40.0194328], [-83.1899159, 40.0194923]]]}, "properties": {"name": "Unnamed water", "tier": "HIDDEN GEM", "score": 90, "wtype": "pond", "acres": 3.38, "access": "PUBLIC", "owner": "CITY OF HILLIARD", "owner_addr": "BLUE HERON DR", "species": ["Largemouth bass", "Bluegill", "Black crappie", "Channel catfish"], "bass": "PRIME", "easy_access": false, "public_shore_m": 728, "nearest_park_m": 1061, "osm_id": 674568811, "lat": 40.019273, "lon": -83.190543}}, {"type": "Feature", "geometry": {"type": "Polygon", "coordinates": [[[-83.1932175, 40.0200706], [-83.19326, 40.0200815], [-83.1933077, 40.020091], [-83.1933414, 40.0201059], [-83.1933785, 40.020133], [-83.1934086, 40.0201614], [-83.193444, 40.0201804], [-83.1934776, 40.020194], [-83.1935042, 40.0202048], [-83.1935201, 40.0202224], [-83.1935944, 40.0202238], [-83.1936121, 40.0202102], [-83.1936475, 40.0201912], [-83.1936758, 40.0201655], [-83.1936971, 40.0201425], [-83.1937112, 40.0201154], [-83.1937289, 40.0200801], [-83.1937378, 40.0200476], [-83.1937378, 40.0200083], [-83.1937378, 40.019969], [-83.1937218, 40.0199419], [-83.1937395, 40.0199243], [-83.1937625, 40.0199202], [-83.1937625, 40.0198931], [-83.1937431, 40.0198863], [-83.1937572, 40.0198416], [-83.1937625, 40.019805], [-83.1937625, 40.0197766], [-83.1937678, 40.0197562], [-83.1937661, 40.0197345], [-83.1937572, 40.0197074], [-83.1937271, 40.0196844], [-83.1937041, 40.0196681], [-83.1936776, 40.01966], [-83.193644, 40.0196546], [-83.193598, 40.0196505], [-83.1935643, 40.019641], [-83.1934989, 40.0196139], [-83.1934334, 40.0195923], [-83.1933998, 40.0195895], [-83.1933679, 40.0195895], [-83.1933378, 40.019576], [-83.1933095, 40.0195692], [-83.1932529, 40.0195665], [-83.1932175, 40.0195733], [-83.1931768, 40.0195855], [-83.1931432, 40.0196004], [-83.1931095, 40.0196234], [-83.1930795, 40.019637], [-83.19306, 40.0196546], [-83.1930494, 40.0196763], [-83.1930281, 40.0197223], [-83.1930158, 40.0197535], [-83.1929963, 40.0197711], [-83.192968, 40.0197766], [-83.1929556, 40.0197969], [-83.1929874, 40.0198077], [-83.1930051, 40.0198186], [-83.1930264, 40.0198375], [-83.1930476, 40.0198592], [-83.19306, 40.0198863], [-83.1930706, 40.0199243], [-83.1930812, 40.0199527], [-83.1930989, 40.0199893], [-83.1931219, 40.0200151], [-83.1931626, 40.0200476], [-83.1932175, 40.0200706]]]}, "properties": {"name": "Unnamed water", "tier": "HIDDEN GEM", "score": 90, "wtype": "pond", "acres": 0.84, "access": "PUBLIC", "owner": "CITY OF HILLIARD", "owner_addr": "WOODLAND DR", "species": ["Largemouth bass", "Bluegill", "Black crappie", "Channel catfish"], "bass": "PRIME", "easy_access": false, "public_shore_m": 229, "nearest_park_m": 1214, "osm_id": 674568812, "lat": 40.019869, "lon": -83.193409}}, {"type": "Feature", "geometry": {"type": "Polygon", "coordinates": [[[-83.1942381, 40.0241861], [-83.194335, 40.024111], [-83.1944343, 40.0240493], [-83.1944541, 40.0240261], [-83.1944891, 40.0240064], [-83.1945043, 40.023985], [-83.1945101, 40.0239635], [-83.1945113, 40.0239358], [-83.1945031, 40.0239125], [-83.1944599, 40.0238294], [-83.1944097, 40.0237775], [-83.1943689, 40.0237239], [-83.1943245, 40.0236506], [-83.1942731, 40.0235916], [-83.1942101, 40.023512], [-83.1941739, 40.0234762], [-83.1941494, 40.0234566], [-83.1941225, 40.0234539], [-83.1940969, 40.0234593], [-83.1940758, 40.0234762], [-83.1940548, 40.0235031], [-83.1940396, 40.0235317], [-83.1940315, 40.023563], [-83.1940361, 40.0235969], [-83.1940607, 40.0236667], [-83.194098, 40.0237623], [-83.1941132, 40.0238231], [-83.1941155, 40.0238607], [-83.1940992, 40.023909], [-83.194077, 40.023951], [-83.1940502, 40.0239805], [-83.1939953, 40.0240332], [-83.1939603, 40.0240681], [-83.1939486, 40.0240887], [-83.1939416, 40.0241119], [-83.1939416, 40.0241352], [-83.1939439, 40.0241638], [-83.1939568, 40.0241843], [-83.1939859, 40.0242111], [-83.1940151, 40.0242335], [-83.194042, 40.0242433], [-83.1940723, 40.0242487], [-83.194112, 40.0242433], [-83.1941459, 40.0242353], [-83.1941856, 40.0242174], [-83.1942381, 40.0241861]]]}, "properties": {"name": "Unnamed water", "tier": "HIDDEN GEM", "score": 90, "wtype": "pond", "acres": 0.58, "access": "PUBLIC", "owner": "CITY OF HILLIARD", "owner_addr": "GOLDEN ROD ST", "species": ["Largemouth bass", "Bluegill", "Black crappie", "Channel catfish"], "bass": "PRIME", "easy_access": false, "public_shore_m": 220, "nearest_park_m": 1109, "osm_id": 674568816, "lat": 40.023892, "lon": -83.194213}}, {"type": "Feature", "geometry": {"type": "Polygon", "coordinates": [[[-83.2009657, 40.0187649], [-83.2010595, 40.0187093], [-83.2011639, 40.0186511], [-83.2012683, 40.0185941], [-83.2013638, 40.0185603], [-83.2014258, 40.0185345], [-83.2014417, 40.0185183], [-83.2014612, 40.0184871], [-83.2014682, 40.0184586], [-83.2014399, 40.0184288], [-83.2013709, 40.0183624], [-83.2012948, 40.0182824], [-83.2012346, 40.0182065], [-83.2011869, 40.0181483], [-83.2011515, 40.0181334], [-83.2011196, 40.0181334], [-83.201086, 40.0181388], [-83.2010435, 40.0181767], [-83.2009798, 40.0182296], [-83.2009002, 40.0182743], [-83.2007976, 40.0183014], [-83.2006365, 40.0183407], [-83.2005091, 40.0183692], [-83.20041, 40.0183936], [-83.2003782, 40.0184071], [-83.2003658, 40.018422], [-83.2003746, 40.0184546], [-83.2004082, 40.0184884], [-83.2004702, 40.0185548], [-83.2005268, 40.0186226], [-83.2005569, 40.0186727], [-83.200564, 40.0187202], [-83.2005657, 40.0187568], [-83.200571, 40.0187812], [-83.2005958, 40.0188001], [-83.2006294, 40.018811], [-83.2006772, 40.0188191], [-83.2007285, 40.0188259], [-83.2007869, 40.0188218], [-83.2008648, 40.0188083], [-83.2009657, 40.0187649]]]}, "properties": {"name": "Unnamed water", "tier": "HIDDEN GEM", "score": 90, "wtype": "pond", "acres": 1.0, "access": "PUBLIC", "owner": "CITY OF HILLIARD", "owner_addr": "WOODLAND DR", "species": ["Largemouth bass", "Bluegill", "Black crappie", "Channel catfish"], "bass": "PRIME", "easy_access": false, "public_shore_m": 260, "nearest_park_m": 1245, "osm_id": 674568821, "lat": 40.018494, "lon": -83.200922}}, {"type": "Feature", "geometry": {"type": "Polygon", "coordinates": [[[-83.1973225, 40.0183662], [-83.1974369, 40.0183161], [-83.1975513, 40.0182678], [-83.1976564, 40.0182338], [-83.1977428, 40.0182231], [-83.1978315, 40.0182231], [-83.1979016, 40.0182213], [-83.1979669, 40.0181856], [-83.1979973, 40.0181462], [-83.198002, 40.0180801], [-83.1979856, 40.0180497], [-83.1979389, 40.0180067], [-83.1979109, 40.0179871], [-83.1978595, 40.0179763], [-83.1978175, 40.0179835], [-83.1977311, 40.0180085], [-83.1976891, 40.0180407], [-83.197619, 40.0180872], [-83.1975233, 40.0181301], [-83.1973692, 40.0181963], [-83.1972011, 40.0183036], [-83.1970073, 40.0184216], [-83.1968928, 40.0184842], [-83.1968275, 40.0185057], [-83.1967037, 40.0185897], [-83.1965636, 40.0186523], [-83.1964679, 40.0186916], [-83.1963581, 40.018722], [-83.1962787, 40.0187274], [-83.1962157, 40.0187435], [-83.196148, 40.0187793], [-83.1961083, 40.0188204], [-83.1961083, 40.0188722], [-83.1961293, 40.0189187], [-83.1961877, 40.0189956], [-83.1962367, 40.0190529], [-83.1962671, 40.0190725], [-83.1963114, 40.0190761], [-83.1963605, 40.0190493], [-83.1963955, 40.0190064], [-83.1964982, 40.0189169], [-83.1966687, 40.0188007], [-83.1968952, 40.018604], [-83.1971147, 40.0184735], [-83.1973225, 40.0183662]]]}, "properties": {"name": "Unnamed water", "tier": "HIDDEN GEM", "score": 90, "wtype": "pond", "acres": 0.83, "access": "PUBLIC", "owner": "CITY OF HILLIARD", "owner_addr": "MARSHVIEW DR", "species": ["Largemouth bass", "Bluegill", "Black crappie", "Channel catfish"], "bass": "PRIME", "easy_access": false, "public_shore_m": 423, "nearest_park_m": 1303, "osm_id": 674568822, "lat": 40.01852, "lon": -83.196981}}, {"type": "Feature", "geometry": {"type": "Polygon", "coordinates": [[[-83.166727, 40.1277662], [-83.1667375, 40.1278305], [-83.166455, 40.1279718], [-83.1660463, 40.1281074], [-83.1659622, 40.1280821], [-83.1658886, 40.127958], [-83.1659246, 40.1279006], [-83.1666083, 40.12778], [-83.166727, 40.1277662]]]}, "properties": {"name": "Unnamed water", "tier": "HIDDEN GEM", "score": 90, "wtype": "pond", "acres": 0.32, "access": "PUBLIC", "owner": "CITY OF DUBLIN OHIO", "owner_addr": "RESERVE \"A\"", "species": ["Largemouth bass", "Bluegill"], "bass": "GOOD", "easy_access": false, "public_shore_m": 174, "nearest_park_m": 1219, "osm_id": 687435516, "lat": 40.127929, "lon": -83.166272}}, {"type": "Feature", "geometry": {"type": "Polygon", "coordinates": [[[-83.1679482, 40.1272123], [-83.168491, 40.1272544], [-83.1689656, 40.1274669], [-83.1692043, 40.1274769], [-83.1692305, 40.1273747], [-83.1690574, 40.1270699], [-83.1688712, 40.1269456], [-83.1686982, 40.1269736], [-83.168567, 40.1270779], [-83.1683782, 40.12712], [-83.1680321, 40.1271461], [-83.1679403, 40.1271581], [-83.1679482, 40.1272123]]]}, "properties": {"name": "Unnamed water", "tier": "HIDDEN GEM", "score": 90, "wtype": "pond", "acres": 0.72, "access": "PUBLIC", "owner": "CITY OF DUBLIN OHIO", "owner_addr": "TULLY CT", "species": ["Largemouth bass", "Bluegill", "Black crappie", "Channel catfish"], "bass": "PRIME", "easy_access": false, "public_shore_m": 275, "nearest_park_m": 1172, "osm_id": 687435517, "lat": 40.127212, "lon": -83.168755}}, {"type": "Feature", "geometry": {"type": "Polygon", "coordinates": [[[-83.1742949, 40.0844674], [-83.1744534, 40.084455], [-83.174616, 40.0844208], [-83.1747135, 40.0843959], [-83.1747785, 40.0843337], [-83.1747704, 40.0842747], [-83.1747135, 40.0842529], [-83.1746851, 40.0841907], [-83.1747013, 40.0840632], [-83.1747176, 40.0839917], [-83.1747216, 40.0839451], [-83.1747013, 40.0838922], [-83.1746607, 40.0838269], [-83.1745794, 40.0838207], [-83.1744737, 40.0838145], [-83.174429, 40.0837896], [-83.1744047, 40.0837368], [-83.1744006, 40.0835907], [-83.1744047, 40.0834943], [-83.1744128, 40.0834228], [-83.1743762, 40.0833699], [-83.1743193, 40.0832829], [-83.1742706, 40.0832673], [-83.1741568, 40.0833015], [-83.1740552, 40.0833326], [-83.1740227, 40.0833668], [-83.1740146, 40.0834041], [-83.1740308, 40.0834849], [-83.1740552, 40.0835782], [-83.1740633, 40.0836528], [-83.1740633, 40.0837088], [-83.1739902, 40.0837834], [-83.173913, 40.0838487], [-83.1738154, 40.0839264], [-83.1736813, 40.0839451], [-83.1735879, 40.0839389], [-83.1734822, 40.0839109], [-83.1734253, 40.0838705], [-83.1733481, 40.0838425], [-83.1732709, 40.0838176], [-83.1731653, 40.0837896], [-83.1730555, 40.083743], [-83.1729743, 40.0837212], [-83.1728849, 40.0836964], [-83.1728686, 40.0836466], [-83.1728077, 40.0836031], [-83.1727548, 40.0835316], [-83.172702, 40.0834974], [-83.1726411, 40.0835036], [-83.1725842, 40.0835565], [-83.1725151, 40.0835938], [-83.1724298, 40.0835907], [-83.1723322, 40.0835907], [-83.172255, 40.0836311], [-83.1721331, 40.0836591], [-83.1720396, 40.0836559], [-83.1719624, 40.0836808], [-83.1720112, 40.0837119], [-83.172129, 40.0837461], [-83.1722388, 40.0837679], [-83.1723647, 40.0837865], [-83.1725435, 40.0838083], [-83.172637, 40.0838456], [-83.172763, 40.0838891], [-83.1728077, 40.0839358], [-83.1728239, 40.0839948], [-83.1728605, 40.0840632], [-83.1729296, 40.0841005], [-83.1729743, 40.0841316], [-83.1730434, 40.0841099], [-83.1730637, 40.0840508], [-83.1731409, 40.0840011], [-83.1732587, 40.08397], [-83.1733603, 40.0839544], [-83.1734253, 40.0839824], [-83.1734985, 40.0840073], [-83.1736041, 40.0840166], [-83.1736895, 40.0840104], [-83.1737504, 40.084029], [-83.1738317, 40.0841037], [-83.1739252, 40.0841845], [-83.1740146, 40.0842778], [-83.1740796, 40.0843617], [-83.174108, 40.084427], [-83.1741852, 40.0844612], [-83.1742949, 40.0844674]]]}, "properties": {"name": "Unnamed water", "tier": "HIDDEN GEM", "score": 90, "wtype": "pond", "acres": 2.45, "access": "PUBLIC", "owner": "CITY OF DUBLIN OH", "owner_addr": "5805 EITERMAN RD", "species": ["Largemouth bass", "Bluegill", "Black crappie", "Channel catfish"], "bass": "PRIME", "easy_access": false, "public_shore_m": 723, "nearest_park_m": 857, "osm_id": 700554944, "lat": 40.08391, "lon": -83.173789}}, {"type": "Feature", "geometry": {"type": "Polygon", "coordinates": [[[-83.1780678, 40.0847158], [-83.1781174, 40.0846752], [-83.1781262, 40.084617], [-83.1781032, 40.0845249], [-83.1780855, 40.0844572], [-83.1780501, 40.0843949], [-83.1780112, 40.0843083], [-83.177974, 40.0842203], [-83.1779493, 40.0841133], [-83.1779439, 40.0840686], [-83.1779333, 40.0840172], [-83.1779599, 40.0839752], [-83.1779811, 40.0839129], [-83.1779953, 40.0838412], [-83.1779882, 40.0837721], [-83.1779864, 40.083699], [-83.1779493, 40.0836503], [-83.1778767, 40.0836097], [-83.1778325, 40.0835433], [-83.1777829, 40.0834716], [-83.1777369, 40.0833795], [-83.177698, 40.0833294], [-83.1776467, 40.0833145], [-83.1776024, 40.0833226], [-83.1775794, 40.0833456], [-83.1775794, 40.0833971], [-83.1775953, 40.0834621], [-83.1776272, 40.0835541], [-83.1776697, 40.0836313], [-83.1777086, 40.0837166], [-83.1777422, 40.0837938], [-83.177767, 40.0838886], [-83.1778006, 40.0839779], [-83.1778077, 40.0840659], [-83.1778325, 40.0841472], [-83.1778413, 40.0841932], [-83.1778466, 40.0842622], [-83.1778661, 40.0843272], [-83.1778732, 40.0843679], [-83.1778785, 40.0844261], [-83.1778785, 40.0844789], [-83.1779015, 40.0845628], [-83.1779174, 40.0846251], [-83.1779563, 40.0846847], [-83.1780236, 40.0847199], [-83.1780678, 40.0847158]]]}, "properties": {"name": "Unnamed water", "tier": "HIDDEN GEM", "score": 90, "wtype": "pond", "acres": 0.61, "access": "PUBLIC", "owner": "CITY OF DUBLIN OHIO", "owner_addr": "5805 EITERMAN RD", "species": ["Largemouth bass", "Bluegill", "Black crappie", "Channel catfish"], "bass": "PRIME", "easy_access": false, "public_shore_m": 342, "nearest_park_m": 838, "osm_id": 700599702, "lat": 40.083995, "lon": -83.17787}}, {"type": "Feature", "geometry": {"type": "Polygon", "coordinates": [[[-83.1786377, 40.0882523], [-83.1786216, 40.0882133], [-83.1786431, 40.08816], [-83.1786431, 40.0880882], [-83.1786645, 40.0880225], [-83.1786913, 40.0879753], [-83.1786913, 40.0879466], [-83.1786457, 40.0879445], [-83.1785894, 40.0879753], [-83.1785358, 40.0879999], [-83.1784741, 40.0880122], [-83.1784231, 40.0879958], [-83.1783158, 40.0879876], [-83.1782273, 40.0879445], [-83.1781844, 40.0879117], [-83.17812, 40.0879096], [-83.1780288, 40.0879076], [-83.1779671, 40.0878871], [-83.1779001, 40.0878337], [-83.1778518, 40.0877167], [-83.177833, 40.0876162], [-83.1778384, 40.0875403], [-83.1778759, 40.0874602], [-83.1779189, 40.0874254], [-83.1779376, 40.0873864], [-83.1779457, 40.0873392], [-83.1779108, 40.087294], [-83.1778438, 40.0872673], [-83.1777552, 40.087255], [-83.1775943, 40.0872694], [-83.1774012, 40.087292], [-83.1772376, 40.0873002], [-83.1770632, 40.0873063], [-83.1769586, 40.0873022], [-83.1768245, 40.0872797], [-83.1766797, 40.0872653], [-83.1764839, 40.0872632], [-83.1763176, 40.0872653], [-83.176221, 40.0872304], [-83.1761566, 40.087173], [-83.1760976, 40.0871032], [-83.1759957, 40.0870683], [-83.1758267, 40.0870724], [-83.1756953, 40.0870703], [-83.1755532, 40.0870334], [-83.17549, 40.0868945], [-83.1754051, 40.0867213], [-83.1753585, 40.086487], [-83.1753379, 40.0863915], [-83.1753086, 40.0863481], [-83.1752717, 40.0863199], [-83.1751931, 40.0862953], [-83.1750569, 40.0862993], [-83.1749721, 40.0863132], [-83.1748883, 40.0863394], [-83.1748194, 40.0863924], [-83.1748089, 40.0864318], [-83.1748105, 40.0864645], [-83.1748404, 40.0865278], [-83.1748493, 40.0865784], [-83.1748356, 40.0866191], [-83.1747988, 40.0866613], [-83.1747331, 40.0866921], [-83.1746548, 40.0867332], [-83.1746093, 40.086797], [-83.174607, 40.0868471], [-83.1746653, 40.0869431], [-83.1747324, 40.0870047], [-83.1748035, 40.0870742], [-83.1748477, 40.087123], [-83.1749068, 40.0871988], [-83.1749485, 40.0872566], [-83.1749748, 40.0872988], [-83.1749897, 40.0873266], [-83.1750108, 40.0873437], [-83.1750344, 40.0873603], [-83.1750617, 40.0873758], [-83.1750965, 40.0873934], [-83.1751723, 40.0874076], [-83.1753343, 40.0874087], [-83.1754462, 40.0874127], [-83.1755339, 40.0874339], [-83.1756129, 40.0874522], [-83.1757278, 40.087443], [-83.1760433, 40.0874717], [-83.1762243, 40.0875155], [-83.1763382, 40.0875579], [-83.1763944, 40.087593], [-83.1764276, 40.0876321], [-83.1764619, 40.0877228], [-83.1764964, 40.0877881], [-83.1765538, 40.0878282], [-83.1766315, 40.0878496], [-83.1767602, 40.0878918], [-83.1768907, 40.0880311], [-83.1769284, 40.0880728], [-83.1769868, 40.0881025], [-83.1770382, 40.0881276], [-83.1770993, 40.0881486], [-83.1772339, 40.0881808], [-83.177344, 40.0882075], [-83.1774672, 40.088265], [-83.177531, 40.0882861], [-83.1775623, 40.088274], [-83.1775857, 40.0882507], [-83.1776144, 40.0882296], [-83.1776745, 40.0882286], [-83.1777892, 40.0882677], [-83.1779343, 40.0883251], [-83.1781102, 40.0883715], [-83.1782028, 40.0883998], [-83.1782649, 40.0883426], [-83.17834, 40.0882749], [-83.1784419, 40.0882626], [-83.178525, 40.0882687], [-83.1786377, 40.0882523]]]}, "properties": {"name": "Unnamed water", "tier": "HIDDEN GEM", "score": 90, "wtype": "lake", "acres": 5.84, "access": "PUBLIC", "owner": "CITY OF DUBLIN OHIO", "owner_addr": "5805 EITERMAN RD", "species": ["Largemouth bass", "Bluegill", "Black crappie", "Channel catfish"], "bass": "PRIME", "easy_access": false, "public_shore_m": 1000, "nearest_park_m": 1024, "osm_id": 700611743, "lat": 40.087465, "lon": -83.176585}}, {"type": "Feature", "geometry": {"type": "Polygon", "coordinates": [[[-83.179203, 40.0902417], [-83.1791993, 40.0902797], [-83.1792564, 40.0903557], [-83.1793336, 40.090395], [-83.1795216, 40.0904327], [-83.1796325, 40.0904398], [-83.1797106, 40.0904119], [-83.1798573, 40.0902729], [-83.1799129, 40.0902392], [-83.1799264, 40.0902066], [-83.1799417, 40.0901518], [-83.1799744, 40.0901043], [-83.1800518, 40.0900471], [-83.1801946, 40.0899223], [-83.1803575, 40.0898147], [-83.1805019, 40.0897103], [-83.1805762, 40.0896947], [-83.1806473, 40.0897097], [-83.1807081, 40.08972], [-83.1807683, 40.0896981], [-83.1807971, 40.089654], [-83.1808389, 40.0896046], [-83.1809229, 40.0895291], [-83.180974, 40.0894981], [-83.1810529, 40.0894642], [-83.1811063, 40.0894195], [-83.1811648, 40.0893439], [-83.1812315, 40.0892332], [-83.1812568, 40.0891322], [-83.1812625, 40.0890465], [-83.1813146, 40.0889734], [-83.1813773, 40.0888926], [-83.1814416, 40.0888166], [-83.181449, 40.0888005], [-83.1814438, 40.0887735], [-83.1814017, 40.0887516], [-83.1813653, 40.0887516], [-83.1813075, 40.0887855], [-83.1812633, 40.0888431], [-83.1812242, 40.08889], [-83.1811915, 40.0888988], [-83.1811738, 40.088886], [-83.1811911, 40.0888588], [-83.1813205, 40.0887268], [-83.1814276, 40.0885981], [-83.1815024, 40.0884825], [-83.1815469, 40.0884025], [-83.1815645, 40.08832], [-83.1815512, 40.0882718], [-83.1814565, 40.0882406], [-83.1813856, 40.0882571], [-83.1813887, 40.0883561], [-83.1813702, 40.0884362], [-83.181287, 40.0885234], [-83.1812562, 40.0886154], [-83.1812192, 40.0886861], [-83.1811206, 40.0887756], [-83.1809881, 40.088844], [-83.1809234, 40.08891], [-83.1808587, 40.0889878], [-83.1808125, 40.0890868], [-83.1807108, 40.0892235], [-83.180563, 40.0893154], [-83.1803873, 40.0893956], [-83.1802425, 40.0894427], [-83.1800607, 40.0894639], [-83.1799991, 40.0894781], [-83.1799036, 40.0894922], [-83.1798235, 40.0894663], [-83.1797342, 40.0894333], [-83.1796017, 40.0894191], [-83.1795185, 40.0894215], [-83.1794312, 40.0894175], [-83.1793293, 40.0894321], [-83.1792261, 40.0894478], [-83.1791599, 40.0894814], [-83.1791518, 40.0895229], [-83.1791571, 40.0895777], [-83.1791843, 40.0896421], [-83.1792272, 40.0896914], [-83.1792782, 40.0897209], [-83.1793497, 40.0897551], [-83.1794238, 40.0898097], [-83.1794974, 40.0898692], [-83.1795794, 40.0899434], [-83.1796027, 40.089992], [-83.1795988, 40.0900161], [-83.1795852, 40.0900386], [-83.1795466, 40.0900796], [-83.1794991, 40.0901163], [-83.1794553, 40.0901584], [-83.1794063, 40.0901992], [-83.1793854, 40.0902176], [-83.1793516, 40.0902234], [-83.1793233, 40.0902249], [-83.1792999, 40.0902156], [-83.1792447, 40.0902171], [-83.179203, 40.0902417]]]}, "properties": {"name": "Unnamed water", "tier": "HIDDEN GEM", "score": 90, "wtype": "pond", "acres": 3.13, "access": "PUBLIC", "owner": "CITY OF DUBLIN OHIO", "owner_addr": "5805 EITERMAN RD", "species": ["Largemouth bass", "Bluegill", "Black crappie", "Channel catfish"], "bass": "PRIME", "easy_access": false, "public_shore_m": 820, "nearest_park_m": 1126, "osm_id": 700611744, "lat": 40.08955, "lon": -83.180265}}, {"type": "Feature", "geometry": {"type": "Polygon", "coordinates": [[[-83.1843239, 40.0900833], [-83.1843379, 40.0900297], [-83.1843333, 40.0899761], [-83.1843426, 40.0898904], [-83.1844033, 40.0898511], [-83.1844173, 40.0898153], [-83.1843753, 40.0897653], [-83.1842819, 40.0897403], [-83.1841978, 40.0897117], [-83.1841325, 40.0896653], [-83.1841325, 40.0895795], [-83.1841978, 40.0895367], [-83.1842912, 40.0895009], [-83.1842912, 40.0894366], [-83.1842492, 40.0893473], [-83.1842072, 40.0892651], [-83.1841698, 40.0891901], [-83.1841651, 40.0890722], [-83.1841044, 40.0890222], [-83.184025, 40.0889615], [-83.1840437, 40.0888721], [-83.1840671, 40.0888078], [-83.1840344, 40.0887578], [-83.1839643, 40.0887257], [-83.1838943, 40.0887185], [-83.1838059, 40.088593], [-83.1837914, 40.0885146], [-83.1837774, 40.0884257], [-83.1837266, 40.0883256], [-83.1836487, 40.0882641], [-83.1835524, 40.0881307], [-83.1835489, 40.0880569], [-83.1835334, 40.0880052], [-83.1834524, 40.0878554], [-83.1833991, 40.0877422], [-83.1833961, 40.0876444], [-83.1834758, 40.0875446], [-83.1835443, 40.0874693], [-83.1835697, 40.0873423], [-83.1835412, 40.087286], [-83.1834712, 40.0872398], [-83.1834018, 40.0871617], [-83.1833551, 40.0870778], [-83.18313, 40.0870018], [-83.1829285, 40.0868921], [-83.1827946, 40.0868374], [-83.1827181, 40.086779], [-83.1825963, 40.0866885], [-83.182484, 40.0866216], [-83.1822677, 40.0865878], [-83.1820954, 40.0866002], [-83.1820142, 40.0866141], [-83.1819437, 40.0866162], [-83.1817895, 40.0865862], [-83.1816301, 40.0864908], [-83.1815623, 40.0864145], [-83.1815074, 40.086406], [-83.1813065, 40.086465], [-83.1812158, 40.086527], [-83.1811867, 40.0866328], [-83.1812039, 40.0867569], [-83.1812417, 40.0868928], [-83.181305, 40.0870846], [-83.1814101, 40.0871068], [-83.1814893, 40.0871015], [-83.1815349, 40.0871081], [-83.18157, 40.0871174], [-83.1816079, 40.087105], [-83.1816365, 40.0870659], [-83.1816995, 40.0870155], [-83.18178, 40.0870032], [-83.1818943, 40.0870117], [-83.1819821, 40.0870376], [-83.1820294, 40.0870685], [-83.1820968, 40.0871535], [-83.1822364, 40.0871572], [-83.1823392, 40.0871643], [-83.1824092, 40.0871429], [-83.1825178, 40.0871393], [-83.1826409, 40.0871559], [-83.1827053, 40.0872237], [-83.1827361, 40.0873001], [-83.1827922, 40.0875931], [-83.1828389, 40.0877932], [-83.1828575, 40.0878789], [-83.1828295, 40.0879325], [-83.1827408, 40.0879932], [-83.1827315, 40.0880575], [-83.1827408, 40.0881433], [-83.1827968, 40.0881862], [-83.1828902, 40.0883076], [-83.1829509, 40.0883791], [-83.1829556, 40.088447], [-83.1830023, 40.0885077], [-83.1831051, 40.0885685], [-83.1832311, 40.0886328], [-83.1833292, 40.0887257], [-83.1833759, 40.0887971], [-83.1834646, 40.08884], [-83.1835767, 40.0889007], [-83.1837168, 40.0890043], [-83.1838149, 40.0890794], [-83.1839176, 40.0891758], [-83.1839877, 40.0892866], [-83.1840531, 40.0894688], [-83.1840671, 40.0896117], [-83.1840577, 40.089676], [-83.1840437, 40.0897082], [-83.1840531, 40.0897689], [-83.1840904, 40.0898118], [-83.1841465, 40.0898404], [-83.1841978, 40.0898939], [-83.1842025, 40.089944], [-83.1842259, 40.0900368], [-83.1842585, 40.0900833], [-83.1843239, 40.0900833]]]}, "properties": {"name": "Unnamed water", "tier": "HIDDEN GEM", "score": 90, "wtype": "lake", "acres": 5.71, "access": "PUBLIC", "owner": "CITY OF DUBLIN OHIO", "owner_addr": "5805 EITERMAN RD", "species": ["Largemouth bass", "Bluegill", "Black crappie", "Channel catfish"], "bass": "PRIME", "easy_access": false, "public_shore_m": 1184, "nearest_park_m": 1069, "osm_id": 700611745, "lat": 40.087723, "lon": -83.182904}}, {"type": "Feature", "geometry": {"type": "Polygon", "coordinates": [[[-83.1816299, 40.0853271], [-83.181749, 40.0853074], [-83.1818867, 40.0852664], [-83.1819661, 40.085236], [-83.1820268, 40.085186], [-83.1820735, 40.0851091], [-83.1820992, 40.0850002], [-83.1821062, 40.084918], [-83.1821085, 40.0848662], [-83.1821226, 40.084809], [-83.1821622, 40.0847179], [-83.1821809, 40.0846732], [-83.1821833, 40.0846161], [-83.1821716, 40.0845661], [-83.1821506, 40.0845393], [-83.1821763, 40.0845142], [-83.1822043, 40.0845142], [-83.1823047, 40.0844339], [-83.1824635, 40.0842981], [-83.1825358, 40.0842266], [-83.1825709, 40.0841695], [-83.1826339, 40.0841194], [-83.1826619, 40.0840873], [-83.1826666, 40.084064], [-83.1826363, 40.0839997], [-83.1825989, 40.0839283], [-83.1825802, 40.0838657], [-83.1825639, 40.0838372], [-83.1825195, 40.0838086], [-83.1824728, 40.0837496], [-83.1824331, 40.0836978], [-83.1823771, 40.0836782], [-83.182321, 40.0836817], [-83.182279, 40.0837139], [-83.182279, 40.0837639], [-83.1822883, 40.083805], [-83.182258, 40.0838407], [-83.1821973, 40.08388], [-83.1820922, 40.0839122], [-83.1820058, 40.0839247], [-83.1819311, 40.0839515], [-83.1818844, 40.0839944], [-83.1818727, 40.0840569], [-83.1819031, 40.0840944], [-83.1819474, 40.0841105], [-83.1819659, 40.0841189], [-83.1819976, 40.0841178], [-83.1820369, 40.0840957], [-83.1820958, 40.084093], [-83.1822342, 40.0841647], [-83.1823056, 40.0842214], [-83.1823045, 40.084265], [-83.1822489, 40.0843294], [-83.1821714, 40.0844161], [-83.182137, 40.0844392], [-83.182106, 40.0844435], [-83.1820701, 40.0844325], [-83.1820324, 40.0844264], [-83.1820058, 40.0844428], [-83.1819521, 40.0844844], [-83.1819002, 40.0845866], [-83.181873, 40.084628], [-83.1818558, 40.0846827], [-83.1818517, 40.0847179], [-83.181826, 40.0847608], [-83.1817793, 40.0847912], [-83.1817326, 40.0848072], [-83.1816929, 40.0848394], [-83.1816392, 40.0849198], [-83.1816018, 40.0849859], [-83.1815692, 40.0850538], [-83.1815551, 40.0850984], [-83.1815271, 40.0851377], [-83.1814781, 40.0851842], [-83.1814384, 40.0852324], [-83.1814617, 40.0852771], [-83.1815551, 40.0853146], [-83.1816299, 40.0853271]]]}, "properties": {"name": "Unnamed water", "tier": "HIDDEN GEM", "score": 90, "wtype": "pond", "acres": 1.48, "access": "PUBLIC", "owner": "CITY OF DUBLIN OHIO", "owner_addr": "5805 EITERMAN RD", "species": ["Largemouth bass", "Bluegill", "Black crappie", "Channel catfish"], "bass": "PRIME", "easy_access": false, "public_shore_m": 446, "nearest_park_m": 908, "osm_id": 700611746, "lat": 40.084532, "lon": -83.182076}}, {"type": "Feature", "geometry": {"type": "Polygon", "coordinates": [[[-83.0062502, 39.8206671], [-83.0062578, 39.8210866], [-83.0063261, 39.8211623], [-83.0064778, 39.8211973], [-83.0066447, 39.821196], [-83.0078206, 39.8206554], [-83.0078206, 39.8205855], [-83.0076385, 39.8205272], [-83.0065385, 39.8205505], [-83.0062502, 39.8206671]]]}, "properties": {"name": "Unnamed water", "tier": "HIDDEN GEM", "score": 90, "wtype": "pond", "acres": 1.6, "access": "PUBLIC", "owner": "CITY OF COLUMBUS OHIO", "owner_addr": "6841 S HIGH ST", "species": ["Largemouth bass", "Bluegill", "Black crappie", "Channel catfish"], "bass": "PRIME", "easy_access": false, "public_shore_m": 349, "nearest_park_m": 1514, "osm_id": 705648598, "lat": 39.820804, "lon": -83.006882}}, {"type": "Feature", "geometry": {"type": "Polygon", "coordinates": [[[-82.9976951, 39.8980132], [-82.9977648, 39.8979792], [-82.9977702, 39.8979432], [-82.99775, 39.8974504], [-82.9976025, 39.8973022], [-82.997345, 39.8972117], [-82.9970419, 39.8971787], [-82.9967415, 39.8971787], [-82.9965162, 39.8972014], [-82.996307, 39.8972672], [-82.9961219, 39.8974154], [-82.9960039, 39.8977611], [-82.9958269, 39.8978269], [-82.9957679, 39.8978928], [-82.9958323, 39.897971], [-82.9968461, 39.8980286], [-82.9976951, 39.8980132]]]}, "properties": {"name": "Unnamed water", "tier": "HIDDEN GEM", "score": 90, "wtype": "pond", "acres": 3.17, "access": "PUBLIC", "owner": "CITY OF COLUMBUS", "owner_addr": "S HIGH ST", "species": ["Largemouth bass", "Bluegill", "Black crappie", "Channel catfish"], "bass": "PRIME", "easy_access": false, "public_shore_m": 374, "nearest_park_m": 834, "osm_id": 771655023, "lat": 39.897637, "lon": -82.996881}}, {"type": "Feature", "geometry": {"type": "Polygon", "coordinates": [[[-83.070243, 39.8428055], [-83.0700257, 39.8428085], [-83.0698857, 39.8427738], [-83.0696759, 39.8428039], [-83.0693996, 39.842916], [-83.069116, 39.8429708], [-83.0689122, 39.8429433], [-83.0687751, 39.8428212], [-83.0687715, 39.8426916], [-83.0688111, 39.8426164], [-83.0689979, 39.8426031], [-83.0692508, 39.8425331], [-83.0694903, 39.8424715], [-83.0697211, 39.8423947], [-83.0698971, 39.8423067], [-83.0700315, 39.8423489], [-83.0701875, 39.84247], [-83.0702668, 39.8425931], [-83.0702944, 39.8427253], [-83.070243, 39.8428055]]]}, "properties": {"name": "Unnamed water", "tier": "HIDDEN GEM", "score": 90, "wtype": "pond", "acres": 1.36, "access": "PUBLIC", "owner": "CITY OF GROVE CITY OHIO", "owner_addr": "QUAIL RUN DR", "species": ["Largemouth bass", "Bluegill", "Black crappie", "Channel catfish"], "bass": "PRIME", "easy_access": false, "public_shore_m": 332, "nearest_park_m": 1065, "osm_id": 845867756, "lat": 39.842665, "lon": -83.069549}}, {"type": "Feature", "geometry": {"type": "Polygon", "coordinates": [[[-83.1011409, 40.1328895], [-83.1009884, 40.132857], [-83.1005804, 40.1328013], [-83.1006113, 40.132659], [-83.10071, 40.1324145], [-83.1009377, 40.1323464], [-83.1010863, 40.1323956], [-83.101272, 40.1325295], [-83.1012364, 40.132754], [-83.1011409, 40.1328895]]]}, "properties": {"name": "Unnamed water", "tier": "HIDDEN GEM", "score": 90, "wtype": "pond", "acres": 0.63, "access": "PUBLIC", "owner": "CITY OF DUBLIN", "owner_addr": "CONINE CT", "species": ["Largemouth bass", "Bluegill", "Black crappie", "Channel catfish"], "bass": "PRIME", "easy_access": false, "public_shore_m": 192, "nearest_park_m": 857, "osm_id": 862826485, "lat": 40.132626, "lon": -83.100938}}, {"type": "Feature", "geometry": {"type": "Polygon", "coordinates": [[[-82.7881517, 40.1064534], [-82.7880755, 40.1064804], [-82.7880273, 40.1064787], [-82.7879682, 40.1064523], [-82.7879378, 40.1063934], [-82.7879367, 40.1063224], [-82.7879671, 40.1062846], [-82.7879881, 40.1062402], [-82.7880071, 40.1061769], [-82.7880347, 40.1061134], [-82.7880676, 40.106068], [-82.788135, 40.1060503], [-82.7882467, 40.1060598], [-82.7883068, 40.1060958], [-82.7883349, 40.1061362], [-82.788351, 40.106194], [-82.7883486, 40.1062473], [-82.7883285, 40.1063045], [-82.7882911, 40.106355], [-82.788243, 40.106399], [-82.7882149, 40.1064291], [-82.7881517, 40.1064534]]]}, "properties": {"name": "Unnamed water", "tier": "HIDDEN GEM", "score": 90, "wtype": "pond", "acres": 0.3, "access": "PUBLIC_BANK", "owner": "VILLAGE OF NEW ALBANY", "owner_addr": "6450 EVELAND CT", "species": ["Largemouth bass", "Bluegill"], "bass": "GOOD", "easy_access": false, "public_shore_m": 39, "nearest_park_m": 854, "osm_id": 1007521632, "lat": 40.106264, "lon": -82.788143}}, {"type": "Feature", "geometry": {"type": "Polygon", "coordinates": [[[-83.1680692, 40.1374928], [-83.1680408, 40.1374936], [-83.1679764, 40.1375197], [-83.1679223, 40.1375497], [-83.1678893, 40.1375638], [-83.1678276, 40.1376002], [-83.1677856, 40.1376035], [-83.1677444, 40.1376022], [-83.1677151, 40.1375941], [-83.1676915, 40.1375858], [-83.1676731, 40.1375805], [-83.1676472, 40.1375582], [-83.1676257, 40.1375448], [-83.1675998, 40.1375358], [-83.1675332, 40.1374807], [-83.1674523, 40.1374251], [-83.1674078, 40.137388], [-83.1673583, 40.1373587], [-83.1673128, 40.1373164], [-83.1672945, 40.1372844], [-83.1672764, 40.1372526], [-83.1672576, 40.1372142], [-83.167273, 40.1371609], [-83.167273, 40.1371275], [-83.1672773, 40.1371037], [-83.1672844, 40.1370814], [-83.1672925, 40.1370717], [-83.1673106, 40.1370645], [-83.1673542, 40.1370645], [-83.1673837, 40.1370629], [-83.1674125, 40.1370578], [-83.1674523, 40.1370457], [-83.1675097, 40.1370353], [-83.1675784, 40.1370314], [-83.167619, 40.1370347], [-83.1676405, 40.1370468], [-83.1676506, 40.1370645], [-83.1676583, 40.1370888], [-83.1676908, 40.1371198], [-83.1677098, 40.1371309], [-83.1677474, 40.1371455], [-83.167778, 40.137158], [-83.1678078, 40.1371744], [-83.1678222, 40.1371906], [-83.1678437, 40.1372049], [-83.1678788, 40.1372221], [-83.1679033, 40.1372316], [-83.1679355, 40.1372403], [-83.1679697, 40.1372465], [-83.1680075, 40.1372528], [-83.1680442, 40.1372542], [-83.168069, 40.1372577], [-83.1680871, 40.1372634], [-83.1681034, 40.1372685], [-83.1681336, 40.1372734], [-83.1681427, 40.1372865], [-83.1681427, 40.137307], [-83.1681374, 40.1373439], [-83.1681213, 40.1373787], [-83.1681132, 40.1374269], [-83.1681106, 40.1374536], [-83.1680985, 40.1374833], [-83.1680692, 40.1374928]]]}, "properties": {"name": "Unnamed water", "tier": "HIDDEN GEM", "score": 90, "wtype": "pond", "acres": 0.72, "access": "PUBLIC", "owner": "THE CITY OF DUBLIN OHIO", "owner_addr": "6603 TIMBLE FALLS DR", "species": ["Largemouth bass", "Bluegill", "Black crappie", "Channel catfish"], "bass": "PRIME", "easy_access": false, "public_shore_m": 218, "nearest_park_m": 959, "osm_id": 1010399131, "lat": 40.137316, "lon": -83.167683}}, {"type": "Feature", "geometry": {"type": "Polygon", "coordinates": [[[-83.1698131, 40.1419779], [-83.1698009, 40.1420541], [-83.1697501, 40.1420696], [-83.1696464, 40.141967], [-83.1695813, 40.1418567], [-83.1694675, 40.1417402], [-83.1694492, 40.1415568], [-83.1695265, 40.1414915], [-83.1695749, 40.1414986], [-83.1696322, 40.1415071], [-83.1697602, 40.1415553], [-83.1698029, 40.1416376], [-83.1698151, 40.1417713], [-83.1698253, 40.1418925], [-83.1698131, 40.1419779]]]}, "properties": {"name": "Unnamed water", "tier": "HIDDEN GEM", "score": 90, "wtype": "pond", "acres": 0.33, "access": "PUBLIC", "owner": "THE CITY OF DUBLIN OHIO", "owner_addr": "DICESARE LP", "species": ["Largemouth bass", "Bluegill"], "bass": "GOOD", "easy_access": false, "public_shore_m": 157, "nearest_park_m": 989, "osm_id": 1010400336, "lat": 40.141744, "lon": -83.169658}}, {"type": "Feature", "geometry": {"type": "Polygon", "coordinates": [[[-83.1679225, 40.1394119], [-83.1680404, 40.1394477], [-83.168138, 40.1394197], [-83.1683535, 40.1393824], [-83.1684612, 40.1392596], [-83.1684876, 40.1391105], [-83.1683901, 40.1390141], [-83.1682986, 40.1390095], [-83.1682173, 40.1390468], [-83.1680831, 40.1390514], [-83.1680547, 40.1390048], [-83.1680587, 40.1389271], [-83.1681156, 40.1388556], [-83.1681868, 40.1387748], [-83.1681807, 40.1387313], [-83.1679144, 40.1386116], [-83.1677985, 40.1385168], [-83.1676644, 40.138377], [-83.1675851, 40.1382387], [-83.1675261, 40.138147], [-83.167455, 40.1381175], [-83.1673879, 40.1381485], [-83.1673615, 40.1382045], [-83.1673046, 40.1382806], [-83.1672131, 40.1383506], [-83.1671603, 40.1384562], [-83.1671135, 40.1386054], [-83.1670647, 40.1386645], [-83.1670241, 40.138666], [-83.1669448, 40.1386987], [-83.1669285, 40.1387779], [-83.1669956, 40.1388649], [-83.1670993, 40.1390468], [-83.1670871, 40.1391633], [-83.1669062, 40.1393342], [-83.1669407, 40.139384], [-83.1670485, 40.1394384], [-83.1671745, 40.1394461], [-83.1673127, 40.1394197], [-83.1674387, 40.1393684], [-83.1675709, 40.1393234], [-83.1677335, 40.1393078], [-83.1678351, 40.139328], [-83.1678839, 40.1393591], [-83.1679225, 40.1394119]]]}, "properties": {"name": "Unnamed water", "tier": "HIDDEN GEM", "score": 90, "wtype": "pond", "acres": 2.76, "access": "PUBLIC", "owner": "THE CITY OF DUBLIN OHIO", "owner_addr": "6603 TIMBLE FALLS DR", "species": ["Largemouth bass", "Bluegill", "Black crappie", "Channel catfish"], "bass": "PRIME", "easy_access": false, "public_shore_m": 509, "nearest_park_m": 1022, "osm_id": 1010401628, "lat": 40.13892, "lon": -83.167609}}, {"type": "Feature", "geometry": {"type": "Polygon", "coordinates": [[[-83.1666365, 40.1380123], [-83.1665126, 40.138065], [-83.1663551, 40.1380867], [-83.1662914, 40.138042], [-83.1663445, 40.1379433], [-83.1664683, 40.1378486], [-83.1664737, 40.1377769], [-83.1664014, 40.1376955], [-83.1663728, 40.1376632], [-83.1662985, 40.1375279], [-83.1662843, 40.1373426], [-83.1664312, 40.1372574], [-83.1666701, 40.1372168], [-83.1667922, 40.1372452], [-83.1669461, 40.1373913], [-83.1669868, 40.1374427], [-83.1670364, 40.137532], [-83.1670488, 40.1376132], [-83.166978, 40.1376348], [-83.1669373, 40.1376402], [-83.1668577, 40.1376267], [-83.1668099, 40.1376375], [-83.1667993, 40.1376659], [-83.1668089, 40.1376941], [-83.1668223, 40.1377336], [-83.1668134, 40.1378053], [-83.1667798, 40.1378946], [-83.1666365, 40.1380123]]]}, "properties": {"name": "Unnamed water", "tier": "HIDDEN GEM", "score": 90, "wtype": "pond", "acres": 0.96, "access": "PUBLIC", "owner": "THE CITY OF DUBLIN OHIO", "owner_addr": "6603 TIMBLE FALLS DR", "species": ["Largemouth bass", "Bluegill", "Black crappie", "Channel catfish"], "bass": "PRIME", "easy_access": false, "public_shore_m": 283, "nearest_park_m": 1055, "osm_id": 1010401631, "lat": 40.137601, "lon": -83.166617}}, {"type": "Feature", "geometry": {"type": "Polygon", "coordinates": [[[-83.1695635, 40.1393719], [-83.1697177, 40.1393049], [-83.1698207, 40.1392122], [-83.1698871, 40.1391579], [-83.1699214, 40.139124], [-83.1699251, 40.1390868], [-83.1699277, 40.1390443], [-83.1699397, 40.138988], [-83.1699452, 40.1389556], [-83.1699619, 40.1389402], [-83.1699847, 40.138931], [-83.1700122, 40.1389305], [-83.1700344, 40.1389315], [-83.1700625, 40.1389182], [-83.1700927, 40.1388992], [-83.1701293, 40.1388872], [-83.1701551, 40.1388731], [-83.1701584, 40.1388459], [-83.1701543, 40.1388286], [-83.1701242, 40.1388079], [-83.1700873, 40.1387946], [-83.1700292, 40.1387876], [-83.1699868, 40.1387849], [-83.1699472, 40.1387874], [-83.1699134, 40.1388008], [-83.1698553, 40.1388331], [-83.1698272, 40.1388597], [-83.1698167, 40.1388788], [-83.1698091, 40.1389018], [-83.1698057, 40.1389248], [-83.169805, 40.1389684], [-83.1698473, 40.1390084], [-83.169855, 40.1390474], [-83.16986, 40.1390781], [-83.1698474, 40.1391457], [-83.1697454, 40.1392098], [-83.1696574, 40.1392357], [-83.1695965, 40.1392662], [-83.1695375, 40.1392857], [-83.169471, 40.1392951], [-83.169402, 40.1393072], [-83.1693572, 40.1392902], [-83.1693122, 40.1392683], [-83.1692746, 40.1392273], [-83.1692521, 40.1392032], [-83.1692491, 40.1391391], [-83.1692304, 40.1391001], [-83.1692022, 40.1390571], [-83.1692049, 40.1390211], [-83.1692331, 40.1389576], [-83.1692317, 40.1389289], [-83.1692414, 40.1388784], [-83.1692304, 40.1388428], [-83.1692156, 40.1387936], [-83.1691727, 40.1387833], [-83.1691325, 40.1387936], [-83.1690633, 40.1387948], [-83.1690096, 40.138821], [-83.1690139, 40.1390392], [-83.1692242, 40.1393345], [-83.1693379, 40.1393984], [-83.1694044, 40.1393935], [-83.1695635, 40.1393719]]]}, "properties": {"name": "Unnamed water", "tier": "HIDDEN GEM", "score": 90, "wtype": "pond", "acres": 0.48, "access": "PUBLIC", "owner": "THE CITY OF DUBLIN OHIO", "owner_addr": "6603 TIMBLE FALLS DR", "species": ["Largemouth bass", "Bluegill"], "bass": "GOOD", "easy_access": false, "public_shore_m": 303, "nearest_park_m": 885, "osm_id": 1015863234, "lat": 40.139063, "lon": -83.16948}}, {"type": "Feature", "geometry": {"type": "Polygon", "coordinates": [[[-82.7969156, 40.013085], [-82.7968546, 40.013046], [-82.7968038, 40.0129698], [-82.7968119, 40.0128997], [-82.7968973, 40.0128281], [-82.7971127, 40.0127798], [-82.7973933, 40.0127098], [-82.7974298, 40.0126631], [-82.7976595, 40.0125587], [-82.7978791, 40.0125058], [-82.7980437, 40.01247], [-82.7981982, 40.0123922], [-82.798246, 40.0123174], [-82.7983791, 40.0122614], [-82.7984889, 40.012277], [-82.7985417, 40.0123766], [-82.7984056, 40.012512], [-82.7981799, 40.0126288], [-82.7979401, 40.0127105], [-82.7973628, 40.0128514], [-82.7971432, 40.0129744], [-82.7969887, 40.0130616], [-82.7969156, 40.013085]]]}, "properties": {"name": "Unnamed water", "tier": "HIDDEN GEM", "score": 90, "wtype": "pond", "acres": 0.84, "access": "PUBLIC", "owner": "JEFFERSON TOWNSHIP OHIO", "owner_addr": "WILLOW OAK DR", "species": ["Largemouth bass", "Bluegill", "Black crappie", "Channel catfish"], "bass": "PRIME", "easy_access": false, "public_shore_m": 364, "nearest_park_m": 965, "osm_id": 1106730462, "lat": 40.01267, "lon": -82.797689}}, {"type": "Feature", "geometry": {"type": "Polygon", "coordinates": [[[-82.8037563, 40.0106293], [-82.8037979, 40.0106222], [-82.8038349, 40.0105242], [-82.8038549, 40.010444], [-82.803925, 40.0103095], [-82.8039304, 40.0101962], [-82.8037579, 40.0101744], [-82.8035576, 40.0102225], [-82.803305, 40.010221], [-82.8032784, 40.0102894], [-82.803258, 40.0104476], [-82.8031521, 40.0105773], [-82.8031124, 40.0106375], [-82.8031459, 40.0106778], [-82.8032025, 40.0106874], [-82.8033096, 40.0107006], [-82.8033966, 40.0106915], [-82.8034898, 40.0107083], [-82.8035449, 40.0106567], [-82.8036061, 40.0106263], [-82.8036812, 40.0106278], [-82.8037563, 40.0106293]]]}, "properties": {"name": "Unnamed water", "tier": "HIDDEN GEM", "score": 90, "wtype": "pond", "acres": 0.69, "access": "PUBLIC", "owner": "BD OF TRUSTEES OF JEFFERSON TOWNSHIP", "owner_addr": "BLACK WILLOW CT", "species": ["Largemouth bass", "Bluegill", "Black crappie", "Channel catfish"], "bass": "PRIME", "easy_access": false, "public_shore_m": 219, "nearest_park_m": 991, "osm_id": 1106730464, "lat": 40.01044, "lon": -82.803541}}, {"type": "Feature", "geometry": {"type": "Polygon", "coordinates": [[[-82.77892, 40.0153375], [-82.7789254, 40.0152759], [-82.7790971, 40.0150869], [-82.7794672, 40.0149534], [-82.7796308, 40.0148548], [-82.779773, 40.0144172], [-82.7798695, 40.0143967], [-82.7799715, 40.0144624], [-82.77995, 40.0148055], [-82.7800546, 40.0151588], [-82.7799607, 40.0153601], [-82.7797783, 40.0153951], [-82.7793921, 40.0153745], [-82.7790676, 40.0153704], [-82.77892, 40.0153375]]]}, "properties": {"name": "Unnamed water", "tier": "HIDDEN GEM", "score": 90, "wtype": "pond", "acres": 1.29, "access": "PUBLIC", "owner": "BOARD OF TRUSTEES OF JEFFERSON TOWNSHIP FRANKLIN COUNTY OHIO", "owner_addr": "", "species": ["Largemouth bass", "Bluegill", "Black crappie", "Channel catfish"], "bass": "PRIME", "easy_access": false, "public_shore_m": 347, "nearest_park_m": 889, "osm_id": 1106731760, "lat": 40.015053, "lon": -82.779615}}, {"type": "Feature", "geometry": {"type": "Polygon", "coordinates": [[[-82.7887759, 39.9774286], [-82.7888121, 39.9774162], [-82.7888433, 39.9773875], [-82.788862, 39.9773473], [-82.7888683, 39.9772995], [-82.7888857, 39.9770528], [-82.788882, 39.9769696], [-82.788862, 39.9769323], [-82.7888146, 39.976917], [-82.7885463, 39.9768931], [-82.7883417, 39.9768644], [-82.7882518, 39.9768539], [-82.7881458, 39.9768482], [-82.7880721, 39.9768434], [-82.7880509, 39.9768482], [-82.7880497, 39.9768577], [-82.7881008, 39.9768673], [-82.7882631, 39.9768874], [-82.7883641, 39.9769113], [-82.7884178, 39.9769362], [-82.7884403, 39.9769677], [-82.7884527, 39.9770184], [-82.7884527, 39.9770997], [-82.7884403, 39.9771752], [-82.788439, 39.9772402], [-82.788434, 39.9773091], [-82.7884365, 39.9773492], [-82.7884552, 39.9773856], [-82.7884902, 39.9774028], [-82.7885663, 39.9774114], [-82.7886549, 39.9774133], [-82.7887759, 39.9774286]]]}, "properties": {"name": "Unnamed water", "tier": "HIDDEN GEM", "score": 90, "wtype": "pond", "acres": 0.54, "access": "PUBLIC", "owner": "REYNOLDSBURG CITY SCHOOL DISTRICT BD OF EDUCATION", "owner_addr": "360 - 360 WAGGONER RD", "species": ["Largemouth bass", "Bluegill", "Black crappie", "Channel catfish"], "bass": "PRIME", "easy_access": false, "public_shore_m": 242, "nearest_park_m": 1385, "osm_id": 1227918245, "lat": 39.977139, "lon": -82.788635}}, {"type": "Feature", "geometry": {"type": "Polygon", "coordinates": [[[-82.9210621, 39.9125235], [-82.921183, 39.9123768], [-82.9212045, 39.9123117], [-82.9211539, 39.9122807], [-82.9210715, 39.9122623], [-82.921063, 39.9121972], [-82.9211179, 39.9121748], [-82.9214258, 39.9121649], [-82.9214627, 39.9121334], [-82.9214678, 39.9120965], [-82.9214309, 39.9120577], [-82.9206513, 39.9120531], [-82.9206899, 39.9121189], [-82.920713, 39.9122031], [-82.9208099, 39.9121992], [-82.9208545, 39.9122393], [-82.9208305, 39.9122735], [-82.9207671, 39.912313], [-82.9207568, 39.9123603], [-82.9207593, 39.9124182], [-82.9208228, 39.9124656], [-82.9209592, 39.9125143], [-82.9210218, 39.9125334], [-82.9210621, 39.9125235]]]}, "properties": {"name": "Unnamed water", "tier": "HIDDEN GEM", "score": 90, "wtype": "pond", "acres": 0.48, "access": "PUBLIC", "owner": "CITY OF COLUMBUS", "owner_addr": "REFUGEE RD", "species": ["Largemouth bass", "Bluegill"], "bass": "GOOD", "easy_access": false, "public_shore_m": 244, "nearest_park_m": 955, "osm_id": 1322608513, "lat": 39.912242, "lon": -82.921007}}, {"type": "Feature", "geometry": {"type": "Polygon", "coordinates": [[[-82.8652847, 40.0931558], [-82.8652512, 40.0931558], [-82.8652284, 40.0931866], [-82.8651774, 40.0932379], [-82.8651117, 40.0932461], [-82.8649159, 40.0932912], [-82.8647872, 40.0933292], [-82.8646759, 40.0933353], [-82.8645565, 40.0933476], [-82.8644586, 40.0933528], [-82.8644036, 40.0933661], [-82.8644197, 40.0934041], [-82.8644787, 40.0934236], [-82.8645699, 40.0934256], [-82.8646705, 40.0934], [-82.8647563, 40.0934184], [-82.8647952, 40.0934502], [-82.8648046, 40.0934861], [-82.8648059, 40.0935036], [-82.8648354, 40.0935282], [-82.8648717, 40.0935261], [-82.8648891, 40.0934902], [-82.8648837, 40.0934338], [-82.8648904, 40.0933959], [-82.864936, 40.093363], [-82.8650326, 40.0933374], [-82.8651238, 40.0933189], [-82.8652297, 40.0933015], [-82.8652874, 40.093323], [-82.865392, 40.0933507], [-82.8654725, 40.0933917], [-82.8655476, 40.0934543], [-82.8656093, 40.0935251], [-82.8656482, 40.0935805], [-82.8656656, 40.0936472], [-82.865628, 40.0937036], [-82.8655596, 40.0937426], [-82.8654792, 40.093759], [-82.8654027, 40.0937416], [-82.8653129, 40.0937016], [-82.865211, 40.0936852], [-82.8650916, 40.09368], [-82.8650138, 40.0936893], [-82.8649441, 40.0937006], [-82.8649132, 40.0937231], [-82.8649253, 40.093757], [-82.8649602, 40.0937734], [-82.8650299, 40.0937703], [-82.8650782, 40.0937539], [-82.8651855, 40.0937467], [-82.8652914, 40.0937621], [-82.8654014, 40.0938001], [-82.8654725, 40.0938114], [-82.8655637, 40.093798], [-82.8656455, 40.0938052], [-82.8657313, 40.0938134], [-82.8658144, 40.093835], [-82.8659298, 40.0938585], [-82.86597, 40.0938801], [-82.8660196, 40.0938862], [-82.8660384, 40.0938596], [-82.866029, 40.0938237], [-82.8659633, 40.0937857], [-82.8659083, 40.0937754], [-82.8658185, 40.0937765], [-82.8657689, 40.0937529], [-82.8657595, 40.0937047], [-82.8657849, 40.0936472], [-82.8657662, 40.0935826], [-82.865683, 40.0934882], [-82.8656482, 40.0934318], [-82.8656549, 40.0933928], [-82.865687, 40.093321], [-82.8657045, 40.0932912], [-82.8656911, 40.0932615], [-82.8656468, 40.0932676], [-82.8656133, 40.093283], [-82.8655275, 40.0932871], [-82.865451, 40.0932953], [-82.8654161, 40.0932912], [-82.8653518, 40.0932563], [-82.8653035, 40.0932235], [-82.8652847, 40.0931558]]]}, "properties": {"name": "Unnamed water", "tier": "HIDDEN GEM", "score": 90, "wtype": "pond", "acres": 0.56, "access": "PUBLIC", "owner": "CITY OF COLUMBUS OHIO", "owner_addr": "4747 CENTRAL COLLEGE RD", "species": ["Largemouth bass", "Bluegill", "Black crappie", "Channel catfish"], "bass": "PRIME", "easy_access": false, "public_shore_m": 545, "nearest_park_m": 974, "osm_id": 1432102541, "lat": 40.093513, "lon": -82.865311}}, {"type": "Feature", "geometry": {"type": "Polygon", "coordinates": [[[-82.8486742, 39.9090106], [-82.848355, 39.9093418], [-82.8478482, 39.9092938], [-82.8466218, 39.9092602], [-82.8462339, 39.9090586], [-82.846264, 39.9083101], [-82.8463383, 39.90821], [-82.84669, 39.9081708], [-82.8480048, 39.9082549], [-82.8485456, 39.9083823], [-82.8487541, 39.9086805], [-82.8487357, 39.9088176], [-82.8486742, 39.9090106]]]}, "properties": {"name": "Unnamed water", "tier": "HIDDEN GEM", "score": 90, "wtype": "pond", "acres": 5.77, "access": "PUBLIC_BANK", "owner": "CITY OF COLUMBUS OHIO", "owner_addr": "3361 KADY LN", "species": ["Largemouth bass", "Bluegill", "Black crappie", "Channel catfish"], "bass": "PRIME", "easy_access": false, "public_shore_m": 155, "nearest_park_m": 963, "osm_id": 1532970060, "lat": 39.908752, "lon": -82.847442}}, {"type": "Feature", "geometry": {"type": "Polygon", "coordinates": [[[-83.0293081, 39.8646748], [-83.0293611, 39.8647698], [-83.0293081, 39.8648756], [-83.0291384, 39.8649543], [-83.0287284, 39.8649651], [-83.0284351, 39.8648919], [-83.0283538, 39.8647508], [-83.0284457, 39.8645989], [-83.0285694, 39.8645799], [-83.028884, 39.8646178], [-83.0291632, 39.8646151], [-83.0293081, 39.8646748]]]}, "properties": {"name": "Unnamed water", "tier": "HIDDEN GEM", "score": 90, "wtype": "pond", "acres": 0.71, "access": "PUBLIC", "owner": "CITY OF GROVE CITY", "owner_addr": "970 PINNACLE QUARRY DR", "species": ["Largemouth bass", "Bluegill", "Black crappie", "Channel catfish"], "bass": "PRIME", "easy_access": false, "public_shore_m": 214, "nearest_park_m": 947, "osm_id": 1534541461, "lat": 39.864775, "lon": -83.02885}}, {"type": "Feature", "geometry": {"type": "Polygon", "coordinates": [[[-83.1558145, 39.907789], [-83.1557142, 39.907679], [-83.1555535, 39.907568], [-83.1554722, 39.9074652], [-83.1555116, 39.907392], [-83.1555659, 39.9073405], [-83.1556205, 39.9073172], [-83.1557422, 39.9073321], [-83.1558536, 39.9073625], [-83.1559913, 39.9073482], [-83.1560654, 39.9073651], [-83.1560882, 39.9074484], [-83.1560079, 39.9075226], [-83.155878, 39.9076023], [-83.1559502, 39.9077107], [-83.1559269, 39.9077734], [-83.1558145, 39.907789]]]}, "properties": {"name": "Unnamed water", "tier": "HIDDEN GEM", "score": 90, "wtype": "pond", "acres": 0.39, "access": "PUBLIC", "owner": "COLUMBUS REGIONAL AIRPORT AUTHORITY (CITY OF COLS)", "owner_addr": "6005 ALKIRE RD", "species": ["Largemouth bass", "Bluegill"], "bass": "GOOD", "easy_access": false, "public_shore_m": 172, "nearest_park_m": 1103, "osm_id": 1539231831, "lat": 39.907511, "lon": -83.155779}}, {"type": "Feature", "geometry": {"type": "Polygon", "coordinates": [[[-83.1548622, 39.9074675], [-83.1550196, 39.9074515], [-83.1551155, 39.9073767], [-83.1551402, 39.9072597], [-83.1550519, 39.9071569], [-83.1549171, 39.9071069], [-83.1547148, 39.9070914], [-83.1545445, 39.9070212], [-83.1542788, 39.9069787], [-83.15418, 39.9070295], [-83.1541944, 39.9071557], [-83.1543243, 39.9071855], [-83.1544515, 39.9071736], [-83.1545428, 39.9071956], [-83.1547355, 39.9073788], [-83.1548622, 39.9074675]]]}, "properties": {"name": "Unnamed water", "tier": "HIDDEN GEM", "score": 90, "wtype": "pond", "acres": 0.53, "access": "PUBLIC", "owner": "COLUMBUS REGIONAL AIRPORT AUTHORITY (CITY OF COLS)", "owner_addr": "6005 ALKIRE RD", "species": ["Largemouth bass", "Bluegill", "Black crappie", "Channel catfish"], "bass": "PRIME", "easy_access": false, "public_shore_m": 218, "nearest_park_m": 1022, "osm_id": 1539231835, "lat": 39.907207, "lon": -83.154711}}, {"type": "Feature", "geometry": {"type": "Polygon", "coordinates": [[[-83.0472959, 39.9669313], [-83.0473977, 39.9668774], [-83.0474935, 39.9668699], [-83.0480797, 39.96694], [-83.0490446, 39.9671158], [-83.0492099, 39.9671286], [-83.0496293, 39.9670829], [-83.0498815, 39.9670785], [-83.0500424, 39.9670973], [-83.0508987, 39.9673297], [-83.0518653, 39.9674448], [-83.0521238, 39.9674982], [-83.052569, 39.9676298], [-83.0530626, 39.9676955], [-83.0531839, 39.9677207], [-83.0542105, 39.9680738], [-83.0542628, 39.9681118], [-83.0542407, 39.9681421], [-83.0538078, 39.9682144], [-83.0531409, 39.9683488], [-83.0525369, 39.968473], [-83.0519677, 39.9685569], [-83.0512628, 39.9686144], [-83.0506262, 39.9686363], [-83.0487272, 39.9686137], [-83.048372, 39.9685976], [-83.0478188, 39.9685096], [-83.0477105, 39.9684706], [-83.0476686, 39.9684273], [-83.0476123, 39.9681992], [-83.0476306, 39.9681351], [-83.0476874, 39.9681087], [-83.0477974, 39.968082], [-83.0483757, 39.9681454], [-83.0485752, 39.9681909], [-83.0486959, 39.9682732], [-83.0487898, 39.9683061], [-83.0488741, 39.9682958], [-83.0489293, 39.9682506], [-83.0489696, 39.9681285], [-83.0490285, 39.9680717], [-83.0493692, 39.9679155], [-83.0494111, 39.9678785], [-83.0494228, 39.9677819], [-83.0493821, 39.967631], [-83.049337, 39.9675866], [-83.0486349, 39.9676023], [-83.0482641, 39.9675681], [-83.0480856, 39.9675768], [-83.0479369, 39.9676256], [-83.0478452, 39.9676286], [-83.0476338, 39.967529], [-83.0474922, 39.9674925], [-83.0473146, 39.9674982], [-83.0472219, 39.9674719], [-83.0472019, 39.9674057], [-83.0472959, 39.9669313]]]}, "properties": {"name": "Unnamed water", "tier": "HIDDEN GEM", "score": 85, "wtype": "lake", "acres": 16.24, "access": "PUBLIC", "owner": "CITY OF COLUMBUS", "owner_addr": "481 GRANDVIEW AVE", "species": ["Largemouth bass", "Bluegill", "Black crappie", "Channel catfish"], "bass": "GOOD", "easy_access": false, "public_shore_m": 1116, "nearest_park_m": 357, "osm_id": 30169571, "lat": 39.967883, "lon": -83.050384}}, {"type": "Feature", "geometry": {"type": "Polygon", "coordinates": [[[-83.1719966, 40.0261849], [-83.1720052, 40.0262507], [-83.1715074, 40.0266187], [-83.1714216, 40.0268422], [-83.1711984, 40.0269671], [-83.1710525, 40.0271511], [-83.17103, 40.0272478], [-83.1709838, 40.0274468], [-83.170795, 40.0275389], [-83.170795, 40.0275849], [-83.1709237, 40.0276243], [-83.1711297, 40.0278872], [-83.1711297, 40.0279398], [-83.1710096, 40.0279463], [-83.1707607, 40.0278543], [-83.1704688, 40.0277886], [-83.1701942, 40.0277886], [-83.1701255, 40.0277755], [-83.1702028, 40.0276703], [-83.1703658, 40.0276177], [-83.1705375, 40.0276112], [-83.1705289, 40.0274994], [-83.1705117, 40.0271642], [-83.1705632, 40.0270591], [-83.1704774, 40.0269276], [-83.1703401, 40.0263755], [-83.1704173, 40.0263427], [-83.1719966, 40.0261849]]]}, "properties": {"name": "Unnamed water", "tier": "HIDDEN GEM", "score": 85, "wtype": "pond", "acres": 3.09, "access": "PUBLIC", "owner": "CITY OF HILLIARD", "owner_addr": "VETERANS MEMORAL DR", "species": ["Largemouth bass", "Bluegill", "Black crappie", "Channel catfish"], "bass": "PRIME", "easy_access": true, "public_shore_m": 666, "nearest_park_m": 86, "osm_id": 32058581, "lat": 40.0269, "lon": -83.170936}}, {"type": "Feature", "geometry": {"type": "Polygon", "coordinates": [[[-83.0579071, 40.0338095], [-83.0581131, 40.0337963], [-83.0582075, 40.0338095], [-83.058731, 40.034], [-83.0588855, 40.0340198], [-83.0590229, 40.0341775], [-83.0590229, 40.0342695], [-83.058937, 40.0343615], [-83.058937, 40.0344141], [-83.0589714, 40.0344995], [-83.0590658, 40.0345258], [-83.0592203, 40.0345192], [-83.0595808, 40.0344601], [-83.0600528, 40.0344075], [-83.0602932, 40.0344338], [-83.0603446, 40.0344075], [-83.060379, 40.0343418], [-83.0604476, 40.0343089], [-83.0608081, 40.0342432], [-83.0609455, 40.0341775], [-83.0611515, 40.0340592], [-83.0613403, 40.034], [-83.0615291, 40.0339803], [-83.0617609, 40.034], [-83.061984, 40.0340592], [-83.0624046, 40.0341709], [-83.0624561, 40.0342038], [-83.0624218, 40.0342432], [-83.0623016, 40.0342432], [-83.0620441, 40.0341709], [-83.0617265, 40.0340789], [-83.0614948, 40.0340658], [-83.0613214, 40.0341443], [-83.0612466, 40.0343121], [-83.0612176, 40.0344721], [-83.0611578, 40.034604], [-83.0610933, 40.0346765], [-83.0609848, 40.0347058], [-83.0609119, 40.0347183], [-83.06083, 40.0347749], [-83.0607954, 40.0348528], [-83.0607298, 40.0348896], [-83.0606754, 40.0349224], [-83.0606179, 40.0349403], [-83.0605632, 40.0349421], [-83.060522, 40.034921], [-83.0605102, 40.0348985], [-83.0605163, 40.0348675], [-83.0605605, 40.0348535], [-83.0606086, 40.0348556], [-83.0606444, 40.0348391], [-83.0606661, 40.0347922], [-83.0606655, 40.0347468], [-83.0606341, 40.0347239], [-83.0605632, 40.0347381], [-83.0604668, 40.0347639], [-83.0603901, 40.034759], [-83.0603017, 40.0346901], [-83.060173, 40.0346901], [-83.0599498, 40.0347164], [-83.0598726, 40.0347361], [-83.0598382, 40.0348018], [-83.0596923, 40.0350909], [-83.0596065, 40.0351172], [-83.0592632, 40.0351238], [-83.0587053, 40.0351567], [-83.0585765, 40.0351829], [-83.0580358, 40.0354129], [-83.0578641, 40.0355444], [-83.0577182, 40.0356101], [-83.057332, 40.0356824], [-83.0572204, 40.0356758], [-83.0571689, 40.0356232], [-83.0571517, 40.0355772], [-83.057165, 40.0347621], [-83.0571654, 40.0347345], [-83.0571689, 40.0345192], [-83.0572376, 40.0344272], [-83.0572376, 40.0343615], [-83.0572118, 40.0342038], [-83.0572376, 40.0341643], [-83.057332, 40.0340658], [-83.0575208, 40.0339738], [-83.0575895, 40.033908], [-83.0579071, 40.0338095]]]}, "properties": {"name": "Turkey Run", "tier": "HIDDEN GEM", "score": 85, "wtype": "lake", "acres": 9.23, "access": "PUBLIC", "owner": "STATE OF OHIO", "owner_addr": "REED RD", "species": ["Largemouth bass", "Bluegill", "Black crappie", "Channel catfish"], "bass": "PRIME", "easy_access": false, "public_shore_m": 1312, "nearest_park_m": 516, "osm_id": 38066024, "lat": 40.034654, "lon": -83.058726}}, {"type": "Feature", "geometry": {"type": "Polygon", "coordinates": [[[-82.8413899, 40.1265368], [-82.8414586, 40.1265958], [-82.8414586, 40.1267271], [-82.8415101, 40.1267796], [-82.8416645, 40.1268649], [-82.8416903, 40.126924], [-82.8416045, 40.1270027], [-82.841553, 40.1270815], [-82.8415444, 40.1272521], [-82.8414929, 40.1272849], [-82.8413212, 40.1273046], [-82.8411581, 40.1272455], [-82.8410466, 40.127134], [-82.841038, 40.127029], [-82.8410637, 40.1269108], [-82.8411667, 40.1268715], [-82.8412611, 40.1269371], [-82.8413384, 40.126924], [-82.8412869, 40.1268452], [-82.841244, 40.1267008], [-82.841244, 40.1265893], [-82.8412611, 40.1265302], [-82.8413899, 40.1265368]]]}, "properties": {"name": "Oldham's Pond", "tier": "HIDDEN GEM", "score": 85, "wtype": "pond", "acres": 0.66, "access": "PUBLIC_BANK", "owner": "BOARD OF PARK COMMISSIONERS OF THE COLUMBUS AND FRANKLIN COUNTY METROPOLITAN PARK DISTRICT", "owner_addr": "8280 HARLEM RD", "species": ["Largemouth bass", "Bluegill", "Black crappie", "Channel catfish"], "bass": "PRIME", "easy_access": false, "public_shore_m": 92, "nearest_park_m": 279, "osm_id": 40420853, "lat": 40.126971, "lon": -82.841351}}, {"type": "Feature", "geometry": {"type": "Polygon", "coordinates": [[[-82.9048684, 39.8783641], [-82.9050862, 39.8783584], [-82.9054421, 39.8783849], [-82.9056752, 39.8784695], [-82.9057438, 39.8785353], [-82.9057095, 39.8787527], [-82.9057352, 39.8790886], [-82.9056151, 39.8791874], [-82.9051945, 39.879497], [-82.9050658, 39.8798395], [-82.9049027, 39.8798856], [-82.9046109, 39.8799185], [-82.9042933, 39.8798197], [-82.9041645, 39.8796748], [-82.904113, 39.8794772], [-82.9041302, 39.8791677], [-82.9040615, 39.8789898], [-82.9040701, 39.8788515], [-82.9042504, 39.8786868], [-82.9044478, 39.8786276], [-82.904525, 39.878509], [-82.9046109, 39.8784168], [-82.9047139, 39.8783641], [-82.9048684, 39.8783641]]]}, "properties": {"name": "Turtle Pond", "tier": "HIDDEN GEM", "score": 85, "wtype": "pond", "acres": 4.51, "access": "PUBLIC", "owner": "CITY OF COLUMBUS", "owner_addr": "WILLIAMS RD", "species": ["Largemouth bass", "Bluegill", "Black crappie", "Channel catfish"], "bass": "PRIME", "easy_access": true, "public_shore_m": 521, "nearest_park_m": 171, "osm_id": 40425758, "lat": 39.87908, "lon": -82.904869}}, {"type": "Feature", "geometry": {"type": "Polygon", "coordinates": [[[-83.1636864, 40.0350127], [-83.1637979, 40.035039], [-83.1638752, 40.035131], [-83.1638923, 40.0355121], [-83.1638494, 40.0356567], [-83.1638838, 40.0357881], [-83.1640812, 40.035959], [-83.1642614, 40.0360115], [-83.1649566, 40.0359524], [-83.1652141, 40.0359721], [-83.1653, 40.0360444], [-83.1653, 40.0363664], [-83.1653429, 40.0364518], [-83.1654201, 40.0365176], [-83.1659179, 40.0365767], [-83.1659523, 40.0366424], [-83.1658064, 40.0367738], [-83.1657463, 40.0369381], [-83.165815, 40.0375887], [-83.1658836, 40.037661], [-83.1660295, 40.037707], [-83.1661583, 40.0377267], [-83.1662355, 40.0378253], [-83.1661669, 40.0380356], [-83.1658579, 40.0378384], [-83.1654545, 40.0375361], [-83.1652141, 40.0372733], [-83.1648536, 40.037063], [-83.1647507, 40.0369381], [-83.164682, 40.0367673], [-83.1646047, 40.036649], [-83.163446, 40.0357881], [-83.1633344, 40.0356238], [-83.1632744, 40.0354727], [-83.1632229, 40.0351704], [-83.1632486, 40.0350784], [-83.1633602, 40.035039], [-83.1636864, 40.0350127]]]}, "properties": {"name": "Unnamed water", "tier": "HIDDEN GEM", "score": 85, "wtype": "lake", "acres": 5.21, "access": "PUBLIC", "owner": "CITY OF HILLIARD", "owner_addr": "5467 CENTER ST", "species": ["Largemouth bass", "Bluegill", "Black crappie", "Channel catfish"], "bass": "PRIME", "easy_access": true, "public_shore_m": 985, "nearest_park_m": 70, "osm_id": 42484278, "lat": 40.036426, "lon": -83.16476}}, {"type": "Feature", "geometry": {"type": "Polygon", "coordinates": [[[-83.1604101, 40.0489464], [-83.1604423, 40.0490203], [-83.160099, 40.0491682], [-83.1596484, 40.0492667], [-83.1594982, 40.0494063], [-83.1592836, 40.0494392], [-83.1591978, 40.0490696], [-83.1591763, 40.0487575], [-83.1593265, 40.0486918], [-83.1595947, 40.0486672], [-83.1596806, 40.0487411], [-83.1596269, 40.04893], [-83.1596913, 40.049045], [-83.1598737, 40.0491025], [-83.1600132, 40.049086], [-83.1604101, 40.0489464]]]}, "properties": {"name": "Unnamed water", "tier": "HIDDEN GEM", "score": 85, "wtype": "pond", "acres": 0.95, "access": "PUBLIC", "owner": "CITY OF HILLIARD", "owner_addr": "4701 AVERY RD", "species": ["Largemouth bass", "Bluegill", "Black crappie", "Channel catfish"], "bass": "PRIME", "easy_access": true, "public_shore_m": 348, "nearest_park_m": 116, "osm_id": 109820035, "lat": 40.049049, "lon": -83.159559}}, {"type": "Feature", "geometry": {"type": "Polygon", "coordinates": [[[-83.1583931, 40.048043], [-83.1584682, 40.0481087], [-83.1585648, 40.0488314], [-83.1586506, 40.0490121], [-83.1586184, 40.049201], [-83.1584897, 40.0493571], [-83.1582215, 40.0492913], [-83.1580498, 40.0492913], [-83.1580069, 40.0492421], [-83.1581249, 40.0491107], [-83.1581785, 40.0489628], [-83.1581678, 40.0486343], [-83.1582322, 40.0484372], [-83.1582107, 40.0483633], [-83.1581142, 40.0483387], [-83.1573846, 40.0483879], [-83.1569769, 40.0485111], [-83.1568696, 40.0484947], [-83.1567838, 40.0484126], [-83.1567731, 40.048199], [-83.1568482, 40.0481251], [-83.1569769, 40.0480923], [-83.1571486, 40.0480923], [-83.1573739, 40.0481169], [-83.1576743, 40.0480841], [-83.1579318, 40.0480266], [-83.1582858, 40.0480266], [-83.1583931, 40.048043]]]}, "properties": {"name": "Unnamed water", "tier": "HIDDEN GEM", "score": 85, "wtype": "pond", "acres": 2.21, "access": "PUBLIC", "owner": "BOARD OF EDUCATION OF THE SCIOTO DARBY CITY SD", "owner_addr": "5100 DAVIDSON RD", "species": ["Largemouth bass", "Bluegill", "Black crappie", "Channel catfish"], "bass": "PRIME", "easy_access": true, "public_shore_m": 599, "nearest_park_m": 50, "osm_id": 109820039, "lat": 40.048515, "lon": -83.157927}}, {"type": "Feature", "geometry": {"type": "Polygon", "coordinates": [[[-82.9262718, 39.9888984], [-82.9261418, 39.989247], [-82.9256056, 39.9893627], [-82.9255127, 39.9893608], [-82.9252301, 39.9891429], [-82.925451, 39.9889703], [-82.9257568, 39.9889888], [-82.9260304, 39.9887689], [-82.9262718, 39.9888984]]]}, "properties": {"name": "Unnamed water", "tier": "HIDDEN GEM", "score": 85, "wtype": "pond", "acres": 0.81, "access": "PUBLIC", "owner": "CITY OF COLUMBUS UN DIV 6-11", "owner_addr": "854 ALTON AVE", "species": ["Largemouth bass", "Bluegill", "Black crappie", "Channel catfish"], "bass": "PRIME", "easy_access": true, "public_shore_m": 242, "nearest_park_m": 81, "osm_id": 172284608, "lat": 39.989102, "lon": -82.925796}}, {"type": "Feature", "geometry": {"type": "Polygon", "coordinates": [[[-83.2027032, 40.0051087], [-83.2028086, 40.0050775], [-83.2029427, 40.0050775], [-83.2030465, 40.0050841], [-83.2030876, 40.0050611], [-83.2030929, 40.0050118], [-83.2030948, 40.0049403], [-83.2031358, 40.0049214], [-83.2032128, 40.004932], [-83.2032557, 40.0049896], [-83.2032611, 40.0051005], [-83.2032343, 40.0051663], [-83.2030894, 40.0052361], [-83.2030036, 40.0052443], [-83.2029427, 40.005209], [-83.2028695, 40.0052073], [-83.2028158, 40.0052525], [-83.2027461, 40.0052731], [-83.2026638, 40.0052378], [-83.2026423, 40.005172], [-83.2026656, 40.0051416], [-83.2027032, 40.0051087]]]}, "properties": {"name": "Unnamed water", "tier": "HIDDEN GEM", "score": 85, "wtype": "pond", "acres": 0.25, "access": "PUBLIC", "owner": "BOARD OF EDUCATION OF THE HILLIARD CITY SCHOOL DIST", "owner_addr": "2800 WALKER RD", "species": ["Largemouth bass", "Bluegill"], "bass": "GOOD", "easy_access": true, "public_shore_m": 158, "nearest_park_m": 84, "osm_id": 180311183, "lat": 40.005125, "lon": -83.20299}}, {"type": "Feature", "geometry": {"type": "Polygon", "coordinates": [[[-82.8558365, 40.0954286], [-82.8558394, 40.0954308], [-82.8558687, 40.0954527], [-82.8559476, 40.095441], [-82.8560202, 40.0954054], [-82.8560724, 40.095359], [-82.8561154, 40.0953027], [-82.856132, 40.0952448], [-82.8561269, 40.0951762], [-82.8560882, 40.0951085], [-82.8559773, 40.0950213], [-82.8558718, 40.0949936], [-82.8557561, 40.0949893], [-82.8554653, 40.0950088], [-82.8553126, 40.0950095], [-82.8551671, 40.0949924], [-82.8549754, 40.0949551], [-82.8548308, 40.0949669], [-82.8547714, 40.0949866], [-82.8547079, 40.0950249], [-82.8546496, 40.0950779], [-82.8546482, 40.095159], [-82.8546754, 40.0952047], [-82.8547229, 40.0952412], [-82.8547506, 40.0952562], [-82.8547983, 40.095263], [-82.8548991, 40.0952663], [-82.8549602, 40.0952931], [-82.8550114, 40.0953064], [-82.8550452, 40.0953218], [-82.8550761, 40.0953444], [-82.8551103, 40.0953542], [-82.8551488, 40.0953638], [-82.8551853, 40.0953582], [-82.8553128, 40.0952302], [-82.8554138, 40.0951877], [-82.8555115, 40.0951545], [-82.8555877, 40.0951362], [-82.8556498, 40.0951522], [-82.8557189, 40.0952043], [-82.8558091, 40.0952822], [-82.8558113, 40.0952862], [-82.8558281, 40.0953165], [-82.8558365, 40.0954286]]]}, "properties": {"name": "Unnamed water", "tier": "HIDDEN GEM", "score": 85, "wtype": "pond", "acres": 0.95, "access": "PUBLIC", "owner": "CITY OF COLUMBUS OHIO", "owner_addr": "EDEN VALLEY DR", "species": ["Largemouth bass", "Bluegill", "Black crappie", "Channel catfish"], "bass": "PRIME", "easy_access": true, "public_shore_m": 336, "nearest_park_m": 110, "osm_id": 187990297, "lat": 40.095153, "lon": -82.855398}}, {"type": "Feature", "geometry": {"type": "Polygon", "coordinates": [[[-83.1694359, 40.1116256], [-83.1695105, 40.1116482], [-83.1696009, 40.1117037], [-83.1696297, 40.1117275], [-83.16965, 40.1117812], [-83.1696831, 40.1118272], [-83.1698017, 40.1118747], [-83.1698768, 40.1118785], [-83.1699581, 40.1118549], [-83.169995, 40.111829], [-83.1700334, 40.1117758], [-83.1700455, 40.1117452], [-83.1700343, 40.1117118], [-83.1699979, 40.1116884], [-83.1698941, 40.1116692], [-83.169844, 40.1116359], [-83.1698085, 40.1115682], [-83.1697871, 40.1115419], [-83.169551, 40.1114898], [-83.1694403, 40.1114959], [-83.169331, 40.1115102], [-83.1693182, 40.1115323], [-83.169322, 40.1115683], [-83.1693627, 40.111617], [-83.1694359, 40.1116256]]]}, "properties": {"name": "Unnamed water", "tier": "HIDDEN GEM", "score": 85, "wtype": "pond", "acres": 0.33, "access": "PUBLIC", "owner": "CITY OF DUBLIN", "owner_addr": "POST RD", "species": ["Largemouth bass", "Bluegill"], "bass": "GOOD", "easy_access": true, "public_shore_m": 166, "nearest_park_m": 113, "osm_id": 202429980, "lat": 40.111672, "lon": -83.169706}}, {"type": "Feature", "geometry": {"type": "Polygon", "coordinates": [[[-83.1570546, 40.0034055], [-83.1570197, 40.0035781], [-83.1569929, 40.0036027], [-83.1569452, 40.0036052], [-83.1569098, 40.0035863], [-83.1569151, 40.0035308], [-83.1568937, 40.0033541], [-83.1568964, 40.0031055], [-83.1569205, 40.0028836], [-83.1569452, 40.0025614], [-83.1569366, 40.0023597], [-83.1569532, 40.0021875], [-83.156958, 40.0020391], [-83.1569795, 40.0019344], [-83.1570036, 40.0019015], [-83.1570278, 40.0018974], [-83.1570519, 40.0018953], [-83.1570739, 40.001906], [-83.1571082, 40.0019364], [-83.1571624, 40.0020026], [-83.1572075, 40.0020268], [-83.1572129, 40.0020494], [-83.1572021, 40.002072], [-83.1571029, 40.0021398], [-83.1570868, 40.0021604], [-83.1570841, 40.0021932], [-83.1570868, 40.0023823], [-83.1570868, 40.0024788], [-83.1570814, 40.0026453], [-83.1570653, 40.0029658], [-83.1570546, 40.0034055]]]}, "properties": {"name": "Unnamed water", "tier": "HIDDEN GEM", "score": 85, "wtype": "pond", "acres": 0.61, "access": "PUBLIC", "owner": "COLUMBUS METROPOLITAN HOUSING AUTHORITY", "owner_addr": "5595 ROBERTS RD", "species": ["Largemouth bass", "Bluegill", "Black crappie", "Channel catfish"], "bass": "PRIME", "easy_access": true, "public_shore_m": 331, "nearest_park_m": 42, "osm_id": 271144276, "lat": 40.002729, "lon": -83.157007}}, {"type": "Feature", "geometry": {"type": "Polygon", "coordinates": [[[-83.0998525, 40.1201139], [-83.0993965, 40.1203181], [-83.0990774, 40.1204576], [-83.0990057, 40.1204127], [-83.0992076, 40.1202185], [-83.099377, 40.120079], [-83.099618, 40.1200492], [-83.0998525, 40.1201139]]]}, "properties": {"name": "Unnamed water", "tier": "HIDDEN GEM", "score": 85, "wtype": "pond", "acres": 0.3, "access": "PUBLIC", "owner": "BD OF EDUCATIONS OF THE DUBLIN CITY SCHOOL DIST", "owner_addr": "4000 HARD RD", "species": ["Largemouth bass", "Bluegill"], "bass": "GOOD", "easy_access": true, "public_shore_m": 175, "nearest_park_m": 56, "osm_id": 330936372, "lat": 40.120221, "lon": -83.099403}}, {"type": "Feature", "geometry": {"type": "Polygon", "coordinates": [[[-83.0149745, 39.9079222], [-83.0155159, 39.9062764], [-83.0154097, 39.9061686], [-83.0129068, 39.9056523], [-83.0110298, 39.9051946], [-83.0106197, 39.9050804], [-83.0101384, 39.9051347], [-83.0099826, 39.9055257], [-83.0100817, 39.9062424], [-83.0105064, 39.9064922], [-83.0127857, 39.9072958], [-83.0149745, 39.9079222]]]}, "properties": {"name": "Unnamed water", "tier": "HIDDEN GEM", "score": 85, "wtype": "lake", "acres": 19.87, "access": "PUBLIC", "owner": "CITY OF COLUMBUS", "owner_addr": "2460 JACKSON PI", "species": ["Largemouth bass", "Bluegill", "Black crappie", "Channel catfish"], "bass": "GOOD", "easy_access": false, "public_shore_m": 1257, "nearest_park_m": 673, "osm_id": 365322380, "lat": 39.906415, "lon": -83.012803}}, {"type": "Feature", "geometry": {"type": "Polygon", "coordinates": [[[-83.1825458, 40.0540594], [-83.182409, 40.0539999], [-83.1823151, 40.0539116], [-83.1823205, 40.0538274], [-83.182358, 40.0537083], [-83.1823822, 40.0536159], [-83.1824278, 40.0535605], [-83.1825699, 40.0535482], [-83.1826853, 40.0535051], [-83.1827926, 40.0535133], [-83.182873, 40.0535708], [-83.1829696, 40.0535543], [-83.1830527, 40.0535194], [-83.1832083, 40.0534537], [-83.1832539, 40.0533942], [-83.1832217, 40.0533121], [-83.1831332, 40.0532649], [-83.1830366, 40.0532197], [-83.1829857, 40.0531704], [-83.1829749, 40.0530986], [-83.182991, 40.0529897], [-83.1830393, 40.0529364], [-83.1830903, 40.0529199], [-83.1831707, 40.0529405], [-83.1832324, 40.0529405], [-83.1833183, 40.0529199], [-83.1833907, 40.0529076], [-83.1834792, 40.0529199], [-83.1835194, 40.0529405], [-83.1837662, 40.0530534], [-83.1837877, 40.0530924], [-83.1838574, 40.0531109], [-83.1839459, 40.0530945], [-83.184013, 40.0530862], [-83.1841149, 40.0531437], [-83.1841498, 40.0532156], [-83.1840907, 40.0533162], [-83.1840103, 40.0534271], [-83.1839808, 40.0535256], [-83.1838574, 40.0535605], [-83.1836991, 40.0535153], [-83.1835704, 40.0535112], [-83.1834792, 40.0535708], [-83.1833585, 40.0535667], [-83.1832056, 40.0535687], [-83.1831091, 40.0536303], [-83.1831386, 40.0537432], [-83.1831466, 40.0538438], [-83.183101, 40.0539342], [-83.1829481, 40.053965], [-83.1828596, 40.0539403], [-83.1827604, 40.0539609], [-83.1827067, 40.0540327], [-83.1826236, 40.0540758], [-83.1825458, 40.0540594]]]}, "properties": {"name": "Unnamed water", "tier": "HIDDEN GEM", "score": 85, "wtype": "pond", "acres": 2.09, "access": "PUBLIC", "owner": "BOARD OF PARK COMMISSIONERS OF THE COLUMBUS AND FRANKLIN COUNTY METROPOLITAN PARK DISTRICT", "owner_addr": "4675 COSGRAY RD", "species": ["Largemouth bass", "Bluegill", "Black crappie", "Channel catfish"], "bass": "PRIME", "easy_access": true, "public_shore_m": 530, "nearest_park_m": 63, "osm_id": 416481665, "lat": 40.053454, "lon": -83.183215}}, {"type": "Feature", "geometry": {"type": "Polygon", "coordinates": [[[-83.1862099, 40.1011173], [-83.1864347, 40.1010849], [-83.1865226, 40.10106], [-83.1865519, 40.1010388], [-83.1865714, 40.1010089], [-83.1865861, 40.1009703], [-83.1865991, 40.100918], [-83.1865942, 40.1008395], [-83.1865747, 40.1007748], [-83.1865568, 40.1007175], [-83.1865356, 40.1006689], [-83.1865372, 40.1006228], [-83.1865552, 40.100568], [-83.1866235, 40.1004298], [-83.1866708, 40.1003463], [-83.1867099, 40.100289], [-83.1867522, 40.1002591], [-83.1867929, 40.100218], [-83.186845, 40.1001283], [-83.1868743, 40.1000598], [-83.1869053, 40.0999577], [-83.1869167, 40.0999141], [-83.1869085, 40.0998693], [-83.1868971, 40.0998381], [-83.1868629, 40.0997958], [-83.1868303, 40.0997322], [-83.186832, 40.0996862], [-83.186845, 40.0996401], [-83.1868443, 40.0996129], [-83.1867945, 40.0996848], [-83.1867636, 40.0997223], [-83.1867359, 40.0997422], [-83.1867261, 40.0997609], [-83.1867245, 40.0997858], [-83.186718, 40.0998207], [-83.186674, 40.0998643], [-83.1866545, 40.0999066], [-83.1866529, 40.0999427], [-83.1866268, 40.0999714], [-83.1865942, 40.1000088], [-83.186376, 40.1003936], [-83.1863598, 40.1004185], [-83.1863353, 40.1004447], [-83.1863028, 40.1004596], [-83.1862783, 40.1004709], [-83.1862555, 40.1004734], [-83.1862165, 40.1004783], [-83.1861595, 40.1004833], [-83.186135, 40.100492], [-83.1861106, 40.100507], [-83.1860732, 40.1005282], [-83.1860422, 40.1005568], [-83.1860308, 40.1005954], [-83.1860243, 40.1007723], [-83.1860308, 40.1009741], [-83.1860357, 40.1010077], [-83.186039, 40.1010276], [-83.1860552, 40.1010563], [-83.1860715, 40.1010762], [-83.1861074, 40.1011061], [-83.1861504, 40.1011202], [-83.1862099, 40.1011173]]]}, "properties": {"name": "Unnamed water", "tier": "HIDDEN GEM", "score": 85, "wtype": "pond", "acres": 1.23, "access": "PUBLIC_BANK", "owner": "CITY OF DUBLIN OHIO", "owner_addr": "6314 COSGRAY DR", "species": ["Largemouth bass", "Bluegill", "Black crappie", "Channel catfish"], "bass": "PRIME", "easy_access": true, "public_shore_m": 269, "nearest_park_m": 86, "osm_id": 453133810, "lat": 40.100538, "lon": -83.18644}}, {"type": "Feature", "geometry": {"type": "Polygon", "coordinates": [[[-83.0609014, 40.0464207], [-83.0608761, 40.0463903], [-83.0608302, 40.0463734], [-83.0607747, 40.0463734], [-83.0607256, 40.0463782], [-83.0606892, 40.0463988], [-83.0606591, 40.0464401], [-83.0606543, 40.0464655], [-83.0606575, 40.0464983], [-83.0606385, 40.0465637], [-83.0606163, 40.0466243], [-83.0605831, 40.0466922], [-83.0605704, 40.0467262], [-83.060572, 40.0467529], [-83.0605973, 40.0467735], [-83.0606116, 40.0467808], [-83.0606417, 40.046782], [-83.0606734, 40.0467795], [-83.0606939, 40.0467892], [-83.0607415, 40.0467977], [-83.0607969, 40.0467929], [-83.060846, 40.0467856], [-83.0608697, 40.0467686], [-83.0608967, 40.0467432], [-83.0609062, 40.0467129], [-83.0608967, 40.0466765], [-83.0608808, 40.0466365], [-83.0608856, 40.0465928], [-83.0608983, 40.0465516], [-83.0609046, 40.0465177], [-83.0609093, 40.0464801], [-83.0609014, 40.0464207]]]}, "properties": {"name": "Unnamed water", "tier": "HIDDEN GEM", "score": 85, "wtype": "pond", "acres": 0.26, "access": "PUBLIC", "owner": "CITY OF UPPER ARLINGTON", "owner_addr": "4395 CARRIAGE HILL LN", "species": ["Largemouth bass", "Bluegill"], "bass": "GOOD", "easy_access": true, "public_shore_m": 130, "nearest_park_m": 39, "osm_id": 457309763, "lat": 40.046597, "lon": -83.060759}}, {"type": "Feature", "geometry": {"type": "Polygon", "coordinates": [[[-82.9351346, 40.113831], [-82.9351961, 40.1136935], [-82.9352174, 40.1136084], [-82.9351914, 40.1134617], [-82.9349831, 40.1133459], [-82.9347937, 40.1132517], [-82.9347488, 40.1131981], [-82.9347223, 40.1131435], [-82.9346994, 40.1131689], [-82.9346994, 40.1132098], [-82.934628, 40.1132956], [-82.9346178, 40.113395], [-82.9346484, 40.1134418], [-82.9346535, 40.1135256], [-82.9347325, 40.113662], [-82.9347937, 40.1137049], [-82.9348523, 40.1137887], [-82.9349925, 40.1138511], [-82.9350689, 40.1138686], [-82.9351346, 40.113831]]]}, "properties": {"name": "Unnamed water", "tier": "HIDDEN GEM", "score": 85, "wtype": "pond", "acres": 0.59, "access": "PUBLIC", "owner": "CITY OF WESTERVILLE", "owner_addr": "MARIEMONT DR REAR", "species": ["Largemouth bass", "Bluegill", "Black crappie", "Channel catfish"], "bass": "PRIME", "easy_access": true, "public_shore_m": 204, "nearest_park_m": 91, "osm_id": 464250510, "lat": 40.11354, "lon": -82.934918}}, {"type": "Feature", "geometry": {"type": "Polygon", "coordinates": [[[-83.1013467, 39.8561801], [-83.101696, 39.8563757], [-83.1018925, 39.8563757], [-83.1022054, 39.8562137], [-83.1023364, 39.8561857], [-83.1025111, 39.8562919], [-83.1025838, 39.856465], [-83.1025547, 39.8566885], [-83.102482, 39.8569008], [-83.1023946, 39.8569511], [-83.1021981, 39.8569846], [-83.1016814, 39.8569064], [-83.1013976, 39.8568338], [-83.1010556, 39.8567947], [-83.1006626, 39.8565544], [-83.1003206, 39.8564818], [-83.100175, 39.8563868], [-83.100175, 39.856303], [-83.1002842, 39.8561522], [-83.1004225, 39.8560628], [-83.1006117, 39.8560181], [-83.1007645, 39.8560628], [-83.1008009, 39.8561354], [-83.1010701, 39.8561857], [-83.1013467, 39.8561801]]]}, "properties": {"name": "Unnamed water", "tier": "HIDDEN GEM", "score": 85, "wtype": "pond", "acres": 3.18, "access": "PUBLIC", "owner": "CITY OF GROVE CITY", "owner_addr": "3899 ORDERS RD", "species": ["Largemouth bass", "Bluegill", "Black crappie", "Channel catfish"], "bass": "PRIME", "easy_access": true, "public_shore_m": 533, "nearest_park_m": 106, "osm_id": 465324469, "lat": 39.856511, "lon": -83.101479}}, {"type": "Feature", "geometry": {"type": "Polygon", "coordinates": [[[-82.8957146, 40.0640117], [-82.895596, 40.0640344], [-82.8925417, 40.0637318], [-82.8927592, 40.061886], [-82.893372, 40.0622037], [-82.8935796, 40.0625744], [-82.8938069, 40.0627333], [-82.8942023, 40.0626803], [-82.8943604, 40.062756], [-82.8943506, 40.06293], [-82.8945186, 40.0628543], [-82.8949733, 40.0630737], [-82.8954082, 40.0634065], [-82.8956948, 40.0637394], [-82.8957146, 40.0640117]]]}, "properties": {"name": "City of Columbus Sludge Pond", "tier": "HIDDEN GEM", "score": 85, "wtype": "pond", "acres": 8.33, "access": "PUBLIC", "owner": "CITY OF COLUMBUS", "owner_addr": "4262 MORSE RD", "species": ["Largemouth bass", "Bluegill", "Black crappie", "Channel catfish"], "bass": "PRIME", "easy_access": false, "public_shore_m": 872, "nearest_park_m": 580, "osm_id": 465326090, "lat": 40.063224, "lon": -82.89387}}, {"type": "Feature", "geometry": {"type": "Polygon", "coordinates": [[[-82.8916818, 40.0615683], [-82.8921661, 40.061712], [-82.8924132, 40.062181], [-82.8922551, 40.0628619], [-82.8920574, 40.0630586], [-82.8914248, 40.0631947], [-82.8902683, 40.0618633], [-82.8904759, 40.0616742], [-82.8908811, 40.0614775], [-82.891237, 40.0615077], [-82.8913556, 40.0616893], [-82.8916818, 40.0615683]]]}, "properties": {"name": "City of Columbus Sludge Pond", "tier": "HIDDEN GEM", "score": 85, "wtype": "pond", "acres": 5.51, "access": "PUBLIC", "owner": "CITY OF COLUMBUS", "owner_addr": "4262 MORSE RD", "species": ["Largemouth bass", "Bluegill", "Black crappie", "Channel catfish"], "bass": "PRIME", "easy_access": false, "public_shore_m": 591, "nearest_park_m": 564, "osm_id": 465326092, "lat": 40.062259, "lon": -82.891461}}, {"type": "Feature", "geometry": {"type": "Polygon", "coordinates": [[[-83.1391079, 40.1064841], [-83.1391605, 40.1064601], [-83.1391723, 40.1063994], [-83.1391506, 40.1063689], [-83.1390243, 40.1062717], [-83.1388136, 40.1062225], [-83.1387014, 40.1062051], [-83.1385675, 40.1062078], [-83.1384806, 40.1062225], [-83.1384136, 40.1062521], [-83.138343, 40.1062695], [-83.1382673, 40.1062506], [-83.1381798, 40.1062496], [-83.1380917, 40.106267], [-83.1380454, 40.1062926], [-83.1380006, 40.1063074], [-83.1379206, 40.10632], [-83.1378242, 40.1063324], [-83.1377676, 40.1063576], [-83.1377049, 40.1063792], [-83.1376644, 40.1064067], [-83.1376311, 40.1064562], [-83.1376335, 40.1065028], [-83.1376489, 40.1065367], [-83.1376966, 40.1065752], [-83.1377492, 40.1065931], [-83.137808, 40.1065925], [-83.1378651, 40.1065787], [-83.1379316, 40.1065003], [-83.1379692, 40.1064982], [-83.1380093, 40.1064737], [-83.1381174, 40.1064624], [-83.1382615, 40.1065214], [-83.1383335, 40.1065686], [-83.1384982, 40.1065607], [-83.1385868, 40.1064782], [-83.1387017, 40.1065503], [-83.1388527, 40.1065439], [-83.1389425, 40.1064977], [-83.1390312, 40.1064891], [-83.1391079, 40.1064841]]]}, "properties": {"name": "Unnamed water", "tier": "HIDDEN GEM", "score": 85, "wtype": "pond", "acres": 0.89, "access": "PUBLIC", "owner": "VILLAGE OF DUBLIN", "owner_addr": "6665 COFFMAN RD", "species": ["Largemouth bass", "Bluegill", "Black crappie", "Channel catfish"], "bass": "PRIME", "easy_access": true, "public_shore_m": 314, "nearest_park_m": 117, "osm_id": 480957382, "lat": 40.106397, "lon": -83.138428}}, {"type": "Feature", "geometry": {"type": "Polygon", "coordinates": [[[-83.1415989, 40.1016992], [-83.1416345, 40.1016322], [-83.1416714, 40.1014856], [-83.1416797, 40.1014456], [-83.1416763, 40.1013861], [-83.1416499, 40.1013432], [-83.1415726, 40.1012999], [-83.1415169, 40.1012736], [-83.1414563, 40.1012609], [-83.1413932, 40.1012729], [-83.1413375, 40.1012958], [-83.141284, 40.101339], [-83.141254, 40.1013754], [-83.1411721, 40.1014608], [-83.1410943, 40.1015296], [-83.1410545, 40.1015771], [-83.1410394, 40.1016139], [-83.1410486, 40.1016608], [-83.1410699, 40.101696], [-83.1411024, 40.1017183], [-83.1411452, 40.1017249], [-83.1411871, 40.1017162], [-83.1412365, 40.1016997], [-83.1413113, 40.1016912], [-83.1414053, 40.1016757], [-83.1414762, 40.1016778], [-83.1415122, 40.1016882], [-83.1415661, 40.1017109], [-83.1415861, 40.1017077], [-83.1415989, 40.1016992]]]}, "properties": {"name": "Unnamed water", "tier": "HIDDEN GEM", "score": 85, "wtype": "pond", "acres": 0.48, "access": "PUBLIC", "owner": "CITY OF DUBLIN", "owner_addr": "6565 COMMERCE PW", "species": ["Largemouth bass", "Bluegill"], "bass": "GOOD", "easy_access": true, "public_shore_m": 173, "nearest_park_m": 94, "osm_id": 481292439, "lat": 40.101511, "lon": -83.141389}}, {"type": "Feature", "geometry": {"type": "Polygon", "coordinates": [[[-82.9418182, 40.1236357], [-82.9418663, 40.1236143], [-82.941927, 40.123608], [-82.941999, 40.1236304], [-82.9420525, 40.1236186], [-82.9420852, 40.1235782], [-82.9420145, 40.1229021], [-82.9419449, 40.1224541], [-82.941915, 40.1222317], [-82.941839, 40.1221859], [-82.9395052, 40.1220179], [-82.9393957, 40.1221383], [-82.9393212, 40.1222835], [-82.9393433, 40.1227176], [-82.939416, 40.1229264], [-82.9397142, 40.1231599], [-82.9400814, 40.1232674], [-82.9406958, 40.1233574], [-82.9418182, 40.1236357]]]}, "properties": {"name": "Otterbein Lake", "tier": "HIDDEN GEM", "score": 85, "wtype": "pond", "acres": 7.77, "access": "PUBLIC", "owner": "CITY OF WESTERVILLE", "owner_addr": "MAIN ST", "species": ["Largemouth bass", "Bluegill", "Black crappie", "Channel catfish"], "bass": "PRIME", "easy_access": true, "public_shore_m": 714, "nearest_park_m": 224, "osm_id": 484453303, "lat": 40.122755, "lon": -82.940762}}, {"type": "Feature", "geometry": {"type": "Polygon", "coordinates": [[[-83.0856182, 39.9459743], [-83.0857109, 39.9459853], [-83.0857715, 39.9459825], [-83.0858321, 39.9459497], [-83.0858641, 39.9458869], [-83.0858641, 39.9457967], [-83.0857857, 39.9456683], [-83.0856788, 39.9456082], [-83.0855327, 39.9455044], [-83.085465, 39.9454907], [-83.085269, 39.945518], [-83.0851336, 39.9455454], [-83.0850053, 39.9455672], [-83.0849019, 39.9455782], [-83.0848128, 39.9455809], [-83.0847522, 39.9456219], [-83.0847487, 39.9456793], [-83.0847736, 39.9457257], [-83.0848378, 39.9457503], [-83.0849126, 39.9457476], [-83.0850373, 39.9457093], [-83.0851941, 39.9457202], [-83.0852975, 39.9457667], [-83.0854294, 39.9458213], [-83.0855113, 39.9458705], [-83.0855755, 39.9459333], [-83.0856182, 39.9459743]]]}, "properties": {"name": "Unnamed water", "tier": "HIDDEN GEM", "score": 85, "wtype": "pond", "acres": 0.65, "access": "PUBLIC", "owner": "CITY OF COLUMBUS", "owner_addr": "455 S WESTGATE AVE", "species": ["Largemouth bass", "Bluegill", "Black crappie", "Channel catfish"], "bass": "PRIME", "easy_access": true, "public_shore_m": 247, "nearest_park_m": 59, "osm_id": 494043710, "lat": 39.945705, "lon": -83.0854}}, {"type": "Feature", "geometry": {"type": "Polygon", "coordinates": [[[-82.8169273, 40.0985063], [-82.8170466, 40.0985216], [-82.8171214, 40.0985463], [-82.817143, 40.0985589], [-82.8171686, 40.0985598], [-82.8171716, 40.0985686], [-82.8171591, 40.09858], [-82.817154, 40.0985992], [-82.8171498, 40.0986286], [-82.8171537, 40.0986662], [-82.8171399, 40.0987271], [-82.8170886, 40.0988538], [-82.8170838, 40.0989361], [-82.8170896, 40.0990431], [-82.8170862, 40.0991679], [-82.8170574, 40.0992761], [-82.8170271, 40.0993584], [-82.8170035, 40.0994113], [-82.8170044, 40.0994808], [-82.8170307, 40.0995822], [-82.8170447, 40.0997107], [-82.8170461, 40.0997834], [-82.8170299, 40.0999022], [-82.8170158, 40.0999918], [-82.8169946, 40.1000931], [-82.8169919, 40.1001634], [-82.8169937, 40.1003095], [-82.8169944, 40.1003735], [-82.8169835, 40.1004254], [-82.8169424, 40.1004701], [-82.8169012, 40.1004919], [-82.8168493, 40.1005083], [-82.8168015, 40.1005081], [-82.8167537, 40.1004997], [-82.8166886, 40.1005045], [-82.8166754, 40.1005099], [-82.8166568, 40.1005091], [-82.8166427, 40.1004984], [-82.816644, 40.1004825], [-82.8166382, 40.1004816], [-82.8166338, 40.1004669], [-82.8166517, 40.1004487], [-82.8166609, 40.1004205], [-82.8166505, 40.1003482], [-82.8166588, 40.1003009], [-82.816665, 40.1002485], [-82.8166752, 40.1002145], [-82.8166784, 40.1001349], [-82.8166951, 40.1001014], [-82.8167376, 40.1000132], [-82.8167686, 40.0999198], [-82.8167935, 40.0997417], [-82.8168554, 40.0996103], [-82.8168742, 40.0995539], [-82.8168849, 40.0994955], [-82.8168676, 40.099426], [-82.8168455, 40.0993713], [-82.8168113, 40.0993367], [-82.8167831, 40.0992477], [-82.8167732, 40.0992363], [-82.8167566, 40.0992321], [-82.8167582, 40.0992232], [-82.8167768, 40.0992191], [-82.8167906, 40.0992021], [-82.8167927, 40.0991447], [-82.8167861, 40.0990954], [-82.8167803, 40.0990509], [-82.8167825, 40.098988], [-82.816776, 40.0989343], [-82.8167641, 40.0988806], [-82.8167344, 40.0988117], [-82.8166928, 40.098767], [-82.8166547, 40.0987378], [-82.8165857, 40.098699], [-82.8165059, 40.0986622], [-82.8163578, 40.0985948], [-82.8163235, 40.0985802], [-82.8162934, 40.0985778], [-82.8162647, 40.0985796], [-82.8162644, 40.0985713], [-82.816295, 40.0985662], [-82.8163038, 40.0985507], [-82.8163198, 40.0985206], [-82.8163478, 40.0985066], [-82.8164157, 40.0984952], [-82.8166847, 40.0985073], [-82.8169273, 40.0985063]]]}, "properties": {"name": "Unnamed water", "tier": "HIDDEN GEM", "score": 85, "wtype": "pond", "acres": 1.51, "access": "PUBLIC", "owner": "CITY OF NEW ALBANY", "owner_addr": "6500 NEW ALBANY EAST RD", "species": ["Largemouth bass", "Bluegill", "Black crappie", "Channel catfish"], "bass": "PRIME", "easy_access": true, "public_shore_m": 572, "nearest_park_m": 89, "osm_id": 533294228, "lat": 40.099364, "lon": -82.816863}}, {"type": "Feature", "geometry": {"type": "Polygon", "coordinates": [[[-82.8354284, 40.0117001], [-82.8354471, 40.0117319], [-82.835439, 40.0117617], [-82.8354136, 40.0117894], [-82.8353881, 40.0118007], [-82.8353425, 40.0118213], [-82.8353117, 40.0118244], [-82.8352647, 40.0118223], [-82.8352272, 40.0117987], [-82.8352057, 40.011772], [-82.8352004, 40.0117288], [-82.8351816, 40.0116857], [-82.8351279, 40.0116405], [-82.8350636, 40.0116015], [-82.8349938, 40.0115706], [-82.8349187, 40.0115419], [-82.8348946, 40.011509], [-82.8348463, 40.0114823], [-82.8347819, 40.0114761], [-82.8347149, 40.011472], [-82.8346586, 40.0114556], [-82.8346398, 40.011433], [-82.8346508, 40.0114203], [-82.8346612, 40.0114083], [-82.8347256, 40.0114042], [-82.8348114, 40.0114001], [-82.8348544, 40.0113899], [-82.8349187, 40.0113508], [-82.8349697, 40.0113241], [-82.8350046, 40.0113036], [-82.8350689, 40.0112892], [-82.8351011, 40.0112892], [-82.8351119, 40.0113159], [-82.8350904, 40.0113467], [-82.8350702, 40.0113576], [-82.8350368, 40.0113755], [-82.835026, 40.0114083], [-82.8350528, 40.0114587], [-82.8351051, 40.0115008], [-82.8351575, 40.0115347], [-82.8351977, 40.0115563], [-82.8352191, 40.0115953], [-82.8352527, 40.0116333], [-82.8352781, 40.0116446], [-82.8353131, 40.0116476], [-82.8353843, 40.0116641], [-82.8354144, 40.01168], [-82.8354284, 40.0117001]]]}, "properties": {"name": "Unnamed water", "tier": "HIDDEN GEM", "score": 85, "wtype": "pond", "acres": 0.27, "access": "PUBLIC", "owner": "CITY OF GAHANNA", "owner_addr": "TAYLOR STATION RD", "species": ["Largemouth bass", "Bluegill"], "bass": "GOOD", "easy_access": true, "public_shore_m": 209, "nearest_park_m": 37, "osm_id": 545312434, "lat": 40.011554, "lon": -82.835083}}, {"type": "Feature", "geometry": {"type": "Polygon", "coordinates": [[[-82.8175893, 40.0832307], [-82.8176865, 40.0833424], [-82.8178031, 40.0835285], [-82.817818, 40.0835839], [-82.817802, 40.0836256], [-82.8177554, 40.0836377], [-82.8176713, 40.0836405], [-82.8175485, 40.0836138], [-82.8174047, 40.0835488], [-82.8172799, 40.0834525], [-82.8172572, 40.0833989], [-82.8172438, 40.0833449], [-82.8172127, 40.0833326], [-82.8171368, 40.0833577], [-82.8170992, 40.083324], [-82.817148, 40.0832839], [-82.8172482, 40.0832331], [-82.8173787, 40.0831873], [-82.81747, 40.0831686], [-82.8175348, 40.0831857], [-82.8175893, 40.0832307]]]}, "properties": {"name": "Unnamed water", "tier": "HIDDEN GEM", "score": 85, "wtype": "pond", "acres": 0.44, "access": "PUBLIC", "owner": "THE BOARD OF EDUCATION OF THE NEW ALBANY-PLAIN LOCAL SCHOOL DISTRICT", "owner_addr": "55 N HIGH ST", "species": ["Largemouth bass", "Bluegill"], "bass": "GOOD", "easy_access": true, "public_shore_m": 177, "nearest_park_m": 113, "osm_id": 546563252, "lat": 40.083405, "lon": -82.817499}}, {"type": "Feature", "geometry": {"type": "Polygon", "coordinates": [[[-82.9941554, 40.0982096], [-82.9941159, 40.098216], [-82.9938476, 40.0982005], [-82.9938094, 40.0981846], [-82.9937913, 40.0981555], [-82.9938664, 40.0970187], [-82.9938904, 40.0969926], [-82.9939276, 40.0969778], [-82.9939789, 40.096975], [-82.9940198, 40.0969843], [-82.9940461, 40.0970145], [-82.994013, 40.0975232], [-82.9940207, 40.0975493], [-82.9940521, 40.0975672], [-82.9940497, 40.0976681], [-82.9940526, 40.0976896], [-82.9940823, 40.0976983], [-82.9941765, 40.0977018], [-82.9942036, 40.0977087], [-82.9942132, 40.0977262], [-82.9941785, 40.0981869], [-82.9941554, 40.0982096]]]}, "properties": {"name": "Austin Pool", "tier": "HIDDEN GEM", "score": 85, "wtype": "pond", "acres": 0.78, "access": "PUBLIC", "owner": "BOARD OF EDUCATION OF THE WORTHINGTON CITY SCHOOL DISTRICT", "owner_addr": "6465 BUSCH BL", "species": ["Largemouth bass", "Bluegill", "Black crappie", "Channel catfish"], "bass": "PRIME", "easy_access": true, "public_shore_m": 325, "nearest_park_m": 129, "osm_id": 551387295, "lat": 40.097711, "lon": -82.993976}}, {"type": "Feature", "geometry": {"type": "Polygon", "coordinates": [[[-82.8171101, 40.0398283], [-82.8171051, 40.0398674], [-82.8170915, 40.0399751], [-82.8170482, 40.0401715], [-82.8169926, 40.04033], [-82.8170188, 40.0403986], [-82.8171038, 40.0404239], [-82.8172986, 40.0404578], [-82.8174291, 40.0404463], [-82.8175088, 40.0404223], [-82.817567, 40.0404], [-82.8175963, 40.0403795], [-82.8176229, 40.0403369], [-82.817616, 40.0402694], [-82.8175972, 40.0401705], [-82.8176313, 40.0401058], [-82.8176664, 40.0399916], [-82.8176293, 40.0399017], [-82.8174964, 40.0397834], [-82.8172924, 40.039755], [-82.8171935, 40.0397621], [-82.8171101, 40.0398283]]]}, "properties": {"name": "Unnamed water", "tier": "HIDDEN GEM", "score": 85, "wtype": "pond", "acres": 0.85, "access": "PUBLIC", "owner": "CITY OF GAHANNA", "owner_addr": "6525 CLARK STATE RD", "species": ["Largemouth bass", "Bluegill", "Black crappie", "Channel catfish"], "bass": "PRIME", "easy_access": true, "public_shore_m": 226, "nearest_park_m": 99, "osm_id": 551436872, "lat": 40.040118, "lon": -82.817335}}, {"type": "Feature", "geometry": {"type": "Polygon", "coordinates": [[[-82.8186404, 40.0418013], [-82.8186282, 40.0417014], [-82.8185895, 40.0416218], [-82.8185487, 40.0415687], [-82.8185161, 40.0415063], [-82.8185018, 40.0414423], [-82.8184406, 40.0413954], [-82.8183692, 40.0413814], [-82.8182775, 40.0413985], [-82.8182346, 40.0414251], [-82.8182183, 40.0414922], [-82.8182041, 40.0416234], [-82.8181755, 40.0417217], [-82.8181653, 40.0417842], [-82.8182061, 40.0419044], [-82.8182061, 40.0419559], [-82.8181775, 40.041984], [-82.8180674, 40.0420542], [-82.8180348, 40.042073], [-82.8179818, 40.0420339], [-82.8179492, 40.0419746], [-82.8179247, 40.0418888], [-82.8179124, 40.0418076], [-82.8178635, 40.0417701], [-82.8177656, 40.0417763], [-82.8177044, 40.0418091], [-82.8176861, 40.0418778], [-82.8176596, 40.0419418], [-82.8175903, 40.0419871], [-82.8175332, 40.0420168], [-82.8175148, 40.0420714], [-82.8175393, 40.0421104], [-82.8176127, 40.0421385], [-82.8177085, 40.0421526], [-82.8178859, 40.0421463], [-82.8179553, 40.0421432], [-82.8180164, 40.0421651], [-82.8180654, 40.042176], [-82.8180878, 40.0421495], [-82.818096, 40.0421136], [-82.8182367, 40.0420293], [-82.8182856, 40.0420308], [-82.8183448, 40.0420402], [-82.8183855, 40.0420199], [-82.8184263, 40.0420058], [-82.8184447, 40.0419528], [-82.8184875, 40.0418888], [-82.818567, 40.0418357], [-82.8186404, 40.0418013]]]}, "properties": {"name": "Unnamed water", "tier": "HIDDEN GEM", "score": 85, "wtype": "pond", "acres": 0.84, "access": "PUBLIC", "owner": "CITY OF GAHANNA", "owner_addr": "6525 CLARK STATE RD", "species": ["Largemouth bass", "Bluegill", "Black crappie", "Channel catfish"], "bass": "PRIME", "easy_access": true, "public_shore_m": 358, "nearest_park_m": 60, "osm_id": 551436912, "lat": 40.041827, "lon": -82.818156}}, {"type": "Feature", "geometry": {"type": "Polygon", "coordinates": [[[-82.8820039, 40.0442832], [-82.8820606, 40.0441748], [-82.8821349, 40.0440665], [-82.8822446, 40.043977], [-82.8823366, 40.0439716], [-82.8824534, 40.0440583], [-82.8825879, 40.0440637], [-82.8827295, 40.0441125], [-82.8827992, 40.0442122], [-82.8828012, 40.0443261], [-82.8827012, 40.0443916], [-82.8824817, 40.0444187], [-82.8823336, 40.0444525], [-82.8822315, 40.044676], [-82.8821842, 40.0448268], [-82.8820146, 40.0448901], [-82.881827, 40.0448955], [-82.8816642, 40.0448386], [-82.8814731, 40.0447384], [-82.8812926, 40.0446002], [-82.8812041, 40.0444241], [-82.8812289, 40.0443049], [-82.8812961, 40.0442209], [-82.881328, 40.0441396], [-82.8814731, 40.044099], [-82.8815969, 40.0441044], [-82.8817244, 40.0442507], [-82.8817668, 40.0443293], [-82.881873, 40.0443564], [-82.8819686, 40.0443428], [-82.8820039, 40.0442832]]]}, "properties": {"name": "Unnamed water", "tier": "HIDDEN GEM", "score": 85, "wtype": "pond", "acres": 1.92, "access": "PUBLIC", "owner": "CITY OF GAHANNA", "owner_addr": "RIDENOUR RD", "species": ["Largemouth bass", "Bluegill", "Black crappie", "Channel catfish"], "bass": "PRIME", "easy_access": true, "public_shore_m": 420, "nearest_park_m": 103, "osm_id": 551567836, "lat": 40.044428, "lon": -82.881949}}, {"type": "Feature", "geometry": {"type": "Polygon", "coordinates": [[[-82.9040664, 40.1175496], [-82.9041301, 40.117486], [-82.9041796, 40.1174089], [-82.9042133, 40.1173115], [-82.9042221, 40.1172086], [-82.9042292, 40.1171626], [-82.9042894, 40.1171125], [-82.9043531, 40.117122], [-82.9044309, 40.1171504], [-82.9044592, 40.1172303], [-82.9045247, 40.1172601], [-82.9045566, 40.1173521], [-82.9045229, 40.1174224], [-82.9044645, 40.1174712], [-82.9044557, 40.1175199], [-82.9045035, 40.1175713], [-82.9045601, 40.1176471], [-82.9045548, 40.1177202], [-82.9045353, 40.1178379], [-82.9044911, 40.1179719], [-82.9044539, 40.1180815], [-82.9044875, 40.1181004], [-82.9046061, 40.1180761], [-82.9046416, 40.11806], [-82.9046754, 40.1180518], [-82.9047166, 40.1180804], [-82.9047377, 40.118095], [-82.9047465, 40.1181084], [-82.9047488, 40.118118], [-82.9047456, 40.1181296], [-82.9047328, 40.118149], [-82.9047386, 40.1181709], [-82.9047555, 40.1181876], [-82.9047462, 40.1182048], [-82.9047543, 40.1182296], [-82.9047367, 40.1182526], [-82.9047158, 40.118298], [-82.9046203, 40.1183386], [-82.9045831, 40.1183494], [-82.9045955, 40.1183711], [-82.9046645, 40.11839], [-82.9047441, 40.1183738], [-82.9048733, 40.1184063], [-82.9049653, 40.1184793], [-82.905029, 40.1186228], [-82.9050697, 40.1187026], [-82.9051281, 40.1187527], [-82.9051547, 40.1188014], [-82.905091, 40.1187946], [-82.9050379, 40.1187825], [-82.9049583, 40.118842], [-82.9048892, 40.118865], [-82.9048609, 40.1188975], [-82.9047866, 40.1189083], [-82.9046433, 40.1188176], [-82.9045654, 40.1187432], [-82.9045159, 40.1186593], [-82.9044557, 40.1186634], [-82.9043708, 40.118704], [-82.9043124, 40.118773], [-82.9043318, 40.1188339], [-82.9043885, 40.1188718], [-82.9044999, 40.1188839], [-82.9045513, 40.1188948], [-82.9045353, 40.1189069], [-82.9044699, 40.1189015], [-82.9043814, 40.1188866], [-82.9043212, 40.1188785], [-82.9042787, 40.1188961], [-82.904238, 40.1188907], [-82.904231, 40.1188582], [-82.9042504, 40.1187933], [-82.9043, 40.1187202], [-82.9043778, 40.118662], [-82.9044858, 40.1186187], [-82.9046344, 40.1186322], [-82.9047211, 40.1186728], [-82.904822, 40.1186958], [-82.9048645, 40.1186783], [-82.9048609, 40.1186092], [-82.9048132, 40.1185578], [-82.9047388, 40.1185429], [-82.9046804, 40.1185741], [-82.904615, 40.1185686], [-82.90453, 40.1185375], [-82.9044486, 40.1184793], [-82.904415, 40.1184401], [-82.9044097, 40.11839], [-82.9044415, 40.1183318], [-82.9045353, 40.1183048], [-82.904622, 40.1182966], [-82.9046645, 40.1182696], [-82.904668, 40.1182209], [-82.904615, 40.1181721], [-82.9045831, 40.1181478], [-82.9044999, 40.1181681], [-82.9044433, 40.1182019], [-82.9044292, 40.1182357], [-82.9044263, 40.1182697], [-82.904372, 40.1182907], [-82.9043512, 40.1182871], [-82.9043492, 40.1182348], [-82.9043726, 40.1182025], [-82.9043537, 40.1181682], [-82.904309, 40.1181456], [-82.9042632, 40.1180679], [-82.9042561, 40.1180081], [-82.9042947, 40.1179886], [-82.9043161, 40.1179536], [-82.9042886, 40.1179163], [-82.9042419, 40.117907], [-82.9041911, 40.1178969], [-82.9041596, 40.1178884], [-82.9040864, 40.1177601], [-82.90406, 40.1177104], [-82.9040884, 40.1176311], [-82.9040664, 40.1175496]]]}, "properties": {"name": "Unnamed water", "tier": "HIDDEN GEM", "score": 85, "wtype": "pond", "acres": 1.45, "access": "PUBLIC", "owner": "CITY OF WESTERVILLE", "owner_addr": "S DELAWARE DR", "species": ["Largemouth bass", "Bluegill", "Black crappie", "Channel catfish"], "bass": "PRIME", "easy_access": true, "public_shore_m": 782, "nearest_park_m": 88, "osm_id": 551631062, "lat": 40.118052, "lon": -82.904502}}, {"type": "Feature", "geometry": {"type": "Polygon", "coordinates": [[[-82.7941895, 40.043306], [-82.7943196, 40.043418], [-82.794342, 40.0435301], [-82.7942993, 40.0436421], [-82.7941773, 40.0438491], [-82.7940025, 40.0439845], [-82.793907, 40.0440732], [-82.7937118, 40.0441432], [-82.7934415, 40.0441354], [-82.7933399, 40.044081], [-82.7932951, 40.043986], [-82.7933277, 40.0437775], [-82.79335, 40.0435985], [-82.7933886, 40.0435052], [-82.7935635, 40.0434149], [-82.7936976, 40.0433729], [-82.7938521, 40.0432951], [-82.794031, 40.0432811], [-82.7941895, 40.043306]]]}, "properties": {"name": "Unnamed water", "tier": "HIDDEN GEM", "score": 85, "wtype": "pond", "acres": 1.53, "access": "PUBLIC", "owner": "BOARD OF TRUSTEES JEFFERSON TOWNSHIP", "owner_addr": "HIGHLANDS WOODS BL", "species": ["Largemouth bass", "Bluegill", "Black crappie", "Channel catfish"], "bass": "PRIME", "easy_access": true, "public_shore_m": 294, "nearest_park_m": 95, "osm_id": 551810999, "lat": 40.043707, "lon": -82.793795}}, {"type": "Feature", "geometry": {"type": "Polygon", "coordinates": [[[-82.9151039, 39.8841243], [-82.9149078, 39.8838233], [-82.9133807, 39.882802], [-82.9131985, 39.8827482], [-82.9123299, 39.8827374], [-82.9121898, 39.8828235], [-82.9118536, 39.884651], [-82.9121198, 39.8849951], [-82.9133526, 39.8850488], [-82.9142773, 39.8850166], [-82.9151039, 39.8841243]]]}, "properties": {"name": "Unnamed water", "tier": "HIDDEN GEM", "score": 85, "wtype": "pond", "acres": 12.99, "access": "PUBLIC", "owner": "CITY OF COLUMBUS", "owner_addr": "WILLIAMS RD", "species": ["Largemouth bass", "Bluegill", "Black crappie", "Channel catfish"], "bass": "PRIME", "easy_access": false, "public_shore_m": 873, "nearest_park_m": 581, "osm_id": 555812337, "lat": 39.883996, "lon": -82.913289}}, {"type": "Feature", "geometry": {"type": "Polygon", "coordinates": [[[-83.0564242, 39.8870152], [-83.0563242, 39.8872277], [-83.0564319, 39.88757], [-83.0565549, 39.8877176], [-83.056678, 39.8878297], [-83.0569934, 39.8877884], [-83.0570934, 39.8877235], [-83.0571549, 39.8875877], [-83.0571396, 39.8874224], [-83.0570242, 39.8872749], [-83.0569549, 39.8872041], [-83.0569473, 39.8870742], [-83.0568473, 39.8870152], [-83.0567165, 39.8871037], [-83.0564242, 39.8870152]]]}, "properties": {"name": "Unnamed water", "tier": "HIDDEN GEM", "score": 85, "wtype": "pond", "acres": 1.13, "access": "PUBLIC", "owner": "CITY OF GROVE CITY OHIO", "owner_addr": "GANTZ RD", "species": ["Largemouth bass", "Bluegill", "Black crappie", "Channel catfish"], "bass": "PRIME", "easy_access": true, "public_shore_m": 269, "nearest_park_m": 110, "osm_id": 584914936, "lat": 39.887423, "lon": -83.056742}}, {"type": "Feature", "geometry": {"type": "Polygon", "coordinates": [[[-83.0567088, 39.8869857], [-83.0566854, 39.8869781], [-83.0564165, 39.8868912], [-83.0564088, 39.8867673], [-83.056278, 39.8866964], [-83.0561472, 39.8864722], [-83.0561703, 39.8863718], [-83.0563088, 39.8862774], [-83.056478, 39.8862833], [-83.0566088, 39.8863836], [-83.0567549, 39.8866197], [-83.0568011, 39.8868145], [-83.0567934, 39.8869621], [-83.0567088, 39.8869857]]]}, "properties": {"name": "Unnamed water", "tier": "HIDDEN GEM", "score": 85, "wtype": "pond", "acres": 0.68, "access": "PUBLIC", "owner": "CITY OF GROVE CITY OHIO", "owner_addr": "GANTZ RD", "species": ["Largemouth bass", "Bluegill", "Black crappie", "Channel catfish"], "bass": "PRIME", "easy_access": true, "public_shore_m": 214, "nearest_park_m": 72, "osm_id": 584914989, "lat": 39.886615, "lon": -83.056495}}, {"type": "Feature", "geometry": {"type": "Polygon", "coordinates": [[[-82.9068742, 39.9803572], [-82.9068287, 39.9803701], [-82.906811, 39.9804083], [-82.9068293, 39.98044], [-82.9074948, 39.9809541], [-82.9075413, 39.9809867], [-82.9075952, 39.9810022], [-82.9076991, 39.9809824], [-82.9077209, 39.9809542], [-82.9077132, 39.9809153], [-82.9076115, 39.9805285], [-82.9076251, 39.9804725], [-82.9076071, 39.9804184], [-82.9075645, 39.9803991], [-82.9075063, 39.9803938], [-82.9068742, 39.9803572]]]}, "properties": {"name": "Unnamed water", "tier": "HIDDEN GEM", "score": 85, "wtype": "pond", "acres": 0.73, "access": "PUBLIC", "owner": "UNITED STATES OF AMERICA", "owner_addr": "3990 E BROAD ST", "species": ["Largemouth bass", "Bluegill", "Black crappie", "Channel catfish"], "bass": "PRIME", "easy_access": true, "public_shore_m": 240, "nearest_park_m": 52, "osm_id": 589674271, "lat": 39.980619, "lon": -82.907347}}, {"type": "Feature", "geometry": {"type": "Polygon", "coordinates": [[[-83.1308191, 40.0370801], [-83.1309479, 40.0379652], [-83.1309345, 40.0380309], [-83.1308942, 40.0380781], [-83.1308433, 40.0380905], [-83.1307413, 40.0380863], [-83.1306984, 40.0380679], [-83.1306743, 40.038033], [-83.1307172, 40.0378543], [-83.1307145, 40.0377598], [-83.1306984, 40.0376469], [-83.1307708, 40.0371643], [-83.1308191, 40.0370801]]]}, "properties": {"name": "Unnamed water", "tier": "HIDDEN GEM", "score": 85, "wtype": "pond", "acres": 0.38, "access": "PUBLIC", "owner": "CITY OF HILLIARD OHIO", "owner_addr": "CEMETERY RD", "species": ["Largemouth bass", "Bluegill"], "bass": "GOOD", "easy_access": true, "public_shore_m": 242, "nearest_park_m": 68, "osm_id": 591360563, "lat": 40.037698, "lon": -83.130809}}, {"type": "Feature", "geometry": {"type": "Polygon", "coordinates": [[[-82.9441595, 40.0761217], [-82.9432663, 40.0761874], [-82.9427084, 40.0762715], [-82.9424027, 40.0763064], [-82.9421398, 40.0763823], [-82.9414827, 40.0764829], [-82.9413378, 40.0764829], [-82.9412574, 40.076448], [-82.9410857, 40.0764398], [-82.9410535, 40.0764152], [-82.9410294, 40.0763269], [-82.9410562, 40.0762695], [-82.941311, 40.0760293], [-82.9413459, 40.0759431], [-82.9413459, 40.0759082], [-82.9412895, 40.0758754], [-82.9407841, 40.0760214], [-82.9405159, 40.0761686], [-82.9404634, 40.0762695], [-82.9404473, 40.0764295], [-82.9405399, 40.0770011], [-82.9406004, 40.0770625], [-82.9407263, 40.0770863], [-82.9414988, 40.077152], [-82.94159, 40.0771499], [-82.941649, 40.077113], [-82.9419681, 40.0769242], [-82.9420728, 40.0768893], [-82.9422015, 40.0768729], [-82.9423544, 40.0768564], [-82.9424697, 40.0768215], [-82.9425677, 40.076768], [-82.9427648, 40.0766574], [-82.9428694, 40.0766389], [-82.9429284, 40.0766389], [-82.9433629, 40.0766553], [-82.9435077, 40.0766389], [-82.943607, 40.0765876], [-82.9437196, 40.0765157], [-82.9439208, 40.0763433], [-82.9440254, 40.0763105], [-82.9440978, 40.0763105], [-82.9446262, 40.0762633], [-82.9452243, 40.0761586], [-82.9452592, 40.0761381], [-82.9452485, 40.0760827], [-82.9451975, 40.0760642], [-82.9441595, 40.0761217]]]}, "properties": {"name": "Minerva Lake", "tier": "HIDDEN GEM", "score": 85, "wtype": "lake", "acres": 5.4, "access": "PUBLIC", "owner": "VILLAGE OF MINERVA PARK", "owner_addr": "3001 MAPLEWOOD DR", "species": ["Largemouth bass", "Bluegill", "Black crappie", "Channel catfish"], "bass": "PRIME", "easy_access": false, "public_shore_m": 938, "nearest_park_m": 763, "osm_id": 616146237, "lat": 40.076536, "lon": -82.942094}}, {"type": "Feature", "geometry": {"type": "Polygon", "coordinates": [[[-83.0230556, 40.0046239], [-83.0229338, 40.0046346], [-83.0229059, 40.0045999], [-83.0229094, 40.0045653], [-83.0229373, 40.0045359], [-83.0229129, 40.0045013], [-83.0228955, 40.004448], [-83.0228885, 40.004392], [-83.0228607, 40.0043066], [-83.0228398, 40.004216], [-83.0228433, 40.004136], [-83.0228781, 40.0041147], [-83.0229129, 40.0040507], [-83.0229025, 40.003976], [-83.0229199, 40.0039067], [-83.0229025, 40.0038], [-83.0228885, 40.0037201], [-83.0228642, 40.0036401], [-83.0228503, 40.0035681], [-83.0228607, 40.0035094], [-83.0228468, 40.0033628], [-83.0228398, 40.0032854], [-83.0228189, 40.0032108], [-83.0227841, 40.0031716], [-83.0227461, 40.003118], [-83.022727, 40.0030996], [-83.0227266, 40.003077], [-83.0227743, 40.0030359], [-83.0228523, 40.0029911], [-83.0229055, 40.0029847], [-83.0229634, 40.0030112], [-83.0230552, 40.0030749], [-83.0230718, 40.003122], [-83.0230521, 40.0031521], [-83.0230278, 40.0032268], [-83.0230382, 40.0032988], [-83.0230417, 40.0033548], [-83.0230591, 40.0033974], [-83.0230661, 40.0034561], [-83.0230939, 40.0035974], [-83.0231073, 40.0036489], [-83.0231269, 40.0037196], [-83.0231483, 40.0038042], [-83.0231287, 40.0038827], [-83.0231635, 40.0039814], [-83.0231914, 40.0040213], [-83.0231914, 40.0040613], [-83.0231392, 40.0040933], [-83.0231113, 40.0041173], [-83.0231148, 40.00416], [-83.0230869, 40.0042373], [-83.0230695, 40.00432], [-83.0230591, 40.004392], [-83.0230104, 40.004432], [-83.022979, 40.0044746], [-83.0229964, 40.0045066], [-83.0230313, 40.0045573], [-83.0230521, 40.0045919], [-83.0230556, 40.0046239]]]}, "properties": {"name": "Unnamed water", "tier": "HIDDEN GEM", "score": 85, "wtype": "pond", "acres": 0.83, "access": "PUBLIC", "owner": "STATE OF OHIO", "owner_addr": "2121 KENNY RD", "species": ["Largemouth bass", "Bluegill", "Black crappie", "Channel catfish"], "bass": "PRIME", "easy_access": true, "public_shore_m": 409, "nearest_park_m": 109, "osm_id": 654853024, "lat": 40.003755, "lon": -83.022973}}, {"type": "Feature", "geometry": {"type": "Polygon", "coordinates": [[[-83.0770522, 39.9779114], [-83.0770791, 39.9778559], [-83.077071, 39.9778004], [-83.0768484, 39.9775353], [-83.0767491, 39.9774613], [-83.076674, 39.977451], [-83.0766177, 39.9774613], [-83.0764756, 39.9775497], [-83.0764541, 39.9775846], [-83.0764836, 39.9776442], [-83.0768618, 39.9779505], [-83.0769315, 39.9779587], [-83.0769771, 39.9779546], [-83.0770522, 39.9779114]]]}, "properties": {"name": "Unnamed water", "tier": "HIDDEN GEM", "score": 85, "wtype": "pond", "acres": 0.41, "access": "PUBLIC", "owner": "CITY OF COLUMBUS OHIO", "owner_addr": "1000 N HAGUE AVE", "species": ["Largemouth bass", "Bluegill"], "bass": "GOOD", "easy_access": true, "public_shore_m": 163, "nearest_park_m": 84, "osm_id": 670420513, "lat": 39.9777, "lon": -83.07678}}, {"type": "Feature", "geometry": {"type": "Polygon", "coordinates": [[[-82.9203737, 39.9087157], [-82.9202342, 39.9086252], [-82.9172945, 39.9084936], [-82.9172677, 39.9085676], [-82.9180777, 39.9093248], [-82.9181685, 39.909422], [-82.9187268, 39.9100202], [-82.9191506, 39.9105674], [-82.9193223, 39.9106415], [-82.9203589, 39.9106183], [-82.9203737, 39.9087157]]]}, "properties": {"name": "Unnamed water", "tier": "HIDDEN GEM", "score": 85, "wtype": "lake", "acres": 10.02, "access": "PUBLIC", "owner": "CITY OF COLUMBUS", "owner_addr": "3086 WATKINS RD", "species": ["Largemouth bass", "Bluegill", "Black crappie", "Channel catfish"], "bass": "PRIME", "easy_access": false, "public_shore_m": 867, "nearest_park_m": 797, "osm_id": 731947383, "lat": 39.909432, "lon": -82.919228}}, {"type": "Feature", "geometry": {"type": "Polygon", "coordinates": [[[-83.0401913, 40.0044113], [-83.0401205, 40.004429], [-83.0400143, 40.0044113], [-83.0399046, 40.0043788], [-83.0397595, 40.004349], [-83.0395896, 40.0043341], [-83.0393826, 40.0043341], [-83.0393489, 40.0043165], [-83.0393082, 40.0042758], [-83.039287, 40.0042311], [-83.0393065, 40.0041945], [-83.0395224, 40.0041118], [-83.0396445, 40.0040698], [-83.0399665, 40.0039247], [-83.0400639, 40.0039329], [-83.0401293, 40.0039762], [-83.0401541, 40.004021], [-83.0402037, 40.0043585], [-83.0401913, 40.0044113]]]}, "properties": {"name": "Unnamed water", "tier": "HIDDEN GEM", "score": 85, "wtype": "pond", "acres": 0.67, "access": "PUBLIC", "owner": "STATE OF OHIO", "owner_addr": "2121 KENNY RD", "species": ["Largemouth bass", "Bluegill", "Black crappie", "Channel catfish"], "bass": "PRIME", "easy_access": true, "public_shore_m": 218, "nearest_park_m": 94, "osm_id": 749239096, "lat": 40.004194, "lon": -83.03983}}, {"type": "Feature", "geometry": {"type": "Polygon", "coordinates": [[[-82.8082842, 40.0016816], [-82.8085765, 40.0020329], [-82.8086007, 40.0021048], [-82.8085658, 40.0021726], [-82.8084692, 40.0021911], [-82.8082927, 40.0020884], [-82.8081849, 40.0020764], [-82.8081267, 40.0020416], [-82.8080222, 40.0019262], [-82.8079425, 40.0018506], [-82.80774, 40.0017087], [-82.8075474, 40.0015952], [-82.8074543, 40.0014797], [-82.8073066, 40.0013642], [-82.8071261, 40.0012473], [-82.8070929, 40.0010602], [-82.807059, 40.0009572], [-82.8069829, 40.0009016], [-82.8069377, 40.0006974], [-82.8070128, 40.0005412], [-82.8071308, 40.0005166], [-82.8072006, 40.0005412], [-82.8072596, 40.0006645], [-82.8073239, 40.0009912], [-82.8073883, 40.0010816], [-82.8075331, 40.0012049], [-82.807686, 40.0014022], [-82.8077906, 40.0015008], [-82.8078577, 40.0014946], [-82.8080937, 40.001396], [-82.8081554, 40.001398], [-82.8082842, 40.0016816]]]}, "properties": {"name": "Unnamed water", "tier": "HIDDEN GEM", "score": 85, "wtype": "pond", "acres": 1.58, "access": "PUBLIC", "owner": "JEFFERSON TOWNSHIP BOARD OF TRUSTEES", "owner_addr": "860 REYN-NEW ALBANY RD", "species": ["Largemouth bass", "Bluegill", "Black crappie", "Channel catfish"], "bass": "PRIME", "easy_access": true, "public_shore_m": 518, "nearest_park_m": 82, "osm_id": 774627562, "lat": 40.001432, "lon": -82.80772}}, {"type": "Feature", "geometry": {"type": "Polygon", "coordinates": [[[-83.0354171, 40.0040314], [-83.0354655, 40.0040168], [-83.0354836, 40.0039952], [-83.0354904, 40.0039535], [-83.0354819, 40.0038641], [-83.0354389, 40.0037431], [-83.0353847, 40.0037002], [-83.0353298, 40.003681], [-83.0352407, 40.0036623], [-83.035136, 40.0036741], [-83.0350388, 40.0037199], [-83.034957, 40.0037779], [-83.0349268, 40.0038507], [-83.0349238, 40.0039041], [-83.0349432, 40.0039421], [-83.0349694, 40.0039711], [-83.035039, 40.0040148], [-83.0354171, 40.0040314]]]}, "properties": {"name": "Unnamed water", "tier": "HIDDEN GEM", "score": 85, "wtype": "pond", "acres": 0.39, "access": "PUBLIC", "owner": "STATE OF OHIO", "owner_addr": "2121 KENNY RD", "species": ["Largemouth bass", "Bluegill"], "bass": "GOOD", "easy_access": true, "public_shore_m": 147, "nearest_park_m": 117, "osm_id": 888310793, "lat": 40.00386, "lon": -83.035217}}, {"type": "Feature", "geometry": {"type": "Polygon", "coordinates": [[[-83.0370903, 40.0051202], [-83.0371349, 40.0050652], [-83.0371368, 40.0049844], [-83.0371223, 40.0049459], [-83.0370638, 40.0049008], [-83.0364953, 40.0048697], [-83.0364311, 40.0049074], [-83.0364012, 40.0049557], [-83.0364029, 40.005017], [-83.0364464, 40.0050907], [-83.0364695, 40.0051139], [-83.0364803, 40.0051364], [-83.03701, 40.0051395], [-83.0370903, 40.0051202]]]}, "properties": {"name": "Unnamed water", "tier": "HIDDEN GEM", "score": 85, "wtype": "pond", "acres": 0.41, "access": "PUBLIC", "owner": "STATE OF OHIO", "owner_addr": "2121 KENNY RD", "species": ["Largemouth bass", "Bluegill"], "bass": "GOOD", "easy_access": true, "public_shore_m": 163, "nearest_park_m": 79, "osm_id": 888310794, "lat": 40.00501, "lon": -83.036765}}, {"type": "Feature", "geometry": {"type": "Polygon", "coordinates": [[[-83.1101447, 39.8870738], [-83.1099114, 39.88707], [-83.109776, 39.8870495], [-83.1096642, 39.887029], [-83.1094922, 39.8870298], [-83.1093014, 39.8870533], [-83.1092253, 39.8870541], [-83.1091462, 39.8870389], [-83.109077, 39.8870184], [-83.1089871, 39.8869873], [-83.1089327, 39.886963], [-83.1088862, 39.8869137], [-83.1088398, 39.8868417], [-83.1088427, 39.8867651], [-83.1088566, 39.8867142], [-83.1088902, 39.8866755], [-83.1089268, 39.8866361], [-83.1089693, 39.8866088], [-83.108991, 39.8865974], [-83.1090227, 39.8865891], [-83.1090751, 39.8865868], [-83.1091265, 39.8865921], [-83.1091878, 39.8866088], [-83.1092659, 39.8866391], [-83.1093281, 39.8866649], [-83.1094922, 39.8867552], [-83.1095881, 39.8868045], [-83.109683, 39.8868151], [-83.109774, 39.8868045], [-83.1098511, 39.8867848], [-83.1099015, 39.8867446], [-83.1099262, 39.8867059], [-83.1099381, 39.8866596], [-83.1099252, 39.8866224], [-83.1099114, 39.886564], [-83.1098738, 39.886517], [-83.1098461, 39.8864791], [-83.1098471, 39.886451], [-83.10986, 39.8863918], [-83.1098896, 39.8863562], [-83.109944, 39.8863221], [-83.1099697, 39.8863099], [-83.1100251, 39.8862978], [-83.1101052, 39.8862856], [-83.1101694, 39.8862925], [-83.1102525, 39.8863061], [-83.1103187, 39.8863365], [-83.1103632, 39.8863653], [-83.1103899, 39.8863941], [-83.1104205, 39.8864366], [-83.1104373, 39.8864836], [-83.1104512, 39.8865352], [-83.1104531, 39.8865747], [-83.110374, 39.8868227], [-83.1103315, 39.8869524], [-83.110288, 39.8870222], [-83.1102218, 39.8870556], [-83.1101447, 39.8870738]]]}, "properties": {"name": "Unnamed water", "tier": "HIDDEN GEM", "score": 85, "wtype": "pond", "acres": 1.66, "access": "PUBLIC", "owner": "CITY OF GROVE CITY", "owner_addr": "3005 DEMOREST RD", "species": ["Largemouth bass", "Bluegill", "Black crappie", "Channel catfish"], "bass": "PRIME", "easy_access": true, "public_shore_m": 423, "nearest_park_m": 93, "osm_id": 956173314, "lat": 39.886758, "lon": -83.109754}}, {"type": "Feature", "geometry": {"type": "Polygon", "coordinates": [[[-82.8728249, 39.8528858], [-82.872873, 39.8528815], [-82.8729509, 39.8528703], [-82.8730312, 39.8528566], [-82.8730734, 39.8528466], [-82.8730996, 39.8528321], [-82.8730951, 39.8528034], [-82.8730631, 39.8527958], [-82.8730343, 39.8527898], [-82.8730035, 39.8527852], [-82.8729625, 39.8527832], [-82.872908, 39.8527637], [-82.8728266, 39.8527311], [-82.8727337, 39.8526906], [-82.8726741, 39.8526674], [-82.8725984, 39.8526228], [-82.8725396, 39.8525893], [-82.8724681, 39.8525495], [-82.8724085, 39.8525098], [-82.8723845, 39.852496], [-82.8723582, 39.8524738], [-82.8723152, 39.8524456], [-82.8723063, 39.8524409], [-82.8723014, 39.8524339], [-82.8722957, 39.8524086], [-82.8722851, 39.8523948], [-82.8722877, 39.8523861], [-82.8722958, 39.8523793], [-82.8723019, 39.8523699], [-82.8722953, 39.8523536], [-82.8722789, 39.852352], [-82.8722681, 39.8523735], [-82.8722538, 39.8524], [-82.8722377, 39.8524287], [-82.8722192, 39.852435], [-82.8722039, 39.8524362], [-82.8721642, 39.8524531], [-82.8720713, 39.8524793], [-82.8719908, 39.8524986], [-82.8718998, 39.8525114], [-82.871882, 39.8525105], [-82.8718688, 39.8525141], [-82.8718474, 39.8525205], [-82.8717742, 39.8525306], [-82.8715199, 39.8525835], [-82.8714795, 39.8525842], [-82.8714156, 39.8525708], [-82.8713948, 39.8525603], [-82.871372, 39.8525422], [-82.8713505, 39.8525176], [-82.8713247, 39.8525014], [-82.8713086, 39.8524835], [-82.8713015, 39.8524823], [-82.8712962, 39.8524855], [-82.8712935, 39.8524917], [-82.8712993, 39.852502], [-82.8713105, 39.8525097], [-82.8713245, 39.8525358], [-82.8713418, 39.8525562], [-82.8713713, 39.8525879], [-82.8713784, 39.8526122], [-82.8713995, 39.8526397], [-82.8714125, 39.8526765], [-82.8714233, 39.8526951], [-82.8714354, 39.8527147], [-82.8714635, 39.8527936], [-82.8714697, 39.8528251], [-82.8714787, 39.8528777], [-82.8715004, 39.8529264], [-82.8715342, 39.8529642], [-82.8715686, 39.8529973], [-82.871618, 39.8530241], [-82.8716986, 39.8530483], [-82.8718039, 39.8530343], [-82.871863, 39.8530206], [-82.8719487, 39.8530102], [-82.8720729, 39.8529816], [-82.8721703, 39.8529689], [-82.8723026, 39.8529498], [-82.8723895, 39.8529354], [-82.8724938, 39.852919], [-82.8726053, 39.8529097], [-82.8726674, 39.8529038], [-82.8727411, 39.8528941], [-82.8728249, 39.8528858]]]}, "properties": {"name": "Unnamed water", "tier": "HIDDEN GEM", "score": 85, "wtype": "pond", "acres": 1.44, "access": "PUBLIC", "owner": "VILLAGE OF GROVEPORT OHIO", "owner_addr": "7330 - 7400 GROVEPORT RD", "species": ["Largemouth bass", "Bluegill", "Black crappie", "Channel catfish"], "bass": "PRIME", "easy_access": true, "public_shore_m": 390, "nearest_park_m": 71, "osm_id": 977441447, "lat": 39.852748, "lon": -82.872102}}, {"type": "Feature", "geometry": {"type": "Polygon", "coordinates": [[[-82.8791744, 39.866928], [-82.8793039, 39.8670018], [-82.8793778, 39.8670444], [-82.879437, 39.8670757], [-82.879474, 39.8671183], [-82.879548, 39.8672773], [-82.8795628, 39.867425], [-82.8796035, 39.8675925], [-82.879812, 39.8677994], [-82.8799758, 39.8679445], [-82.8802133, 39.8681014], [-82.8802218, 39.8682669], [-82.8803105, 39.8683934], [-82.8805458, 39.8685601], [-82.8806897, 39.8686375], [-82.8809632, 39.8686485], [-82.8811432, 39.8685767], [-82.8813663, 39.8685933], [-82.8816398, 39.8686485], [-82.8818629, 39.8686651], [-82.881942, 39.8686375], [-82.8819564, 39.8685381], [-82.8819061, 39.8684386], [-82.8818773, 39.8681459], [-82.8818989, 39.8679249], [-82.8818845, 39.8678034], [-82.8818197, 39.8677205], [-82.8816542, 39.8677039], [-82.8813951, 39.8677039], [-82.8812583, 39.8677537], [-82.8811576, 39.867715], [-82.8811648, 39.8675935], [-82.8813807, 39.867494], [-82.8815174, 39.8672896], [-82.8816398, 39.8671018], [-82.881683, 39.8666875], [-82.8818125, 39.8665439], [-82.8820356, 39.8664058], [-82.8820431, 39.8662361], [-82.8819492, 39.8660854], [-82.8818341, 39.8660633], [-82.8817117, 39.8660301], [-82.8815246, 39.865986], [-82.8812079, 39.8659804], [-82.8807545, 39.866229], [-82.8805962, 39.8663616], [-82.8805026, 39.8665273], [-82.8803299, 39.8666323], [-82.8802219, 39.8666323], [-82.8801104, 39.8665789], [-82.8800471, 39.8665181], [-82.8800564, 39.866334], [-82.8799988, 39.8662401], [-82.8798189, 39.866229], [-82.8795814, 39.8662124], [-82.8792719, 39.8662124], [-82.8791208, 39.8663174], [-82.879128, 39.8664334], [-82.8791855, 39.8665384], [-82.8791568, 39.8667096], [-82.8791064, 39.8667869], [-82.8791744, 39.866928]]]}, "properties": {"name": "Unnamed water", "tier": "HIDDEN GEM", "score": 85, "wtype": "pond", "acres": 11.73, "access": "PUBLIC", "owner": "VILLAGE OF GROVEPORT", "owner_addr": "BIXBY RD", "species": ["Largemouth bass", "Bluegill", "Black crappie", "Channel catfish"], "bass": "PRIME", "easy_access": true, "public_shore_m": 1111, "nearest_park_m": 209, "osm_id": 997755580, "lat": 39.867268, "lon": -82.880707}}, {"type": "Feature", "geometry": {"type": "Polygon", "coordinates": [[[-82.8852464, 39.8471716], [-82.8852414, 39.8471759], [-82.8852362, 39.8471805], [-82.8852318, 39.847186], [-82.8852293, 39.8471935], [-82.8852259, 39.847201], [-82.8852217, 39.8472075], [-82.8852186, 39.8472135], [-82.885215, 39.8472209], [-82.8852115, 39.8472248], [-82.8852079, 39.8472287], [-82.8852041, 39.847235], [-82.8852007, 39.8472416], [-82.8851923, 39.8472532], [-82.885184, 39.847262], [-82.8851697, 39.8472674], [-82.8851587, 39.8472732], [-82.8851476, 39.8472793], [-82.8851411, 39.8472856], [-82.8851369, 39.847292], [-82.8851333, 39.8472991], [-82.8851291, 39.8473061], [-82.8851239, 39.8473149], [-82.885119, 39.8473207], [-82.8851128, 39.8473255], [-82.8851089, 39.8473331], [-82.8851045, 39.8473422], [-82.8850985, 39.8473504], [-82.8850953, 39.847358], [-82.8850959, 39.8473662], [-82.8850951, 39.8473747], [-82.8850929, 39.8473824], [-82.88509, 39.8473931], [-82.8850867, 39.8474019], [-82.8850789, 39.8474134], [-82.885074, 39.8474237], [-82.8850706, 39.8474307], [-82.8850682, 39.8474377], [-82.8850648, 39.8474455], [-82.8850632, 39.8474509], [-82.8850599, 39.8474582], [-82.8850586, 39.8474636], [-82.885057, 39.8474697], [-82.8850531, 39.847478], [-82.8850473, 39.8474882], [-82.8850436, 39.8474955], [-82.8850402, 39.8475004], [-82.8850372, 39.8475083], [-82.885035, 39.8475137], [-82.885034, 39.8475228], [-82.8850324, 39.8475309], [-82.8850321, 39.847539], [-82.8850315, 39.8475526], [-82.8850304, 39.847563], [-82.8850293, 39.8475721], [-82.8850284, 39.8475801], [-82.8850263, 39.8475863], [-82.8850187, 39.8475951], [-82.8850114, 39.8476011], [-82.8850042, 39.8476096], [-82.8849985, 39.8476158], [-82.8849938, 39.8476221], [-82.8849879, 39.8476285], [-82.8849839, 39.8476336], [-82.8849796, 39.8476416], [-82.884976, 39.847646], [-82.8849728, 39.8476513], [-82.8849707, 39.8476558], [-82.8849659, 39.847663], [-82.8849651, 39.8476708], [-82.8849641, 39.8476805], [-82.8849647, 39.8476863], [-82.8849656, 39.8476927], [-82.8849665, 39.8476992], [-82.8849701, 39.8477041], [-82.8849739, 39.8477102], [-82.8849798, 39.8477177], [-82.8849832, 39.8477223], [-82.884987, 39.8477272], [-82.8849881, 39.8477343], [-82.8849899, 39.8477451], [-82.8849919, 39.8477552], [-82.8849977, 39.8477637], [-82.8850043, 39.8477712], [-82.8850088, 39.8477794], [-82.8850127, 39.8477859], [-82.8850218, 39.8477954], [-82.8850249, 39.8478027], [-82.8850326, 39.8478139], [-82.8850379, 39.8478253], [-82.8850396, 39.8478292], [-82.8850406, 39.8478333], [-82.8850462, 39.8478384], [-82.8850511, 39.8478406], [-82.8850533, 39.8478439], [-82.8850535, 39.847848], [-82.8850575, 39.8478575], [-82.8850689, 39.8478657], [-82.8850831, 39.8478718], [-82.8851005, 39.8478766], [-82.8851214, 39.8478858], [-82.8851467, 39.8478921], [-82.8851667, 39.8478993], [-82.8851968, 39.8479045], [-82.8852219, 39.8479071], [-82.8852589, 39.8479105], [-82.8853044, 39.8479083], [-82.8853422, 39.847911], [-82.8853754, 39.8479128], [-82.8854036, 39.8479113], [-82.8854299, 39.8479166], [-82.8854522, 39.8479222], [-82.8854801, 39.8479336], [-82.8854961, 39.8479425], [-82.88553, 39.8479495], [-82.8855626, 39.8479547], [-82.8855872, 39.8479615], [-82.8856167, 39.8479675], [-82.8856372, 39.8479682], [-82.8856705, 39.8479685], [-82.8856895, 39.8479711], [-82.8857086, 39.8479746], [-82.8857369, 39.8479808], [-82.8857678, 39.8479857], [-82.8857989, 39.8479804], [-82.8858249, 39.8479776], [-82.8858485, 39.8479728], [-82.8858632, 39.8479688], [-82.8858812, 39.8479718], [-82.8858963, 39.8479729], [-82.8859155, 39.8479731], [-82.8859377, 39.8479724], [-82.8859551, 39.8479736], [-82.8859799, 39.8479766], [-82.8859974, 39.84798], [-82.886026, 39.8479839], [-82.8860514, 39.8479846], [-82.8860716, 39.8479865], [-82.8860857, 39.8479846], [-82.8861031, 39.8479849], [-82.886112, 39.8479855], [-82.8861222, 39.8479855], [-82.8861326, 39.8479858], [-82.8861423, 39.8479855], [-82.8861525, 39.8479855], [-82.8861654, 39.84798], [-82.88618, 39.8479784], [-82.8861917, 39.8479789], [-82.8862058, 39.8479832], [-82.8862245, 39.8479878], [-82.8862371, 39.8479886], [-82.8862518, 39.8479906], [-82.8862662, 39.8479914], [-82.886279, 39.8479937], [-82.8862926, 39.8479952], [-82.8863008, 39.847996], [-82.8863124, 39.8479953], [-82.8863251, 39.8479945], [-82.8863354, 39.8479941], [-82.8863437, 39.8479927], [-82.8863546, 39.8479916], [-82.886367, 39.8479888], [-82.8863786, 39.8479868], [-82.8863905, 39.8479816], [-82.8863988, 39.8479768], [-82.8864045, 39.8479732], [-82.8864082, 39.8479669], [-82.8864056, 39.8479616], [-82.8863974, 39.8479562], [-82.8863891, 39.8479528], [-82.8863844, 39.8479485], [-82.886382, 39.8479438], [-82.886386, 39.8479364], [-82.8863938, 39.8479318], [-82.8864016, 39.8479272], [-82.8864099, 39.8479219], [-82.8864179, 39.8479192], [-82.8864269, 39.8479185], [-82.8864345, 39.8479209], [-82.8864424, 39.8479243], [-82.8864543, 39.8479258], [-82.8864615, 39.8479242], [-82.8864661, 39.8479206], [-82.8864681, 39.8479103], [-82.8864701, 39.8478996], [-82.8864727, 39.8478838], [-82.8864748, 39.847867], [-82.886473, 39.8478526], [-82.8864687, 39.8478391], [-82.8864644, 39.8478315], [-82.8864579, 39.8478244], [-82.8864484, 39.8478143], [-82.8864451, 39.8478003], [-82.8864493, 39.847791], [-82.8864613, 39.8477848], [-82.8864729, 39.8477776], [-82.8864822, 39.8477685], [-82.8864897, 39.8477584], [-82.8864944, 39.8477528], [-82.886498, 39.8477416], [-82.8865046, 39.8477339], [-82.8865107, 39.8477253], [-82.8865202, 39.8477188], [-82.886533, 39.8477115], [-82.8865472, 39.8477035], [-82.8865505, 39.847695], [-82.8865534, 39.8476827], [-82.8865511, 39.8476719], [-82.8865494, 39.8476648], [-82.8865482, 39.847658], [-82.8865454, 39.8476484], [-82.8865428, 39.8476381], [-82.8865411, 39.8476285], [-82.8865335, 39.8476174], [-82.8865266, 39.8476106], [-82.886521, 39.8476009], [-82.8865156, 39.8475955], [-82.8865075, 39.8475885], [-82.8864998, 39.8475853], [-82.8864939, 39.8475862], [-82.8864868, 39.8475857], [-82.8864784, 39.8475815], [-82.8864724, 39.8475765], [-82.8864678, 39.8475708], [-82.8864646, 39.8475644], [-82.8864583, 39.8475601], [-82.8864501, 39.847557], [-82.8864439, 39.8475532], [-82.8864454, 39.8475456], [-82.88645, 39.847542], [-82.8864552, 39.8475392], [-82.8864549, 39.8475343], [-82.8864469, 39.847528], [-82.8864373, 39.8475221], [-82.886425, 39.8475145], [-82.8864092, 39.8475046], [-82.8863936, 39.8474946], [-82.886377, 39.8474844], [-82.8863675, 39.8474759], [-82.8863547, 39.847468], [-82.8863413, 39.8474597], [-82.8863259, 39.8474502], [-82.8863129, 39.8474404], [-82.8862955, 39.8474299], [-82.8862739, 39.8474191], [-82.8862616, 39.847413], [-82.8862526, 39.8474073], [-82.8862336, 39.8473972], [-82.8862055, 39.8473871], [-82.8861907, 39.8473813], [-82.8861818, 39.8473751], [-82.8861659, 39.8473634], [-82.8861508, 39.847351], [-82.8861343, 39.8473437], [-82.8861138, 39.8473338], [-82.8860986, 39.8473233], [-82.886079, 39.8473121], [-82.8860619, 39.8473023], [-82.8860436, 39.8472911], [-82.8860301, 39.8472815], [-82.8860097, 39.8472696], [-82.8859915, 39.8472581], [-82.8859672, 39.8472409], [-82.8859455, 39.8472252], [-82.8859292, 39.8472124], [-82.8859089, 39.8472002], [-82.8858899, 39.8471876], [-82.8858689, 39.8471759], [-82.8858528, 39.8471679], [-82.8858299, 39.8471562], [-82.8858153, 39.8471478], [-82.8857899, 39.8471347], [-82.885772, 39.8471223], [-82.8857601, 39.8471154], [-82.8857465, 39.8471073], [-82.8857417, 39.847102], [-82.8857406, 39.8470966], [-82.8857367, 39.8470908], [-82.8857265, 39.8470849], [-82.8857161, 39.847079], [-82.8857055, 39.8470729], [-82.8856948, 39.8470674], [-82.8856893, 39.8470618], [-82.8856808, 39.8470569], [-82.8856727, 39.8470545], [-82.8856677, 39.8470559], [-82.8856617, 39.847056], [-82.8856524, 39.847053], [-82.8856461, 39.8470497], [-82.8856403, 39.8470473], [-82.8856365, 39.8470463], [-82.8856352, 39.8470441], [-82.8856357, 39.8470422], [-82.8856371, 39.8470405], [-82.8856372, 39.8470384], [-82.885637, 39.8470359], [-82.8856366, 39.8470328], [-82.8856326, 39.8470302], [-82.885628, 39.8470279], [-82.8856233, 39.8470263], [-82.8856214, 39.8470226], [-82.8856173, 39.8470193], [-82.8856076, 39.8470171], [-82.8855979, 39.847014], [-82.8855903, 39.8470122], [-82.8855804, 39.8470109], [-82.8855688, 39.8470086], [-82.8855563, 39.8470088], [-82.885544, 39.8470079], [-82.8855305, 39.8470066], [-82.8855151, 39.8470049], [-82.8854987, 39.8470021], [-82.8854854, 39.847003], [-82.8854772, 39.8470005], [-82.8854702, 39.8469975], [-82.8854607, 39.8469951], [-82.8854523, 39.8469972], [-82.8854457, 39.8470009], [-82.885438, 39.847006], [-82.8854337, 39.8470107], [-82.8854281, 39.8470173], [-82.8854234, 39.8470247], [-82.8854177, 39.8470314], [-82.8854103, 39.8470346], [-82.8854032, 39.8470356], [-82.8853981, 39.8470361], [-82.8853917, 39.847037], [-82.8853857, 39.847041], [-82.8853759, 39.8470469], [-82.885365, 39.8470542], [-82.8853556, 39.847062], [-82.8853445, 39.8470703], [-82.8853362, 39.8470764], [-82.8853301, 39.8470807], [-82.8853245, 39.8470864], [-82.8853206, 39.8470906], [-82.8853184, 39.8470932], [-82.8853164, 39.8470965], [-82.8853135, 39.8471006], [-82.8853117, 39.8471043], [-82.885309, 39.8471116], [-82.8853059, 39.8471167], [-82.8853017, 39.8471197], [-82.8852972, 39.8471237], [-82.8852986, 39.8471262], [-82.8852986, 39.8471285], [-82.8853004, 39.8471313], [-82.8853011, 39.8471345], [-82.8853001, 39.8471372], [-82.8852966, 39.8471416], [-82.8852913, 39.8471443], [-82.8852853, 39.8471459], [-82.885281, 39.8471474], [-82.8852743, 39.8471482], [-82.8852702, 39.8471494], [-82.8852669, 39.8471516], [-82.8852651, 39.847155], [-82.8852608, 39.847161], [-82.885256, 39.8471657], [-82.885252, 39.8471678], [-82.8852464, 39.8471716]]]}, "properties": {"name": "Palm's Pond", "tier": "HIDDEN GEM", "score": 85, "wtype": "pond", "acres": 2.48, "access": "PUBLIC", "owner": "VILLAGE OF GROVEPORT", "owner_addr": "4216 ROHR RD", "species": ["Largemouth bass", "Bluegill", "Black crappie", "Channel catfish"], "bass": "PRIME", "easy_access": true, "public_shore_m": 405, "nearest_park_m": 169, "osm_id": 998441953, "lat": 39.847573, "lon": -82.885719}}, {"type": "Feature", "geometry": {"type": "Polygon", "coordinates": [[[-82.9410241, 39.8824369], [-82.9410695, 39.8824692], [-82.9411116, 39.8825388], [-82.9411407, 39.8826134], [-82.9410857, 39.8829389], [-82.9410921, 39.8829911], [-82.9411116, 39.8830557], [-82.9411342, 39.8830905], [-82.9412184, 39.8831129], [-82.9412346, 39.8831353], [-82.9412282, 39.8832198], [-82.9412282, 39.8833589], [-82.9412087, 39.8834981], [-82.9411958, 39.8837292], [-82.941212, 39.883856], [-82.9412735, 39.8839877], [-82.9412541, 39.8840424], [-82.9411958, 39.8840697], [-82.9411051, 39.8840821], [-82.9408039, 39.8840598], [-82.9406452, 39.8840473], [-82.940493, 39.8840051], [-82.9403861, 39.883943], [-82.9403148, 39.8838709], [-82.9402767, 39.8838464], [-82.9402371, 39.883846], [-82.9400881, 39.8838709], [-82.9399813, 39.8838709], [-82.9398906, 39.8838411], [-82.9397869, 39.8837814], [-82.9396995, 39.8837466], [-82.9396218, 39.8837441], [-82.9395084, 39.883774], [-82.9393918, 39.8837864], [-82.939272, 39.883774], [-82.9391845, 39.8837317], [-82.9391003, 39.8836522], [-82.9390906, 39.8835801], [-82.9391133, 39.8835031], [-82.9391554, 39.883431], [-82.9392234, 39.8833937], [-82.9392914, 39.8833738], [-82.939408, 39.8833515], [-82.9395732, 39.8833838], [-82.939693, 39.8833987], [-82.9398776, 39.8833888], [-82.9400719, 39.8834186], [-82.9402306, 39.8834285], [-82.9403148, 39.883431], [-82.9403991, 39.8834235], [-82.9404865, 39.8833838], [-82.9406063, 39.8833192], [-82.9406646, 39.8832546], [-82.9407035, 39.8831129], [-82.9407521, 39.8829886], [-82.9407715, 39.8829041], [-82.9407618, 39.8828345], [-82.9407262, 39.8827202], [-82.9407035, 39.8826158], [-82.9407553, 39.8825189], [-82.9408104, 39.8824593], [-82.9408654, 39.8824319], [-82.9409529, 39.8824245], [-82.9410241, 39.8824369]]]}, "properties": {"name": "Unnamed water", "tier": "HIDDEN GEM", "score": 85, "wtype": "pond", "acres": 3.46, "access": "PUBLIC", "owner": "VILLAGE OF OBETZ", "owner_addr": "2050 RECREATION TR", "species": ["Largemouth bass", "Bluegill", "Black crappie", "Channel catfish"], "bass": "PRIME", "easy_access": true, "public_shore_m": 669, "nearest_park_m": 63, "osm_id": 1011320654, "lat": 39.883472, "lon": -82.940483}}, {"type": "Feature", "geometry": {"type": "Polygon", "coordinates": [[[-83.0378962, 39.8354611], [-83.03789, 39.8355368], [-83.0378746, 39.8356646], [-83.0378531, 39.8358184], [-83.0378346, 39.835965], [-83.0378069, 39.8360668], [-83.037776, 39.8361709], [-83.0377514, 39.8362631], [-83.0377113, 39.8363909], [-83.0376867, 39.8364903], [-83.0376929, 39.8365447], [-83.0377298, 39.8365565], [-83.0378099, 39.8365802], [-83.0378562, 39.8365873], [-83.0379054, 39.8366015], [-83.0379393, 39.8366109], [-83.0379825, 39.8366133], [-83.0380225, 39.8366133], [-83.0380687, 39.8365967], [-83.0381057, 39.836592], [-83.0381643, 39.8365849], [-83.0382228, 39.836566], [-83.0382659, 39.8365612], [-83.0383399, 39.8365376], [-83.0383799, 39.8365116], [-83.0384138, 39.8364737], [-83.0384385, 39.83645], [-83.0384446, 39.8364264], [-83.0384539, 39.836398], [-83.0384724, 39.8363601], [-83.0384724, 39.8363057], [-83.0384754, 39.836256], [-83.0384816, 39.8361922], [-83.0384816, 39.8361306], [-83.0384816, 39.8360739], [-83.0384754, 39.8360124], [-83.038497, 39.8359154], [-83.038497, 39.835842], [-83.0385093, 39.8357829], [-83.0385032, 39.835674], [-83.0385124, 39.8355676], [-83.0385186, 39.8354682], [-83.0385371, 39.8353688], [-83.0384908, 39.8353097], [-83.0384385, 39.8352813], [-83.0383768, 39.8352624], [-83.0383183, 39.8353026], [-83.0382382, 39.8353452], [-83.0381704, 39.8353807], [-83.0380503, 39.8354162], [-83.0379578, 39.8354445], [-83.0378962, 39.8354611]]]}, "properties": {"name": "Mitchington Pond", "tier": "HIDDEN GEM", "score": 85, "wtype": "pond", "acres": 1.92, "access": "PUBLIC", "owner": "CITY OF GROVE CITY OHIO", "owner_addr": "WILLOW ASTER GLN", "species": ["Largemouth bass", "Bluegill", "Black crappie", "Channel catfish"], "bass": "PRIME", "easy_access": true, "public_shore_m": 312, "nearest_park_m": 214, "osm_id": 1107583105, "lat": 39.835987, "lon": -83.038151}}, {"type": "Feature", "geometry": {"type": "Polygon", "coordinates": [[[-82.9882237, 39.994485], [-82.9882528, 39.9945003], [-82.9883078, 39.9945165], [-82.9884583, 39.9945469], [-82.9886028, 39.9945822], [-82.9886367, 39.9945985], [-82.9886986, 39.9946534], [-82.9887199, 39.9946702], [-82.9887481, 39.9946829], [-82.9887741, 39.9946844], [-82.9888006, 39.9946784], [-82.9888104, 39.9946677], [-82.9888218, 39.9946512], [-82.9888303, 39.9946081], [-82.9888337, 39.9945524], [-82.9888284, 39.9944976], [-82.9888094, 39.9944534], [-82.9887769, 39.9944127], [-82.9887118, 39.9943559], [-82.9886548, 39.9943362], [-82.988533, 39.9943156], [-82.9884068, 39.9943066], [-82.9883107, 39.994303], [-82.9882247, 39.9943019], [-82.9881158, 39.9943006], [-82.988034, 39.9943116], [-82.9879779, 39.9943194], [-82.9879715, 39.9943339], [-82.9879723, 39.9943526], [-82.9879786, 39.9943773], [-82.9879849, 39.9944015], [-82.9880125, 39.9944221], [-82.9880442, 39.9944376], [-82.9881261, 39.9944608], [-82.9881601, 39.9944737], [-82.9882054, 39.9944802], [-82.9882237, 39.994485]]]}, "properties": {"name": "ODNR Youth Fishing Pond", "tier": "HIDDEN GEM", "score": 85, "wtype": "pond", "acres": 0.43, "access": "PUBLIC", "owner": "STATE OF OHIO OEC", "owner_addr": "2180 HIAWATHA PARK DR", "species": ["Largemouth bass", "Bluegill"], "bass": "GOOD", "easy_access": true, "public_shore_m": 191, "nearest_park_m": 240, "osm_id": 1205526005, "lat": 39.994445, "lon": -82.988459}}, {"type": "Feature", "geometry": {"type": "Polygon", "coordinates": [[[-82.9951409, 40.0066431], [-82.9951134, 40.0065841], [-82.9950465, 40.0065553], [-82.9949583, 40.0065387], [-82.9938539, 40.0065163], [-82.9937951, 40.0065318], [-82.9937509, 40.0065639], [-82.993734, 40.0066084], [-82.9936771, 40.0073958], [-82.9936947, 40.007458], [-82.9937687, 40.0074952], [-82.9938449, 40.0075275], [-82.9939283, 40.0075384], [-82.9950101, 40.0075758], [-82.9950798, 40.007553], [-82.995129, 40.0075141], [-82.9951701, 40.0074699], [-82.9951901, 40.0074126], [-82.9951409, 40.0066431]]]}, "properties": {"name": "Unnamed water", "tier": "HIDDEN GEM", "score": 85, "wtype": "pond", "acres": 3.46, "access": "PUBLIC", "owner": "STATE OF OHIO OEC", "owner_addr": "2180 HIAWATHA PARK DR", "species": ["Largemouth bass", "Bluegill", "Black crappie", "Channel catfish"], "bass": "PRIME", "easy_access": true, "public_shore_m": 349, "nearest_park_m": 94, "osm_id": 1208094648, "lat": 40.007047, "lon": -82.994437}}, {"type": "Feature", "geometry": {"type": "Polygon", "coordinates": [[[-82.8430608, 40.0835147], [-82.8435091, 40.0835362], [-82.8436987, 40.0835317], [-82.843868, 40.0835639], [-82.8439317, 40.083621], [-82.8439614, 40.083704], [-82.8440278, 40.0838131], [-82.8441349, 40.0838506], [-82.8443404, 40.0838935], [-82.844686, 40.0839149], [-82.8449662, 40.083922], [-82.845041, 40.0839346], [-82.8451098, 40.0839846], [-82.8451436, 40.0840721], [-82.845153, 40.0843651], [-82.8451249, 40.0847367], [-82.8450409, 40.0850868], [-82.8450064, 40.0853393], [-82.844976, 40.0855297], [-82.8449333, 40.0856454], [-82.8448582, 40.0857611], [-82.8447579, 40.0857954], [-82.844625, 40.0857862], [-82.8445202, 40.0857255], [-82.8444805, 40.0856585], [-82.8442924, 40.0855899], [-82.8440322, 40.0856017], [-82.843877, 40.0856517], [-82.8437852, 40.0856566], [-82.8436974, 40.0856209], [-82.8436492, 40.0855299], [-82.8435359, 40.0854501], [-82.8432832, 40.0854167], [-82.8430955, 40.0853211], [-82.84293, 40.085194], [-82.842706, 40.0851372], [-82.8425286, 40.0851159], [-82.8424163, 40.0850511], [-82.8423094, 40.084909], [-82.8422152, 40.0848441], [-82.8421455, 40.0847295], [-82.8421548, 40.0842508], [-82.8421914, 40.0837608], [-82.8422365, 40.083641], [-82.8423222, 40.0835554], [-82.8424194, 40.083513], [-82.8426345, 40.0834892], [-82.8430608, 40.0835147]]]}, "properties": {"name": "Unnamed water", "tier": "HIDDEN GEM", "score": 85, "wtype": "pond", "acres": 12.05, "access": "PUBLIC", "owner": "CITY OF NEW ALBANY OHIO", "owner_addr": "E DUBLIN GRANVILLE RD", "species": ["Largemouth bass", "Bluegill", "Black crappie", "Channel catfish"], "bass": "PRIME", "easy_access": false, "public_shore_m": 882, "nearest_park_m": 652, "osm_id": 1219082650, "lat": 40.084556, "lon": -82.843672}}, {"type": "Feature", "geometry": {"type": "Polygon", "coordinates": [[[-82.8454431, 39.8353328], [-82.8456684, 39.8357118], [-82.8456576, 39.836651], [-82.8451427, 39.8366592], [-82.8444667, 39.8367828], [-82.8438552, 39.8365604], [-82.8432973, 39.8364697], [-82.8431578, 39.836445], [-82.842675, 39.8359178], [-82.8418704, 39.8350115], [-82.8416021, 39.834682], [-82.8415807, 39.8344101], [-82.8415807, 39.8341629], [-82.8418596, 39.8341629], [-82.8425677, 39.8346655], [-82.8435762, 39.8350033], [-82.8438016, 39.8351104], [-82.8440054, 39.8351104], [-82.8441556, 39.8350609], [-82.8446706, 39.8350939], [-82.8454431, 39.8353328]]]}, "properties": {"name": "Unnamed water", "tier": "HIDDEN GEM", "score": 85, "wtype": "pond", "acres": 12.77, "access": "PUBLIC", "owner": "CANAL WINCHESTER LSD BOARD OF EDUCATION", "owner_addr": "7242 LITHOPOLIS RD", "species": ["Largemouth bass", "Bluegill", "Black crappie", "Channel catfish"], "bass": "PRIME", "easy_access": true, "public_shore_m": 759, "nearest_park_m": 242, "osm_id": 1310593997, "lat": 39.835648, "lon": -82.84379}}, {"type": "Feature", "geometry": {"type": "Polygon", "coordinates": [[[-83.0030564, 39.8788139], [-83.0040745, 39.8790847], [-83.0043392, 39.8791785], [-83.0045225, 39.8792436], [-83.0046413, 39.8791993], [-83.0046345, 39.8790769], [-83.0046413, 39.8789363], [-83.0047397, 39.8787748], [-83.0048347, 39.8785613], [-83.0050282, 39.8784024], [-83.0052522, 39.8783086], [-83.0054795, 39.8783217], [-83.0055813, 39.8783816], [-83.0055678, 39.8784935], [-83.0053981, 39.8785586], [-83.0052318, 39.8787227], [-83.0051198, 39.8788868], [-83.0050587, 39.8790587], [-83.0050587, 39.8791863], [-83.0052861, 39.8792618], [-83.0053743, 39.8792228], [-83.0054761, 39.8790613], [-83.0056119, 39.8788608], [-83.0059004, 39.8787722], [-83.0060225, 39.8789597], [-83.0058936, 39.8792071], [-83.0058087, 39.8793738], [-83.0057149, 39.8796377], [-83.0057784, 39.8797839], [-83.0058878, 39.8799274], [-83.006036, 39.8799707], [-83.0063253, 39.8800086], [-83.0065475, 39.8800032], [-83.0068227, 39.8798705], [-83.0069603, 39.8796052], [-83.0069568, 39.8789933], [-83.0069779, 39.8787524], [-83.0069779, 39.8786387], [-83.0069039, 39.8785845], [-83.0066675, 39.8785493], [-83.0066534, 39.8784464], [-83.0066886, 39.878284], [-83.0068368, 39.8782569], [-83.0070097, 39.8782677], [-83.0071932, 39.8782975], [-83.0072708, 39.8781676], [-83.0072919, 39.8778454], [-83.0071543, 39.8777371], [-83.0069532, 39.8777317], [-83.006791, 39.8777073], [-83.0067945, 39.8776071], [-83.0067839, 39.8774745], [-83.0066463, 39.8773905], [-83.006477, 39.8773797], [-83.006357, 39.8772741], [-83.0060289, 39.8772308], [-83.0058102, 39.8772903], [-83.0056585, 39.8773932], [-83.0053939, 39.8774311], [-83.0050411, 39.8774826], [-83.0045295, 39.8775909], [-83.0040955, 39.877775], [-83.0037957, 39.8779401], [-83.0034217, 39.8781919], [-83.0031465, 39.8785249], [-83.0030265, 39.8787361], [-83.0030564, 39.8788139]]]}, "properties": {"name": "Unnamed water", "tier": "HIDDEN GEM", "score": 85, "wtype": "pond", "acres": 14.49, "access": "PUBLIC", "owner": "BOARD OF PARK COMMISSIONERS OF THE COLUMBUS & FRANKLIN COUNTY METROPOLITAN PARK DISTRICT", "owner_addr": "S HIGH ST", "species": ["Largemouth bass", "Bluegill", "Black crappie", "Channel catfish"], "bass": "PRIME", "easy_access": false, "public_shore_m": 1466, "nearest_park_m": 632, "osm_id": 1377232115, "lat": 39.878467, "lon": -83.005474}}, {"type": "Feature", "geometry": {"type": "Polygon", "coordinates": [[[-83.027696, 40.0414601], [-83.0276779, 40.0415262], [-83.0276745, 40.0415932], [-83.0276881, 40.041634], [-83.0277187, 40.0416575], [-83.0278062, 40.0416749], [-83.027947, 40.0416671], [-83.0280435, 40.0416775], [-83.0281071, 40.0416688], [-83.0281923, 40.0416332], [-83.0282241, 40.0415923], [-83.0282445, 40.0415401], [-83.0282514, 40.0414819], [-83.02829, 40.0414323], [-83.0283513, 40.0413793], [-83.0283524, 40.0413645], [-83.0283331, 40.0413436], [-83.0282252, 40.0413228], [-83.0281253, 40.0413202], [-83.0280719, 40.0413315], [-83.0280333, 40.0413758], [-83.0280242, 40.0414428], [-83.0280379, 40.0414993], [-83.0280163, 40.0415532], [-83.0279652, 40.041594], [-83.0279016, 40.0416079], [-83.0278516, 40.0416019], [-83.0277971, 40.0415688], [-83.0277755, 40.0415271], [-83.0277687, 40.0414532], [-83.0277855, 40.0414258], [-83.0278327, 40.0414036], [-83.0278822, 40.0413833], [-83.0279075, 40.0413661], [-83.0279116, 40.0413458], [-83.0278964, 40.0413256], [-83.0278676, 40.0413077], [-83.0277773, 40.0413053], [-83.0276338, 40.0412985], [-83.027609, 40.0412994], [-83.0275986, 40.0413094], [-83.0276038, 40.0413214], [-83.0276597, 40.041363], [-83.0276939, 40.0414023], [-83.0276994, 40.0414262], [-83.027696, 40.0414601]]]}, "properties": {"name": "Unnamed water", "tier": "HIDDEN GEM", "score": 85, "wtype": "pond", "acres": 0.35, "access": "PUBLIC", "owner": "CITY OF COLUMBUS OHIO", "owner_addr": "3923 N HIGH ST", "species": ["Largemouth bass", "Bluegill"], "bass": "GOOD", "easy_access": true, "public_shore_m": 253, "nearest_park_m": 88, "osm_id": 1479099891, "lat": 40.041486, "lon": -83.027984}}, {"type": "Feature", "geometry": {"type": "Polygon", "coordinates": [[[-83.1041919, 39.8838867], [-83.1042344, 39.8839266], [-83.1042166, 39.8840243], [-83.1041878, 39.8841431], [-83.1041467, 39.8842072], [-83.1040372, 39.8842198], [-83.1038715, 39.8842219], [-83.1037715, 39.8842135], [-83.1037085, 39.8841725], [-83.1036962, 39.8840758], [-83.1036935, 39.8839865], [-83.1036907, 39.883893], [-83.1037222, 39.8838289], [-83.1038167, 39.8838152], [-83.1039783, 39.8838394], [-83.1040741, 39.8838573], [-83.1041919, 39.8838867]]]}, "properties": {"name": "Unnamed water", "tier": "HIDDEN GEM", "score": 85, "wtype": "pond", "acres": 0.44, "access": "PUBLIC", "owner": "SOUTH- WESTERN CITY SCHOOL DISTRICT BOARD OF EDUCATION", "owner_addr": "4310 GROVE CITY RD", "species": ["Largemouth bass", "Bluegill"], "bass": "GOOD", "easy_access": true, "public_shore_m": 157, "nearest_park_m": 76, "osm_id": 1536289281, "lat": 39.884024, "lon": -83.103945}}, {"type": "Feature", "geometry": {"type": "Polygon", "coordinates": [[[-83.1611229, 40.1093189], [-83.1609877, 40.1093091], [-83.1606225, 40.1092381], [-83.1605662, 40.1092092], [-83.1605549, 40.1091694], [-83.1605747, 40.1091375], [-83.1606235, 40.1091032], [-83.1608067, 40.1090525], [-83.1609632, 40.1090383], [-83.1610835, 40.1090569], [-83.1611279, 40.1090736], [-83.1612241, 40.109232], [-83.1612259, 40.109279], [-83.1611887, 40.1093047], [-83.1611229, 40.1093189]]]}, "properties": {"name": "Doc Walker's Old Pond", "tier": "HIDDEN GEM", "score": 85, "wtype": "pond", "acres": 0.31, "access": "PUBLIC", "owner": "CITY OF DUBLIN", "owner_addr": "6825 AVERY MUIRFIELD DR", "species": ["Largemouth bass", "Bluegill"], "bass": "GOOD", "easy_access": false, "public_shore_m": 143, "nearest_park_m": 522, "osm_id": 1543253547, "lat": 40.109178, "lon": -83.160915}}, {"type": "Feature", "geometry": {"type": "Polygon", "coordinates": [[[-83.1711646, 40.0996401], [-83.1711188, 40.0996697], [-83.1710435, 40.0996991], [-83.170885, 40.0996914], [-83.1707418, 40.0996662], [-83.170585, 40.0996238], [-83.1704308, 40.0995632], [-83.1702732, 40.0994703], [-83.1702479, 40.0994414], [-83.1702452, 40.0994152], [-83.1702588, 40.0993858], [-83.1702778, 40.0993701], [-83.1703059, 40.0993641], [-83.170337, 40.0993642], [-83.1703787, 40.0993759], [-83.1705109, 40.0994288], [-83.170628, 40.0994536], [-83.1707461, 40.0994552], [-83.1708552, 40.0994427], [-83.1709467, 40.0994194], [-83.1710086, 40.0994116], [-83.1710648, 40.0994163], [-83.171123, 40.0994348], [-83.1711487, 40.0994598], [-83.171195, 40.0995238], [-83.1711991, 40.0995661], [-83.171192, 40.0996038], [-83.1711646, 40.0996401]]]}, "properties": {"name": "Unnamed water", "tier": "HIDDEN GEM", "score": 85, "wtype": "pond", "acres": 0.44, "access": "PUBLIC", "owner": "STATE OF OHIO FBO THE OHIO STATE UNIVERSITY", "owner_addr": "6700 UNIVERSITY BL", "species": ["Largemouth bass", "Bluegill"], "bass": "GOOD", "easy_access": true, "public_shore_m": 197, "nearest_park_m": 77, "osm_id": 1545727137, "lat": 40.099536, "lon": -83.170775}}, {"type": "Feature", "geometry": {"type": "Polygon", "coordinates": [[[-83.0650988, 39.859973], [-83.065181, 39.8600085], [-83.0652487, 39.8600925], [-83.0653116, 39.8601747], [-83.0653625, 39.8602322], [-83.0653706, 39.8602867], [-83.0653586, 39.8603436], [-83.0653264, 39.8604086], [-83.0653037, 39.8604891], [-83.0652732, 39.8605435], [-83.0651959, 39.8605936], [-83.0651302, 39.8606042], [-83.0650619, 39.8606001], [-83.0649778, 39.8605685], [-83.0648998, 39.8605256], [-83.0648727, 39.8604725], [-83.0648754, 39.8604113], [-83.0649063, 39.8603444], [-83.0649313, 39.860235], [-83.0649222, 39.8601786], [-83.0648958, 39.8601121], [-83.0649162, 39.8600375], [-83.064955, 39.8599948], [-83.0650154, 39.8599684], [-83.0650988, 39.859973]]]}, "properties": {"name": "Unnamed water", "tier": "HIDDEN GEM", "score": 85, "wtype": "pond", "acres": 0.55, "access": "PUBLIC", "owner": "CITY OF GROVE CITY OHIO", "owner_addr": "WHITE RD", "species": ["Largemouth bass", "Bluegill", "Black crappie", "Channel catfish"], "bass": "PRIME", "easy_access": true, "public_shore_m": 184, "nearest_park_m": 57, "osm_id": 1553524266, "lat": 39.860298, "lon": -83.065108}}, {"type": "Feature", "geometry": {"type": "Polygon", "coordinates": [[[-82.9782881, 39.8314362], [-82.9787172, 39.8314626], [-82.9788288, 39.8318976], [-82.9786915, 39.8320953], [-82.9785713, 39.8320294], [-82.9785456, 39.8319108], [-82.9783138, 39.831858], [-82.9775757, 39.8318448], [-82.9775156, 39.8315812], [-82.9782881, 39.8314362]]]}, "properties": {"name": "Unnamed water", "tier": "HIDDEN GEM", "score": 80, "wtype": "pond", "acres": 1.18, "access": "PUBLIC", "owner": "CITY OF COLUMBUS OHIO", "owner_addr": "LOCKBOURNE RD", "species": ["Largemouth bass", "Bluegill", "Black crappie", "Channel catfish"], "bass": "PRIME", "easy_access": false, "public_shore_m": 319, "nearest_park_m": 1722, "osm_id": 38746389, "lat": 39.831697, "lon": -82.978243}}, {"type": "Feature", "geometry": {"type": "Polygon", "coordinates": [[[-83.1535105, 39.9986336], [-83.1536642, 39.9986263], [-83.1537792, 39.9986352], [-83.1538264, 39.9986468], [-83.1538651, 39.9986747], [-83.1538868, 39.9987095], [-83.1538879, 39.9987739], [-83.153864, 39.9988174], [-83.1537964, 39.9988653], [-83.1537026, 39.9988838], [-83.1535891, 39.9988852], [-83.1534778, 39.9988468], [-83.1534348, 39.9988174], [-83.1534089, 39.9987739], [-83.1534013, 39.998729], [-83.1534089, 39.9986818], [-83.1534456, 39.9986478], [-83.1535105, 39.9986336]]]}, "properties": {"name": "Unnamed water", "tier": "HIDDEN GEM", "score": 80, "wtype": "pond", "acres": 0.24, "access": "PUBLIC", "owner": "COLUMBUS METROPOLITAN HOUSING AUTHORITY", "owner_addr": "2347 HILLIARD & ROME DR", "species": ["Largemouth bass", "Bluegill"], "bass": "FAIR", "easy_access": false, "public_shore_m": 116, "nearest_park_m": 276, "osm_id": 44035984, "lat": 39.998751, "lon": -83.153646}}, {"type": "Feature", "geometry": {"type": "Polygon", "coordinates": [[[-83.2015284, 40.0092588], [-83.2015962, 40.0092563], [-83.2016947, 40.0092793], [-83.2017859, 40.0093697], [-83.2018073, 40.0094642], [-83.2018663, 40.0095875], [-83.2019307, 40.0096203], [-83.2020361, 40.0096466], [-83.2020863, 40.0097025], [-83.2021273, 40.0097699], [-83.2022132, 40.0097987], [-83.2024189, 40.0097847], [-83.202476, 40.0097617], [-83.2025028, 40.0097083], [-83.2025905, 40.0096655], [-83.2026495, 40.0096738], [-83.2026799, 40.0097083], [-83.2026423, 40.0097411], [-83.2024277, 40.0098356], [-83.202333, 40.0098381], [-83.2022614, 40.0098562], [-83.2022472, 40.0099203], [-83.2021828, 40.009908], [-83.2021721, 40.0098422], [-83.2021185, 40.0098176], [-83.2020576, 40.009848], [-83.2020737, 40.0097658], [-83.2020308, 40.0097083], [-83.2019897, 40.0097477], [-83.2019683, 40.0097025], [-83.2018717, 40.0096779], [-83.2017947, 40.0096179], [-83.2017733, 40.0095316], [-83.2017035, 40.0093919], [-83.2016464, 40.0093286], [-83.2015928, 40.0093081], [-83.2015337, 40.0092999], [-83.2015284, 40.0092588]]]}, "properties": {"name": "Unnamed water", "tier": "HIDDEN GEM", "score": 80, "wtype": "pond", "acres": 0.23, "access": "PUBLIC", "owner": "BOARD OF EDUCATION OF THE HILLIARD CITY SCHOOL DIST", "owner_addr": "2800 WALKER RD", "species": ["Largemouth bass", "Bluegill"], "bass": "FAIR", "easy_access": false, "public_shore_m": 308, "nearest_park_m": 256, "osm_id": 180311185, "lat": 40.009638, "lon": -83.202069}}, {"type": "Feature", "geometry": {"type": "Polygon", "coordinates": [[[-83.1981756, 40.0089506], [-83.1982239, 40.0089958], [-83.1983025, 40.0090385], [-83.1983669, 40.0090468], [-83.1984044, 40.009092], [-83.1984438, 40.0091971], [-83.1984921, 40.0092506], [-83.1984688, 40.0092892], [-83.1984009, 40.0092834], [-83.1983205, 40.0092629], [-83.19824, 40.0092177], [-83.1981898, 40.0091782], [-83.198163, 40.0091084], [-83.1981523, 40.0090098], [-83.1981756, 40.0089506]]]}, "properties": {"name": "Unnamed water", "tier": "HIDDEN GEM", "score": 80, "wtype": "pond", "acres": 0.14, "access": "PUBLIC", "owner": "BOARD OF EDUCATION OF THE HILLIARD CITY SCHOOL DIST", "owner_addr": "2800 WALKER RD", "species": ["Largemouth bass", "Bluegill"], "bass": "FAIR", "easy_access": false, "public_shore_m": 104, "nearest_park_m": 260, "osm_id": 180311186, "lat": 40.00914, "lon": -83.198305}}, {"type": "Feature", "geometry": {"type": "Polygon", "coordinates": [[[-83.199168, 40.0091766], [-83.1992431, 40.0092012], [-83.1993182, 40.0092752], [-83.1993504, 40.0093656], [-83.1994041, 40.0094108], [-83.1994684, 40.0094519], [-83.1995275, 40.009493], [-83.199565, 40.0095875], [-83.1996294, 40.0096697], [-83.1996884, 40.0096943], [-83.1997313, 40.0097436], [-83.1997938, 40.0098356], [-83.199844, 40.0098874], [-83.1998386, 40.0099449], [-83.1997367, 40.0099573], [-83.1997348, 40.0099178], [-83.1996865, 40.0098726], [-83.1996455, 40.0097683], [-83.1995757, 40.0096861], [-83.199506, 40.0096491], [-83.1994612, 40.0095932], [-83.1994397, 40.0095398], [-83.1993539, 40.0094412], [-83.1992968, 40.0094231], [-83.1992359, 40.0093262], [-83.1991983, 40.009281], [-83.1991447, 40.009244], [-83.199168, 40.0091766]]]}, "properties": {"name": "Unnamed water", "tier": "HIDDEN GEM", "score": 80, "wtype": "pond", "acres": 0.2, "access": "PUBLIC", "owner": "BOARD OF EDUCATION OF THE HILLIARD CITY SCHOOL DIST", "owner_addr": "2800 WALKER RD", "species": ["Largemouth bass", "Bluegill"], "bass": "FAIR", "easy_access": false, "public_shore_m": 221, "nearest_park_m": 296, "osm_id": 180311188, "lat": 40.009574, "lon": -83.199508}}, {"type": "Feature", "geometry": {"type": "Polygon", "coordinates": [[[-83.1983366, 40.0077303], [-83.1984044, 40.007736], [-83.1984492, 40.0077631], [-83.1984224, 40.0078248], [-83.1980576, 40.0080138], [-83.1979932, 40.0080261], [-83.1979484, 40.0080113], [-83.1979396, 40.0079645], [-83.1979664, 40.0079193], [-83.1980879, 40.0078552], [-83.1983366, 40.0077303]]]}, "properties": {"name": "Unnamed water", "tier": "HIDDEN GEM", "score": 80, "wtype": "pond", "acres": 0.15, "access": "PUBLIC", "owner": "BOARD OF EDUCATION OF THE HILLIARD CITY SCHOOL DIST", "owner_addr": "2800 WALKER RD", "species": ["Largemouth bass", "Bluegill"], "bass": "FAIR", "easy_access": true, "public_shore_m": 114, "nearest_park_m": 139, "osm_id": 180311196, "lat": 40.007876, "lon": -83.198188}}, {"type": "Feature", "geometry": {"type": "Polygon", "coordinates": [[[-83.2001336, 40.0098545], [-83.200239, 40.0098233], [-83.2002946, 40.0097724], [-83.2003858, 40.0097231], [-83.2005126, 40.0096959], [-83.2006057, 40.0096532], [-83.2007165, 40.0095891], [-83.2008149, 40.0095012], [-83.2008954, 40.0094765], [-83.2010276, 40.0094494], [-83.20111, 40.0094026], [-83.2011671, 40.0093508], [-83.2012958, 40.0092933], [-83.2013192, 40.0093492], [-83.2012548, 40.0094108], [-83.2011582, 40.0094396], [-83.2010778, 40.0095012], [-83.2009544, 40.0095382], [-83.2008345, 40.009585], [-83.2007291, 40.0096655], [-83.2006111, 40.0097066], [-83.2004448, 40.0097765], [-83.2002981, 40.0098562], [-83.2002356, 40.0098915], [-83.2001908, 40.0099096], [-83.2001336, 40.0099121], [-83.2001336, 40.0098545]]]}, "properties": {"name": "Unnamed water", "tier": "HIDDEN GEM", "score": 80, "wtype": "pond", "acres": 0.21, "access": "PUBLIC", "owner": "BOARD OF EDUCATION OF THE HILLIARD CITY SCHOOL DIST", "owner_addr": "2800 WALKER RD", "species": ["Largemouth bass", "Bluegill"], "bass": "FAIR", "easy_access": false, "public_shore_m": 254, "nearest_park_m": 287, "osm_id": 180311198, "lat": 40.009604, "lon": -83.200744}}, {"type": "Feature", "geometry": {"type": "Polygon", "coordinates": [[[-83.1503956, 40.1270004], [-83.150463, 40.1271067], [-83.1506272, 40.1272178], [-83.1507199, 40.127279], [-83.1507536, 40.1273611], [-83.1507409, 40.1274239], [-83.1507009, 40.1274448], [-83.1506083, 40.1274191], [-83.1504293, 40.1273257], [-83.1503576, 40.1272693], [-83.1503366, 40.1272033], [-83.1503345, 40.1271179], [-83.1503218, 40.1270535], [-83.1503218, 40.1270084], [-83.1503598, 40.1269859], [-83.1503956, 40.1270004]]]}, "properties": {"name": "Unnamed water", "tier": "HIDDEN GEM", "score": 80, "wtype": "pond", "acres": 0.22, "access": "PUBLIC", "owner": "CITY OF DUBLIN", "owner_addr": "CROSSBILL CT", "species": ["Largemouth bass", "Bluegill"], "bass": "FAIR", "easy_access": false, "public_shore_m": 135, "nearest_park_m": 747, "osm_id": 430651622, "lat": 40.127244, "lon": -83.150518}}, {"type": "Feature", "geometry": {"type": "Polygon", "coordinates": [[[-83.1095094, 40.1221084], [-83.1096063, 40.1220147], [-83.1096401, 40.1219165], [-83.1096215, 40.121862], [-83.1095012, 40.1218424], [-83.1093483, 40.1218326], [-83.10927, 40.1218817], [-83.1092712, 40.1219701], [-83.1092899, 40.1219959], [-83.1093763, 40.1220263], [-83.1094125, 40.122087], [-83.1094592, 40.1221209], [-83.1095094, 40.1221084]]]}, "properties": {"name": "Unnamed water", "tier": "HIDDEN GEM", "score": 80, "wtype": "pond", "acres": 0.17, "access": "PUBLIC", "owner": "CITY OF DUBLIN OHIO", "owner_addr": "4444 HARD RD", "species": ["Largemouth bass", "Bluegill"], "bass": "FAIR", "easy_access": false, "public_shore_m": 102, "nearest_park_m": 543, "osm_id": 475576601, "lat": 40.121955, "lon": -83.109457}}, {"type": "Feature", "geometry": {"type": "Polygon", "coordinates": [[[-83.1090692, 40.1220477], [-83.1091218, 40.1220156], [-83.1091416, 40.1219326], [-83.1091393, 40.1218638], [-83.1090891, 40.1218219], [-83.1090214, 40.1218183], [-83.1089466, 40.121821], [-83.1088532, 40.1218183], [-83.1088054, 40.1218263], [-83.1087318, 40.1218281], [-83.1086606, 40.1218058], [-83.1085987, 40.1218004], [-83.108545, 40.1218478], [-83.108545, 40.1218995], [-83.1085555, 40.1219442], [-83.1085929, 40.1219638], [-83.1086349, 40.1219745], [-83.1086875, 40.1219227], [-83.1087342, 40.1218906], [-83.108789, 40.1219022], [-83.1088206, 40.1219424], [-83.1088544, 40.1219968], [-83.1089537, 40.1220486], [-83.1090109, 40.1220602], [-83.1090692, 40.1220477]]]}, "properties": {"name": "Unnamed water", "tier": "HIDDEN GEM", "score": 80, "wtype": "pond", "acres": 0.22, "access": "PUBLIC", "owner": "CITY OF DUBLIN OHIO", "owner_addr": "4444 HARD RD", "species": ["Largemouth bass", "Bluegill"], "bass": "FAIR", "easy_access": false, "public_shore_m": 147, "nearest_park_m": 544, "osm_id": 475576602, "lat": 40.121911, "lon": -83.108881}}, {"type": "Feature", "geometry": {"type": "Polygon", "coordinates": [[[-83.1580009, 40.0898231], [-83.1580013, 40.0897308], [-83.1579772, 40.089661], [-83.1579611, 40.0896323], [-83.1579182, 40.0896149], [-83.1578457, 40.089619], [-83.1577894, 40.0896344], [-83.1577505, 40.0896621], [-83.157725, 40.0896959], [-83.1577224, 40.089737], [-83.1577317, 40.089817], [-83.1577626, 40.0898611], [-83.1577961, 40.0898847], [-83.1578819, 40.0898919], [-83.157941, 40.0898857], [-83.1579745, 40.0898673], [-83.1579919, 40.0898508], [-83.1580009, 40.0898231]]]}, "properties": {"name": "Unnamed water", "tier": "HIDDEN GEM", "score": 80, "wtype": "pond", "acres": 0.15, "access": "PUBLIC", "owner": "CITY OF DUBLIN OHIO", "owner_addr": "INNOVATION DR", "species": ["Largemouth bass", "Bluegill"], "bass": "FAIR", "easy_access": false, "public_shore_m": 90, "nearest_park_m": 626, "osm_id": 480956675, "lat": 40.089756, "lon": -83.157866}}, {"type": "Feature", "geometry": {"type": "Polygon", "coordinates": [[[-83.1391597, 40.1016883], [-83.1391349, 40.1016846], [-83.1391174, 40.1016781], [-83.1390831, 40.1016591], [-83.1390376, 40.1016508], [-83.1390024, 40.1016561], [-83.1389464, 40.1017023], [-83.1389071, 40.1017305], [-83.1388672, 40.10175], [-83.1388341, 40.1017568], [-83.1387933, 40.1017612], [-83.1387419, 40.1017609], [-83.1387127, 40.1017624], [-83.1386863, 40.1017706], [-83.138666, 40.1017858], [-83.1386586, 40.1017993], [-83.1386566, 40.1018228], [-83.1386553, 40.1018481], [-83.1386601, 40.1018644], [-83.1386799, 40.1018835], [-83.1386869, 40.1018952], [-83.1386858, 40.1019068], [-83.1386754, 40.101917], [-83.1386536, 40.101927], [-83.1386205, 40.1019312], [-83.138589, 40.1019245], [-83.138555, 40.101907], [-83.1385241, 40.1018822], [-83.1384811, 40.1018305], [-83.1384619, 40.1018007], [-83.1384602, 40.101771], [-83.1384667, 40.101726], [-83.1384815, 40.1017001], [-83.1385165, 40.1016737], [-83.1385626, 40.101657], [-83.1386261, 40.1016469], [-83.1387255, 40.1016396], [-83.1388124, 40.1016361], [-83.1388907, 40.1016437], [-83.1389142, 40.1016422], [-83.1389291, 40.1016387], [-83.1389425, 40.1016237], [-83.1389661, 40.1016163], [-83.138996, 40.1016155], [-83.139035, 40.101618], [-83.1391393, 40.1016051], [-83.1391882, 40.1016038], [-83.1392205, 40.1016119], [-83.1392267, 40.1016228], [-83.13923, 40.1016395], [-83.1392242, 40.1016568], [-83.1392102, 40.1016717], [-83.1391884, 40.1016844], [-83.1391597, 40.1016883]]]}, "properties": {"name": "Unnamed water", "tier": "HIDDEN GEM", "score": 80, "wtype": "pond", "acres": 0.22, "access": "PUBLIC", "owner": "CITY OF DUBLIN OHIO", "owner_addr": "5555 PERIMETER DR", "species": ["Largemouth bass", "Bluegill"], "bass": "FAIR", "easy_access": false, "public_shore_m": 179, "nearest_park_m": 313, "osm_id": 481292437, "lat": 40.10173, "lon": -83.138742}}, {"type": "Feature", "geometry": {"type": "Polygon", "coordinates": [[[-82.8812222, 40.0257581], [-82.8812771, 40.0257174], [-82.8813196, 40.0256903], [-82.8813744, 40.0257039], [-82.881362, 40.0257865], [-82.8813461, 40.0258394], [-82.8812771, 40.0259153], [-82.881201, 40.0259559], [-82.8811001, 40.0259519], [-82.8810099, 40.0259397], [-82.8809833, 40.0258949], [-82.881017, 40.0258218], [-82.8810293, 40.0257811], [-82.8811161, 40.0257581], [-82.8812222, 40.0257581]]]}, "properties": {"name": "Unnamed water", "tier": "HIDDEN GEM", "score": 80, "wtype": "pond", "acres": 0.15, "access": "PUBLIC", "owner": "VILLAGE OF GAHANNA", "owner_addr": "RIDENOUR RD", "species": ["Largemouth bass", "Bluegill"], "bass": "FAIR", "easy_access": true, "public_shore_m": 102, "nearest_park_m": 209, "osm_id": 551421626, "lat": 40.025838, "lon": -82.881184}}, {"type": "Feature", "geometry": {"type": "Polygon", "coordinates": [[[-82.8145279, 40.0868175], [-82.8145199, 40.0868683], [-82.8144801, 40.0869028], [-82.8143686, 40.0869293], [-82.8142836, 40.0869536], [-82.8141907, 40.0869902], [-82.8141137, 40.0870044], [-82.8140606, 40.0870572], [-82.8140288, 40.0870999], [-82.8139969, 40.0871181], [-82.8139704, 40.087106], [-82.8139385, 40.0870755], [-82.8140049, 40.0869699], [-82.8140049, 40.0868947], [-82.8140288, 40.0868541], [-82.8140686, 40.0868277], [-82.8142252, 40.0868236], [-82.8143633, 40.0868318], [-82.8145279, 40.0868175]]]}, "properties": {"name": "Unnamed water", "tier": "HIDDEN GEM", "score": 80, "wtype": "pond", "acres": 0.18, "access": "PUBLIC", "owner": "THE BOARD OF EDUCATION OF THE NEW ALBANY-PLAIN LOCAL SCHOOL DISTRICT", "owner_addr": "55 N HIGH ST", "species": ["Largemouth bass", "Bluegill"], "bass": "FAIR", "easy_access": true, "public_shore_m": 137, "nearest_park_m": 129, "osm_id": 554051012, "lat": 40.086922, "lon": -82.814194}}, {"type": "Feature", "geometry": {"type": "Polygon", "coordinates": [[[-82.8145005, 40.0869226], [-82.8145374, 40.0869314], [-82.814549, 40.0869774], [-82.8145421, 40.0870004], [-82.8145698, 40.0870251], [-82.8145998, 40.0870357], [-82.8145883, 40.0870605], [-82.8145559, 40.0870729], [-82.8145305, 40.0870499], [-82.814512, 40.0870393], [-82.8144727, 40.0870534], [-82.8144496, 40.087041], [-82.814415, 40.0870499], [-82.8143618, 40.0870764], [-82.814341, 40.0870994], [-82.8143572, 40.0871294], [-82.8144103, 40.0871241], [-82.8144404, 40.0871082], [-82.8144612, 40.0871047], [-82.8144704, 40.0871241], [-82.8144727, 40.0871524], [-82.8144912, 40.0871772], [-82.814482, 40.0872019], [-82.8144612, 40.0872019], [-82.8144288, 40.0871949], [-82.814378, 40.0872002], [-82.8143017, 40.0871949], [-82.8142578, 40.0871772], [-82.8141862, 40.0871754], [-82.8141376, 40.087163], [-82.8141261, 40.0871383], [-82.8141399, 40.0870976], [-82.8142023, 40.0870693], [-82.8143017, 40.0870428], [-82.8143895, 40.0870057], [-82.8144612, 40.0869844], [-82.8145005, 40.0869226]]]}, "properties": {"name": "Unnamed water", "tier": "HIDDEN GEM", "score": 80, "wtype": "pond", "acres": 0.13, "access": "PUBLIC", "owner": "THE BOARD OF EDUCATION OF THE NEW ALBANY-PLAIN LOCAL SCHOOL DISTRICT", "owner_addr": "55 N HIGH ST", "species": ["Largemouth bass", "Bluegill"], "bass": "FAIR", "easy_access": true, "public_shore_m": 147, "nearest_park_m": 151, "osm_id": 554051014, "lat": 40.087093, "lon": -82.814359}}, {"type": "Feature", "geometry": {"type": "Polygon", "coordinates": [[[-82.8198726, 40.0851427], [-82.8198015, 40.085154], [-82.8196822, 40.085193], [-82.8196231, 40.0852341], [-82.8196285, 40.085272], [-82.8196647, 40.0853233], [-82.8196768, 40.0853757], [-82.8196661, 40.0854064], [-82.8196996, 40.085469], [-82.8197412, 40.0854926], [-82.8197774, 40.0854916], [-82.8198136, 40.0854649], [-82.8197814, 40.0854208], [-82.8197733, 40.0853828], [-82.8198109, 40.0853367], [-82.8198645, 40.0852597], [-82.819894, 40.085192], [-82.8198726, 40.0851427]]]}, "properties": {"name": "Unnamed water", "tier": "HIDDEN GEM", "score": 80, "wtype": "pond", "acres": 0.12, "access": "PUBLIC", "owner": "PLAIN LOCAL SCHOOLS DIST", "owner_addr": "MORGAN RD", "species": ["Largemouth bass", "Bluegill"], "bass": "FAIR", "easy_access": true, "public_shore_m": 103, "nearest_park_m": 192, "osm_id": 570599823, "lat": 40.085297, "lon": -82.819754}}, {"type": "Feature", "geometry": {"type": "Polygon", "coordinates": [[[-82.8582274, 40.1067774], [-82.8581787, 40.1066935], [-82.8580892, 40.1066336], [-82.8580038, 40.1066212], [-82.8579642, 40.1066103], [-82.8579271, 40.1066107], [-82.8578839, 40.1066344], [-82.8578677, 40.1066686], [-82.857887, 40.1067075], [-82.8579063, 40.1067246], [-82.8579215, 40.1067805], [-82.8579673, 40.1068217], [-82.8580191, 40.1068598], [-82.8580638, 40.1068793], [-82.8581289, 40.1068723], [-82.8581888, 40.1068505], [-82.8582193, 40.1068171], [-82.8582274, 40.1067774]]]}, "properties": {"name": "Unnamed water", "tier": "HIDDEN GEM", "score": 80, "wtype": "pond", "acres": 0.15, "access": "PUBLIC", "owner": "CITY OF COLUMBUS OHIO", "owner_addr": "", "species": ["Largemouth bass", "Bluegill"], "bass": "FAIR", "easy_access": false, "public_shore_m": 93, "nearest_park_m": 393, "osm_id": 586762345, "lat": 40.106742, "lon": -82.85805}}, {"type": "Feature", "geometry": {"type": "Polygon", "coordinates": [[[-82.8453666, 40.0794797], [-82.8452311, 40.0794703], [-82.8451638, 40.0795097], [-82.845114, 40.0795552], [-82.8450308, 40.0795858], [-82.8450185, 40.0796471], [-82.8450893, 40.079699], [-82.8451879, 40.079706], [-82.8452557, 40.0797178], [-82.8453697, 40.079699], [-82.8454098, 40.0796306], [-82.8454159, 40.0795552], [-82.8453666, 40.0794797]]]}, "properties": {"name": "Unnamed water", "tier": "HIDDEN GEM", "score": 80, "wtype": "pond", "acres": 0.17, "access": "PUBLIC", "owner": "CITY OF COLUMBUS OHIO", "owner_addr": "DUBLIN GRANVILLE RD", "species": ["Largemouth bass", "Bluegill"], "bass": "FAIR", "easy_access": false, "public_shore_m": 99, "nearest_park_m": 388, "osm_id": 588323684, "lat": 40.079601, "lon": -82.845237}}, {"type": "Feature", "geometry": {"type": "Polygon", "coordinates": [[[-82.7960452, 40.1049162], [-82.7960398, 40.1049634], [-82.7960023, 40.1050178], [-82.7959393, 40.1050527], [-82.7958843, 40.1050763], [-82.7958387, 40.1051224], [-82.7957984, 40.1051542], [-82.7957649, 40.1051593], [-82.7957354, 40.1051337], [-82.795726, 40.1050732], [-82.7957166, 40.1049921], [-82.795718, 40.1049562], [-82.7957461, 40.1049347], [-82.7958038, 40.1049162], [-82.7959258, 40.1048885], [-82.7959647, 40.1048732], [-82.7960076, 40.1048721], [-82.7960372, 40.1048865], [-82.7960452, 40.1049162]]]}, "properties": {"name": "Unnamed water", "tier": "HIDDEN GEM", "score": 80, "wtype": "pond", "acres": 0.14, "access": "PUBLIC", "owner": "CITY OF NEW ALBANY OHIO", "owner_addr": "6990 MILLBROOK FARM DR", "species": ["Largemouth bass", "Bluegill"], "bass": "FAIR", "easy_access": true, "public_shore_m": 95, "nearest_park_m": 236, "osm_id": 644052406, "lat": 40.104998, "lon": -82.795866}}, {"type": "Feature", "geometry": {"type": "Polygon", "coordinates": [[[-82.795622, 40.1054002], [-82.7955942, 40.1053719], [-82.7955049, 40.1053389], [-82.7954001, 40.1053083], [-82.7952985, 40.1053059], [-82.7952214, 40.1053154], [-82.7951413, 40.1053354], [-82.7950751, 40.1053613], [-82.7950397, 40.1053931], [-82.7950273, 40.1054308], [-82.7950443, 40.1054591], [-82.7950797, 40.1054768], [-82.7951614, 40.105485], [-82.7953062, 40.1054839], [-82.7953308, 40.1054956], [-82.7953462, 40.1054933], [-82.7953647, 40.1054768], [-82.7953894, 40.1054733], [-82.7954772, 40.1054662], [-82.7955619, 40.1054626], [-82.7956143, 40.1054544], [-82.7956281, 40.1054273], [-82.795622, 40.1054002]]]}, "properties": {"name": "Unnamed water", "tier": "HIDDEN GEM", "score": 80, "wtype": "pond", "acres": 0.19, "access": "PUBLIC", "owner": "CITY OF NEW ALBANY OHIO", "owner_addr": "6990 MILLBROOK FARM DR", "species": ["Largemouth bass", "Bluegill"], "bass": "FAIR", "easy_access": false, "public_shore_m": 120, "nearest_park_m": 299, "osm_id": 644052409, "lat": 40.105402, "lon": -82.795319}}, {"type": "Feature", "geometry": {"type": "Polygon", "coordinates": [[[-82.7955893, 40.1058103], [-82.79563, 40.1057765], [-82.7956742, 40.1057684], [-82.7957273, 40.105786], [-82.7957857, 40.1058401], [-82.7958689, 40.1059606], [-82.7958901, 40.1060228], [-82.7958937, 40.1060675], [-82.7958724, 40.1060864], [-82.7958388, 40.1060864], [-82.7957999, 40.1060661], [-82.7957344, 40.1060323], [-82.79563, 40.1059917], [-82.7955132, 40.1059646], [-82.7954194, 40.1059497], [-82.7952849, 40.1059362], [-82.7952389, 40.1059294], [-82.7952159, 40.1059159], [-82.7952177, 40.105897], [-82.7952442, 40.1058834], [-82.7954141, 40.1058564], [-82.7955114, 40.1058388], [-82.7955893, 40.1058103]]]}, "properties": {"name": "Unnamed water", "tier": "HIDDEN GEM", "score": 80, "wtype": "pond", "acres": 0.22, "access": "PUBLIC", "owner": "CITY OF NEW ALBANY OHIO", "owner_addr": "6990 MILLBROOK FARM DR", "species": ["Largemouth bass", "Bluegill"], "bass": "FAIR", "easy_access": false, "public_shore_m": 147, "nearest_park_m": 335, "osm_id": 644053626, "lat": 40.105918, "lon": -82.795625}}, {"type": "Feature", "geometry": {"type": "Polygon", "coordinates": [[[-83.0139524, 39.8152286], [-83.015432, 39.8158869], [-83.0163793, 39.8164135], [-83.0165417, 39.8166907], [-83.0165507, 39.8170233], [-83.0164154, 39.817155], [-83.0160004, 39.8172174], [-83.0140697, 39.817155], [-83.013737, 39.8170807], [-83.0136978, 39.8169673], [-83.0137699, 39.8167543], [-83.0137761, 39.8163899], [-83.0135587, 39.8155822], [-83.0134878, 39.815226], [-83.0134711, 39.8150328], [-83.0136369, 39.8150333], [-83.0139524, 39.8152286]]]}, "properties": {"name": "Unnamed water", "tier": "HIDDEN GEM", "score": 80, "wtype": "pond", "acres": 9.55, "access": "PUBLIC", "owner": "CITY OF COLUMBUS OHIO", "owner_addr": "6977 - 6993 S HIGH ST", "species": ["Largemouth bass", "Bluegill", "Black crappie", "Channel catfish"], "bass": "PRIME", "easy_access": false, "public_shore_m": 847, "nearest_park_m": 2015, "osm_id": 705648595, "lat": 39.816378, "lon": -83.01486}}, {"type": "Feature", "geometry": {"type": "Polygon", "coordinates": [[[-83.0138794, 39.8173169], [-83.0161537, 39.8173768], [-83.0163432, 39.817453], [-83.0163342, 39.8177024], [-83.0159552, 39.8186033], [-83.0158654, 39.8188039], [-83.0156489, 39.8189495], [-83.0136218, 39.8188302], [-83.0134631, 39.8186505], [-83.0135142, 39.8184006], [-83.0135652, 39.8181164], [-83.0137693, 39.8174157], [-83.0138794, 39.8173169]]]}, "properties": {"name": "Unnamed water", "tier": "HIDDEN GEM", "score": 80, "wtype": "pond", "acres": 9.17, "access": "PUBLIC", "owner": "CITY OF COLUMBUS OHIO", "owner_addr": "6977 - 6993 S HIGH ST", "species": ["Largemouth bass", "Bluegill", "Black crappie", "Channel catfish"], "bass": "PRIME", "easy_access": false, "public_shore_m": 746, "nearest_park_m": 1827, "osm_id": 705648596, "lat": 39.818106, "lon": -83.014876}}, {"type": "Feature", "geometry": {"type": "Polygon", "coordinates": [[[-82.8782622, 39.8481107], [-82.8782213, 39.8481265], [-82.8781828, 39.8481474], [-82.8781542, 39.848167], [-82.8781089, 39.8481773], [-82.878037, 39.8481967], [-82.8779864, 39.8482095], [-82.8779236, 39.8482355], [-82.8778367, 39.8482641], [-82.8777327, 39.8482902], [-82.877632, 39.8483132], [-82.8775637, 39.8483285], [-82.8775197, 39.8483332], [-82.877507, 39.8483332], [-82.8774949, 39.8483355], [-82.8774739, 39.8483526], [-82.8774686, 39.8483717], [-82.8774759, 39.8484033], [-82.8774891, 39.8484231], [-82.8775139, 39.8484378], [-82.8775394, 39.8484415], [-82.8775731, 39.8484375], [-82.8776676, 39.8484228], [-82.8777727, 39.8483897], [-82.8778098, 39.8483694], [-82.8778901, 39.8483398], [-82.8779532, 39.8483239], [-82.8780018, 39.8483208], [-82.8780977, 39.8483041], [-82.8781284, 39.8482951], [-82.8781568, 39.8482811], [-82.878198, 39.8482493], [-82.8782519, 39.8482333], [-82.8783003, 39.8482214], [-82.8783485, 39.8481989], [-82.8783999, 39.8481716], [-82.8784377, 39.8481436], [-82.8784608, 39.848099], [-82.8784369, 39.8480798], [-82.878396, 39.848076], [-82.8783544, 39.8480792], [-82.8783132, 39.8480949], [-82.8782622, 39.8481107]]]}, "properties": {"name": "Unnamed water", "tier": "HIDDEN GEM", "score": 80, "wtype": "pond", "acres": 0.25, "access": "PUBLIC", "owner": "VILLAGE OF GROVEPORT", "owner_addr": "6210 RICHARDSON RD", "species": ["Largemouth bass", "Bluegill"], "bass": "FAIR", "easy_access": true, "public_shore_m": 196, "nearest_park_m": 248, "osm_id": 827708464, "lat": 39.848269, "lon": -82.877964}}, {"type": "Feature", "geometry": {"type": "Polygon", "coordinates": [[[-83.1989318, 40.0960619], [-83.198728, 40.0961419], [-83.1988648, 40.0963779], [-83.1990391, 40.0963656], [-83.1990927, 40.0962917], [-83.1989935, 40.0962096], [-83.1989318, 40.0960619]]]}, "properties": {"name": "Unnamed water", "tier": "HIDDEN GEM", "score": 80, "wtype": "pond", "acres": 0.15, "access": "PUBLIC", "owner": "CITY OF DUBLIN OHIO", "owner_addr": "6285 COSGRAY  RD REAR", "species": ["Largemouth bass", "Bluegill"], "bass": "FAIR", "easy_access": true, "public_shore_m": 102, "nearest_park_m": 132, "osm_id": 869960374, "lat": 40.096235, "lon": -83.198907}}, {"type": "Feature", "geometry": {"type": "Polygon", "coordinates": [[[-83.1986341, 40.0957459], [-83.1984547, 40.0957818], [-83.198339, 40.0958773], [-83.1984727, 40.09597], [-83.1986985, 40.0960599], [-83.1988525, 40.0960183], [-83.1988862, 40.095947], [-83.1987885, 40.0958126], [-83.1986341, 40.0957459]]]}, "properties": {"name": "Unnamed water", "tier": "HIDDEN GEM", "score": 80, "wtype": "pond", "acres": 0.25, "access": "PUBLIC", "owner": "CITY OF DUBLIN OHIO", "owner_addr": "6285 COSGRAY  RD REAR", "species": ["Largemouth bass", "Bluegill"], "bass": "FAIR", "easy_access": true, "public_shore_m": 122, "nearest_park_m": 135, "osm_id": 869960375, "lat": 40.0959, "lon": -83.198632}}, {"type": "Feature", "geometry": {"type": "Polygon", "coordinates": [[[-82.8115179, 40.1024268], [-82.8113615, 40.1024357], [-82.8112027, 40.1024589], [-82.8110976, 40.1024893], [-82.8110836, 40.1025286], [-82.8110836, 40.1025768], [-82.8111069, 40.10265], [-82.8111583, 40.102659], [-82.811247, 40.1026536], [-82.8113708, 40.10265], [-82.8114525, 40.1026554], [-82.8115342, 40.1026554], [-82.8115599, 40.1026268], [-82.8115739, 40.1025554], [-82.8115739, 40.1024875], [-82.8115623, 40.1024536], [-82.8115179, 40.1024268]]]}, "properties": {"name": "Unnamed water", "tier": "HIDDEN GEM", "score": 80, "wtype": "pond", "acres": 0.23, "access": "PUBLIC", "owner": "CITY OF NEW ALBANY", "owner_addr": "6950 ASTER DR", "species": ["Largemouth bass", "Bluegill"], "bass": "FAIR", "easy_access": true, "public_shore_m": 120, "nearest_park_m": 227, "osm_id": 953962811, "lat": 40.102549, "lon": -82.811339}}, {"type": "Feature", "geometry": {"type": "Polygon", "coordinates": [[[-82.9653581, 40.0280663], [-82.9652981, 40.0280635], [-82.9652613, 40.0280486], [-82.9652379, 40.0280223], [-82.96523, 40.0277659], [-82.9652498, 40.0277371], [-82.9652758, 40.0277136], [-82.9653744, 40.0277224], [-82.9654071, 40.0277282], [-82.9654287, 40.0277595], [-82.9654145, 40.0280173], [-82.9653863, 40.0280504], [-82.9653581, 40.0280663]]]}, "properties": {"name": "Unnamed water", "tier": "HIDDEN GEM", "score": 80, "wtype": "pond", "acres": 0.14, "access": "PUBLIC", "owner": "CITY OF COLUMBUS", "owner_addr": "CLEVELAND     AVE REAR", "species": ["Largemouth bass", "Bluegill"], "bass": "FAIR", "easy_access": true, "public_shore_m": 99, "nearest_park_m": 131, "osm_id": 988438630, "lat": 40.027886, "lon": -82.965328}}, {"type": "Feature", "geometry": {"type": "Polygon", "coordinates": [[[-83.0950683, 40.1261543], [-83.0948742, 40.1262131], [-83.094761, 40.126176], [-83.0947893, 40.1260338], [-83.0949146, 40.1258947], [-83.0950723, 40.1259132], [-83.0951572, 40.1260585], [-83.0950683, 40.1261543]]]}, "properties": {"name": "Unnamed water", "tier": "HIDDEN GEM", "score": 80, "wtype": "pond", "acres": 0.2, "access": "PUBLIC", "owner": "CITY OF DUBLIN PARK SITE", "owner_addr": "SUMMIT VIEW RD", "species": ["Largemouth bass", "Bluegill"], "bass": "FAIR", "easy_access": true, "public_shore_m": 107, "nearest_park_m": 140, "osm_id": 1152806249, "lat": 40.126057, "lon": -83.094952}}, {"type": "Feature", "geometry": {"type": "Polygon", "coordinates": [[[-82.8221664, 40.0871762], [-82.821923, 40.0871504], [-82.8220435, 40.0870822], [-82.8220194, 40.0868757], [-82.8222484, 40.0869218], [-82.8222291, 40.0871098], [-82.8221664, 40.0871762]]]}, "properties": {"name": "Unnamed water", "tier": "HIDDEN GEM", "score": 80, "wtype": "pond", "acres": 0.13, "access": "PUBLIC", "owner": "PLAIN LOCAL SCHOOLS DIST", "owner_addr": "FODOR RD", "species": ["Largemouth bass", "Bluegill"], "bass": "FAIR", "easy_access": false, "public_shore_m": 107, "nearest_park_m": 299, "osm_id": 1152905621, "lat": 40.087034, "lon": -82.82212}}, {"type": "Feature", "geometry": {"type": "Polygon", "coordinates": [[[-82.8232606, 40.0873256], [-82.8232027, 40.087427], [-82.8228967, 40.0874325], [-82.8228292, 40.0875376], [-82.8231015, 40.0876132], [-82.8233642, 40.0875339], [-82.8233763, 40.0874251], [-82.8233498, 40.0873569], [-82.8232606, 40.0873256]]]}, "properties": {"name": "Unnamed water", "tier": "HIDDEN GEM", "score": 80, "wtype": "pond", "acres": 0.2, "access": "PUBLIC", "owner": "PLAIN LOCAL SCHOOLS DIST", "owner_addr": "FODOR RD", "species": ["Largemouth bass", "Bluegill"], "bass": "FAIR", "easy_access": true, "public_shore_m": 129, "nearest_park_m": 202, "osm_id": 1152905622, "lat": 40.087489, "lon": -82.823136}}, {"type": "Feature", "geometry": {"type": "Polygon", "coordinates": [[[-82.8838658, 39.8454678], [-82.8838523, 39.8454951], [-82.8838277, 39.8455375], [-82.8838062, 39.8455848], [-82.8837846, 39.8456352], [-82.8837726, 39.8456794], [-82.8837686, 39.8457337], [-82.8837711, 39.845766], [-82.8837786, 39.845776], [-82.8837761, 39.8457837], [-82.8837651, 39.8457899], [-82.883713, 39.845806], [-82.8836629, 39.845828], [-82.8836042, 39.845858], [-82.8835346, 39.8459069], [-82.8835, 39.8459396], [-82.8834894, 39.8459577], [-82.8834935, 39.8459765], [-82.883517, 39.8459884], [-82.8835576, 39.8459992], [-82.8836067, 39.8459954], [-82.8836508, 39.845978], [-82.883729, 39.8459342], [-82.8837962, 39.8458865], [-82.8838197, 39.8458603], [-82.8838277, 39.8458384], [-82.8838318, 39.8458064], [-82.8838343, 39.8457853], [-82.8838262, 39.845731], [-82.8838282, 39.8456868], [-82.8838368, 39.8456294], [-82.8838593, 39.8455844], [-82.8838894, 39.8455209], [-82.88392, 39.8454697], [-82.8839475, 39.8454386], [-82.8839616, 39.8454097], [-82.8839571, 39.8453962], [-82.8839405, 39.8453905], [-82.883927, 39.8453939], [-82.8838999, 39.8454159], [-82.8838819, 39.8454413], [-82.8838658, 39.8454678]]]}, "properties": {"name": "Unnamed water", "tier": "HIDDEN GEM", "score": 80, "wtype": "pond", "acres": 0.14, "access": "PUBLIC", "owner": "VILLAGE OF GROVEPORT", "owner_addr": "6210 RICHARDSON RD", "species": ["Largemouth bass", "Bluegill"], "bass": "FAIR", "easy_access": false, "public_shore_m": 172, "nearest_park_m": 375, "osm_id": 1187665677, "lat": 39.845787, "lon": -82.88373}}, {"type": "Feature", "geometry": {"type": "Polygon", "coordinates": [[[-83.0039969, 39.8163445], [-83.0039841, 39.8163666], [-83.0039798, 39.8163912], [-83.0039798, 39.8164239], [-83.0039809, 39.816482], [-83.0039734, 39.8165418], [-83.0039702, 39.8166146], [-83.0039969, 39.8166678], [-83.0040192, 39.8167562], [-83.0040246, 39.8168454], [-83.0039734, 39.8169558], [-83.0039116, 39.8170778], [-83.0038285, 39.8172153], [-83.0037443, 39.8173102], [-83.0036101, 39.8174354], [-83.0035163, 39.8175148], [-83.0034546, 39.8175508], [-83.0033896, 39.8175688], [-83.0032937, 39.8175328], [-83.0031743, 39.8174477], [-83.0030998, 39.8173495], [-83.0029996, 39.8172128], [-83.0029016, 39.8170909], [-83.0028654, 39.8169992], [-83.0028015, 39.8169026], [-83.0027716, 39.8167414], [-83.0027929, 39.8166727], [-83.0029421, 39.8165892], [-83.0030476, 39.8165123], [-83.0031211, 39.8164141], [-83.0031498, 39.8162807], [-83.003153, 39.8161612], [-83.0030731, 39.816027], [-83.0029559, 39.815919], [-83.0028899, 39.8158298], [-83.0028654, 39.815748], [-83.0028728, 39.8156792], [-83.0028856, 39.8155761], [-83.0029655, 39.8154894], [-83.0031232, 39.8153887], [-83.0032585, 39.8153592], [-83.0034631, 39.8153592], [-83.0036644, 39.8154002], [-83.0037902, 39.8154525], [-83.0039191, 39.8155442], [-83.0040075, 39.8156358], [-83.0040714, 39.8157611], [-83.0041109, 39.8158936], [-83.004114, 39.8159886], [-83.0040981, 39.8160908], [-83.0040501, 39.816221], [-83.0040203, 39.8162807], [-83.0039969, 39.8163445]]]}, "properties": {"name": "Unnamed water", "tier": "HIDDEN GEM", "score": 80, "wtype": "pond", "acres": 4.87, "access": "PUBLIC", "owner": "CITY OF COLUMBUS OHIO", "owner_addr": "6977 - 6993 S HIGH ST", "species": ["Largemouth bass", "Bluegill", "Black crappie", "Channel catfish"], "bass": "PRIME", "easy_access": false, "public_shore_m": 613, "nearest_park_m": 2060, "osm_id": 1200721373, "lat": 39.816398, "lon": -83.003467}}, {"type": "Feature", "geometry": {"type": "Polygon", "coordinates": [[[-83.0560986, 39.8073429], [-83.0561164, 39.8073734], [-83.056125, 39.8074074], [-83.0561257, 39.8074474], [-83.0561164, 39.8074748], [-83.0560667, 39.807504], [-83.0560186, 39.807507], [-83.0559292, 39.8074897], [-83.0558586, 39.8074426], [-83.0558073, 39.8073925], [-83.055763, 39.8073429], [-83.0557436, 39.8072863], [-83.0557351, 39.8072373], [-83.0557382, 39.8071902], [-83.0557529, 39.8071514], [-83.0557786, 39.8071198], [-83.0558143, 39.8070959], [-83.055885, 39.8070888], [-83.0559626, 39.8071192], [-83.0559945, 39.8071532], [-83.0560349, 39.8072081], [-83.0560729, 39.8072749], [-83.0560986, 39.8073429]]]}, "properties": {"name": "Unnamed water", "tier": "HIDDEN GEM", "score": 80, "wtype": "pond", "acres": 0.26, "access": "PUBLIC", "owner": "BOARD OF TRUSTEES OF JACKSON TOWNSHIP", "owner_addr": "VERN PL", "species": ["Largemouth bass", "Bluegill"], "bass": "GOOD", "easy_access": false, "public_shore_m": 125, "nearest_park_m": 2469, "osm_id": 1227616042, "lat": 39.807302, "lon": -83.055926}}, {"type": "Feature", "geometry": {"type": "Polygon", "coordinates": [[[-82.896271, 39.8229221], [-82.896271, 39.8229417], [-82.8962824, 39.8229761], [-82.8963, 39.8230212], [-82.8963052, 39.8230569], [-82.8963, 39.8231122], [-82.8962815, 39.8231459], [-82.8962684, 39.8231843], [-82.8962692, 39.8232409], [-82.8962763, 39.8232901], [-82.8963035, 39.8233366], [-82.8963298, 39.8233629], [-82.8963596, 39.8233764], [-82.8964035, 39.8233845], [-82.8964588, 39.8233777], [-82.8965448, 39.8233393], [-82.8966395, 39.8232834], [-82.8967168, 39.8232234], [-82.896729, 39.8231964], [-82.8967176, 39.8231641], [-82.8966711, 39.8231196], [-82.8966343, 39.8230697], [-82.8966123, 39.8229996], [-82.8965957, 39.8229181], [-82.8965878, 39.8228446], [-82.8965693, 39.8228096], [-82.8965553, 39.8228029], [-82.8965079, 39.8227975], [-82.8964482, 39.8227968], [-82.8964035, 39.8228157], [-82.896364, 39.8228406], [-82.8963315, 39.8228622], [-82.8963026, 39.8228878], [-82.896271, 39.8229221]]]}, "properties": {"name": "Unnamed water", "tier": "HIDDEN GEM", "score": 80, "wtype": "pond", "acres": 0.44, "access": "PUBLIC", "owner": "BOARD OF PARK COMMISSIONES OF THE COLUMBUS & FRANKLIN COUNTY METROPOLITAN PARK DISTRICT", "owner_addr": "7389 BRAUN RD", "species": ["Largemouth bass", "Bluegill"], "bass": "GOOD", "easy_access": false, "public_shore_m": 171, "nearest_park_m": 2509, "osm_id": 1228750925, "lat": 39.823102, "lon": -82.896466}}, {"type": "Feature", "geometry": {"type": "Polygon", "coordinates": [[[-82.9912289, 40.0217526], [-82.9912289, 40.0217166], [-82.9908688, 40.0214966], [-82.9907882, 40.0215141], [-82.9906986, 40.0216816], [-82.9907305, 40.0217387], [-82.9912289, 40.0217526]]]}, "properties": {"name": "Unnamed water", "tier": "HIDDEN GEM", "score": 80, "wtype": "pond", "acres": 0.19, "access": "PUBLIC", "owner": "CITY OF COLUMBUS OHIO", "owner_addr": "2745 AUDUBON RD", "species": ["Largemouth bass", "Bluegill"], "bass": "FAIR", "easy_access": false, "public_shore_m": 120, "nearest_park_m": 331, "osm_id": 1332921925, "lat": 40.021653, "lon": -82.990927}}, {"type": "Feature", "geometry": {"type": "Polygon", "coordinates": [[[-83.1722105, 40.0971437], [-83.1722038, 40.0971015], [-83.172158, 40.0970241], [-83.172131, 40.0969536], [-83.1721202, 40.0968705], [-83.1721307, 40.096733], [-83.1721208, 40.0967104], [-83.1721032, 40.0966952], [-83.172081, 40.0966961], [-83.1720583, 40.0967057], [-83.1720428, 40.096726], [-83.1720337, 40.096755], [-83.1719915, 40.0968613], [-83.1719443, 40.0969286], [-83.1719263, 40.0969609], [-83.1719237, 40.0969821], [-83.1719396, 40.0970371], [-83.1719793, 40.0970819], [-83.1720809, 40.0971747], [-83.1721253, 40.09719], [-83.1721605, 40.0971873], [-83.1721918, 40.0971739], [-83.1722064, 40.0971629], [-83.1722105, 40.0971437]]]}, "properties": {"name": "Unnamed water", "tier": "HIDDEN GEM", "score": 80, "wtype": "pond", "acres": 0.18, "access": "PUBLIC", "owner": "CITY OF DUBLIN OHIO", "owner_addr": "UNIVERSITY BL", "species": ["Largemouth bass", "Bluegill"], "bass": "FAIR", "easy_access": true, "public_shore_m": 129, "nearest_park_m": 153, "osm_id": 1545727135, "lat": 40.096972, "lon": -83.172068}}, {"type": "Feature", "geometry": {"type": "Polygon", "coordinates": [[[-83.1275595, 40.0201869], [-83.1274611, 40.0201189], [-83.1275139, 40.0200159], [-83.1274443, 40.0198799], [-83.1273915, 40.0196887], [-83.1274131, 40.0195416], [-83.1275043, 40.0193706], [-83.1275168, 40.0193474], [-83.1275499, 40.0192861], [-83.1275187, 40.0192327], [-83.1276147, 40.0191243], [-83.1276963, 40.0191004], [-83.1277444, 40.0191702], [-83.1278524, 40.0193026], [-83.12803, 40.019367], [-83.1281597, 40.0194001], [-83.1282845, 40.0194166], [-83.1283181, 40.0194662], [-83.1282845, 40.0195251], [-83.1281981, 40.0195508], [-83.1281837, 40.0196942], [-83.1282365, 40.019935], [-83.1282893, 40.0200803], [-83.1282437, 40.020163], [-83.1281069, 40.0201924], [-83.127814, 40.0202071], [-83.1276771, 40.020209], [-83.1275595, 40.0201869]]]}, "properties": {"name": "Beacon Lake", "tier": "HIDDEN GEM", "score": 75, "wtype": "pond", "acres": 1.68, "access": "PUBLIC", "owner": "CITY OF HILLIARD", "owner_addr": "KNICKEL DR", "species": ["Largemouth bass", "Bluegill", "Black crappie", "Channel catfish"], "bass": "PRIME", "easy_access": false, "public_shore_m": 353, "nearest_park_m": 950, "osm_id": 398067490, "lat": 40.019731, "lon": -83.127827}}, {"type": "Feature", "geometry": {"type": "Polygon", "coordinates": [[[-82.8408566, 40.0799273], [-82.8411274, 40.0800345], [-82.8412582, 40.0801846], [-82.8412021, 40.0803418], [-82.8412208, 40.0805776], [-82.8412488, 40.0808134], [-82.8412188, 40.0809112], [-82.8410994, 40.0809778], [-82.8407165, 40.0810207], [-82.8401736, 40.0809837], [-82.8398665, 40.0809778], [-82.8394929, 40.0810707], [-82.8385216, 40.0810636], [-82.8379051, 40.0810636], [-82.8377837, 40.0811708], [-82.837737, 40.0813994], [-82.8375035, 40.0817067], [-82.8372326, 40.081964], [-82.8370907, 40.082026], [-82.8369244, 40.0820569], [-82.8365882, 40.0820498], [-82.836308, 40.0819283], [-82.8358877, 40.0818354], [-82.8355981, 40.0817925], [-82.8354744, 40.0818317], [-82.8353792, 40.0818149], [-82.835381, 40.0817282], [-82.8354113, 40.0816353], [-82.8353646, 40.0813637], [-82.835402, 40.0811207], [-82.8353273, 40.080892], [-82.8352806, 40.0807277], [-82.8352948, 40.0806283], [-82.835374, 40.0805848], [-82.8357009, 40.0804776], [-82.8361585, 40.0803775], [-82.8369805, 40.0802632], [-82.8376623, 40.080206], [-82.8384562, 40.0801703], [-82.8393528, 40.0800488], [-82.8400346, 40.0799773], [-82.840539, 40.0799559], [-82.8408566, 40.0799273]]]}, "properties": {"name": "Unnamed water", "tier": "HIDDEN GEM", "score": 75, "wtype": "pond", "acres": 16.54, "access": "PUBLIC", "owner": "CITY OF NEW ALBANY OHIO", "owner_addr": "E DUBLIN GRANVILLE RD", "species": ["Largemouth bass", "Bluegill", "Black crappie", "Channel catfish"], "bass": "GOOD", "easy_access": false, "public_shore_m": 1317, "nearest_park_m": 983, "osm_id": 1219082652, "lat": 40.08084, "lon": -82.838003}}, {"type": "Feature", "geometry": {"type": "Polygon", "coordinates": [[[-82.9787018, 39.8400305], [-82.9786812, 39.8401456], [-82.9786661, 39.8402079], [-82.9786441, 39.8402913], [-82.9786138, 39.8403948], [-82.9785423, 39.8405067], [-82.9784887, 39.8405721], [-82.9784021, 39.8406123], [-82.9782701, 39.8406408], [-82.9780459, 39.8406598], [-82.9778672, 39.8406534], [-82.9775826, 39.8406006], [-82.9773035, 39.8405267], [-82.9769845, 39.8404666], [-82.976693, 39.8404412], [-82.9765486, 39.8404011], [-82.9763685, 39.8403124], [-82.9762035, 39.8401931], [-82.9760563, 39.8400443], [-82.9759147, 39.8398574], [-82.9757882, 39.8396716], [-82.9755888, 39.8393538], [-82.9754788, 39.839112], [-82.9752905, 39.8387794], [-82.975197, 39.8385641], [-82.9750553, 39.838203], [-82.9749426, 39.8380245], [-82.9748367, 39.8378345], [-82.974801, 39.8377912], [-82.9748092, 39.8377553], [-82.9748587, 39.8376972], [-82.9749701, 39.837617], [-82.975175, 39.8375568], [-82.975461, 39.837504], [-82.9756466, 39.8374829], [-82.9758006, 39.8374861], [-82.9758941, 39.8375188], [-82.9759642, 39.8375695], [-82.9760151, 39.8376445], [-82.9760385, 39.8377068], [-82.9760316, 39.8377669], [-82.9760192, 39.8378419], [-82.9760233, 39.8378957], [-82.9760866, 39.8379496], [-82.9761526, 39.8379897], [-82.9762722, 39.8380446], [-82.9763946, 39.8380816], [-82.9766091, 39.8380689], [-82.9767081, 39.8380351], [-82.9768731, 39.8379844], [-82.9770752, 39.8379665], [-82.9772388, 39.8380098], [-82.9773694, 39.8380942], [-82.9774932, 39.8382399], [-82.9775221, 39.8383244], [-82.9775509, 39.8384205], [-82.9776238, 39.8385007], [-82.9778081, 39.838563], [-82.9779538, 39.8385873], [-82.9781463, 39.8386179], [-82.9783471, 39.8386475], [-82.9785217, 39.8386813], [-82.9786331, 39.8387266], [-82.9786991, 39.8388343], [-82.9787829, 39.8390223], [-82.9788201, 39.8391183], [-82.9788201, 39.839245], [-82.9788297, 39.8393855], [-82.9788091, 39.839509], [-82.9787884, 39.8396283], [-82.9787761, 39.8397381], [-82.9787431, 39.8398352], [-82.9787018, 39.8400305]]]}, "properties": {"name": "Unnamed water", "tier": "HIDDEN GEM", "score": 75, "wtype": "lake", "acres": 18.04, "access": "PUBLIC", "owner": "CITY OF COLUMBUS OHIO", "owner_addr": "LOCKBOURNE RD", "species": ["Largemouth bass", "Bluegill", "Black crappie", "Channel catfish"], "bass": "GOOD", "easy_access": false, "public_shore_m": 1138, "nearest_park_m": 1163, "osm_id": 1227162815, "lat": 39.839158, "lon": -82.976942}}, {"type": "Feature", "geometry": {"type": "Polygon", "coordinates": [[[-83.0340629, 40.0770697], [-83.0340715, 40.0774769], [-83.034183, 40.0780417], [-83.0341659, 40.0786459], [-83.0342517, 40.0791844], [-83.0341659, 40.0795259], [-83.0340457, 40.0796573], [-83.033986, 40.0797034], [-83.0338998, 40.0797558], [-83.0339599, 40.0798543], [-83.0342431, 40.079979], [-83.0344234, 40.0801695], [-83.0345693, 40.0806555], [-83.0346122, 40.0809904], [-83.0345607, 40.080997], [-83.0345609, 40.0811909], [-83.034595, 40.0812006], [-83.0345865, 40.0815486], [-83.0346036, 40.0819229], [-83.0345178, 40.0824155], [-83.034432, 40.0830262], [-83.034432, 40.0832626], [-83.034329, 40.0835253], [-83.034183, 40.0836632], [-83.0339256, 40.0836632], [-83.0334621, 40.0836172], [-83.0332132, 40.083591], [-83.0329299, 40.0836501], [-83.0326638, 40.083696], [-83.0323978, 40.0836895], [-83.0320716, 40.0836041], [-83.0319, 40.0834925], [-83.031694, 40.0832232], [-83.0315051, 40.0828423], [-83.0312991, 40.0823695], [-83.0312562, 40.0821594], [-83.0313249, 40.0819164], [-83.0315051, 40.0813319], [-83.031548, 40.0809641], [-83.0315738, 40.0802943], [-83.0314794, 40.0796375], [-83.0314794, 40.079099], [-83.0315309, 40.078508], [-83.0317025, 40.0779957], [-83.0319772, 40.0776082], [-83.0322004, 40.0773718], [-83.0325952, 40.077201], [-83.0330501, 40.0770631], [-83.0336337, 40.0769318], [-83.0338655, 40.076912], [-83.0340629, 40.0770697]]]}, "properties": {"name": "Antrim Lake", "tier": "SLEEPER", "score": 70, "wtype": "reservoir", "acres": 42.29, "access": "PUBLIC", "owner": "CITY OF COLUMBUS", "owner_addr": "5800 OLENTANGY RIVER RD", "species": ["Largemouth bass", "Bluegill", "Black crappie", "Channel catfish", "Saugeye", "White bass"], "bass": "FAIR", "easy_access": false, "public_shore_m": 1864, "nearest_park_m": 265, "osm_id": 29875323, "lat": 40.080533, "lon": -83.032972}}, {"type": "Feature", "geometry": {"type": "Polygon", "coordinates": [[[-83.0149204, 39.9979013], [-83.0149092, 39.9979431], [-83.0148888, 39.9979872], [-83.0148488, 39.9980205], [-83.0148073, 39.9980379], [-83.0147666, 39.9980452], [-83.014738, 39.9980481], [-83.0147065, 39.9980555], [-83.0146698, 39.9980645], [-83.0146395, 39.9980671], [-83.0145809, 39.9980672], [-83.0145169, 39.9980703], [-83.0144615, 39.9980728], [-83.0144096, 39.9980832], [-83.0143541, 39.9981006], [-83.0142898, 39.9981284], [-83.014215, 39.9981656], [-83.0141481, 39.998203], [-83.0141102, 39.9982269], [-83.0140763, 39.9982516], [-83.0140445, 39.9982437], [-83.0140047, 39.998243], [-83.0139679, 39.9982479], [-83.0139454, 39.9982566], [-83.0139137, 39.9982522], [-83.0138901, 39.998241], [-83.013863, 39.9982321], [-83.0138266, 39.9982169], [-83.0138035, 39.9981965], [-83.0137997, 39.998184], [-83.0137818, 39.9981833], [-83.0137803, 39.9981625], [-83.0138018, 39.9981615], [-83.0138012, 39.9981425], [-83.0138014, 39.99812], [-83.0138059, 39.9981008], [-83.0137902, 39.9980976], [-83.0137988, 39.9980696], [-83.0138177, 39.9980292], [-83.0138372, 39.9979888], [-83.0138856, 39.997931], [-83.0139128, 39.9979121], [-83.0139513, 39.9978968], [-83.0140249, 39.9978873], [-83.0140988, 39.9978812], [-83.0141828, 39.9978775], [-83.0143002, 39.9978786], [-83.0144269, 39.9978757], [-83.0144872, 39.9978684], [-83.014575, 39.9978454], [-83.0146365, 39.9978323], [-83.0146969, 39.9978216], [-83.0147496, 39.9978084], [-83.014815, 39.9977898], [-83.0148502, 39.9977772], [-83.0148789, 39.9977638], [-83.0149039, 39.9977461], [-83.0149232, 39.9977313], [-83.0149345, 39.9977293], [-83.014945, 39.9977363], [-83.0149457, 39.9977568], [-83.0149392, 39.997773], [-83.014937, 39.9977835], [-83.0149344, 39.9978035], [-83.014934, 39.997827], [-83.0149259, 39.9978651], [-83.0149204, 39.9979013]]]}, "properties": {"name": "Mirror Lake", "tier": "SLEEPER", "score": 70, "wtype": "lake", "acres": 0.7, "access": "PUBLIC", "owner": "STATE OF OHIO O S U", "owner_addr": "520 W TENTH AVE", "species": ["Largemouth bass", "Bluegill", "Black crappie", "Channel catfish"], "bass": "PRIME", "easy_access": true, "public_shore_m": 263, "nearest_park_m": 69, "osm_id": 30172049, "lat": 39.998003, "lon": -83.014324}}, {"type": "Feature", "geometry": {"type": "Polygon", "coordinates": [[[-82.9120535, 39.8900936], [-82.9125389, 39.8900994], [-82.9127187, 39.8901531], [-82.9128077, 39.8902389], [-82.9128592, 39.8903443], [-82.912842, 39.8907262], [-82.9124644, 39.8914177], [-82.9123412, 39.8914341], [-82.9121648, 39.8914338], [-82.9120971, 39.8914883], [-82.9121226, 39.8915871], [-82.9120781, 39.8918326], [-82.9118807, 39.8920697], [-82.9117777, 39.892287], [-82.911649, 39.8922804], [-82.9114172, 39.8922475], [-82.9113829, 39.8923067], [-82.9113572, 39.892445], [-82.9110997, 39.8925043], [-82.9104044, 39.8921619], [-82.9099324, 39.8918589], [-82.9098417, 39.8917873], [-82.909795, 39.8917048], [-82.9097951, 39.8915251], [-82.909964, 39.891193], [-82.9101517, 39.8909905], [-82.9107993, 39.890313], [-82.9110766, 39.8900821], [-82.911214, 39.8900821], [-82.9113754, 39.890134], [-82.9114441, 39.890134], [-82.9115986, 39.8900418], [-82.9117273, 39.890022], [-82.9120535, 39.8900936]]]}, "properties": {"name": "Heron Pond", "tier": "SLEEPER", "score": 70, "wtype": "lake", "acres": 11.53, "access": "PUBLIC", "owner": "CITY OF COLUMBUS OHIO", "owner_addr": "WILLIAMS RD", "species": ["Largemouth bass", "Bluegill", "Black crappie", "Channel catfish"], "bass": "PRIME", "easy_access": true, "public_shore_m": 864, "nearest_park_m": 183, "osm_id": 40425979, "lat": 39.891176, "lon": -82.911346}}, {"type": "Feature", "geometry": {"type": "Polygon", "coordinates": [[[-83.1120074, 40.1357408], [-83.112079, 40.1357358], [-83.1121572, 40.1357707], [-83.1121637, 40.1358504], [-83.1120399, 40.1359998], [-83.1118185, 40.1360894], [-83.1117208, 40.1360097], [-83.1117794, 40.1358454], [-83.1120074, 40.1357408]]]}, "properties": {"name": "Unnamed water", "tier": "SLEEPER", "score": 70, "wtype": "pond", "acres": 0.22, "access": "PUBLIC", "owner": "CITY OF DUBLIN", "owner_addr": "SANDWICH      CT REAR", "species": ["Largemouth bass", "Bluegill"], "bass": "FAIR", "easy_access": false, "public_shore_m": 117, "nearest_park_m": 814, "osm_id": 409397196, "lat": 40.135904, "lon": -83.111942}}, {"type": "Feature", "geometry": {"type": "Polygon", "coordinates": [[[-82.968999, 39.8694443], [-82.9689768, 39.869493], [-82.9689534, 39.8695861], [-82.9689578, 39.8696919], [-82.9689879, 39.8697269], [-82.9690813, 39.8697508], [-82.9691692, 39.8697568], [-82.9692037, 39.8697269], [-82.9692148, 39.8696817], [-82.9692281, 39.86961], [-82.969237, 39.8695451], [-82.9692304, 39.8694896], [-82.9692059, 39.8694665], [-82.969108, 39.8694495], [-82.968999, 39.8694443]]]}, "properties": {"name": "Unnamed water", "tier": "SLEEPER", "score": 70, "wtype": "pond", "acres": 0.18, "access": "PUBLIC", "owner": "VILLAGE OF OBETZ", "owner_addr": "4560 LOCKBOURNE RD", "species": ["Largemouth bass", "Bluegill"], "bass": "FAIR", "easy_access": false, "public_shore_m": 101, "nearest_park_m": 996, "osm_id": 1124895129, "lat": 39.869598, "lon": -82.969094}}, {"type": "Feature", "geometry": {"type": "Polygon", "coordinates": [[[-82.8051371, 39.8909102], [-82.8055125, 39.8884057], [-82.8032176, 39.8879274], [-82.8027044, 39.8894991], [-82.7999425, 39.88905], [-82.7998327, 39.8909078], [-82.801206, 39.8916593], [-82.802503, 39.8904664], [-82.8052953, 39.8909564], [-82.8051371, 39.8909102]]]}, "properties": {"name": "Blue Wing Pond", "tier": "SLEEPER", "score": 70, "wtype": "pond", "acres": 27.51, "access": "PUBLIC", "owner": "BOARD OF PARK COMMISSIONERS OF THE COLUMBUS AND FRANKLIN COUNTY METROPOLITAN PARK DISTRICT", "owner_addr": "BOWEN RD", "species": ["Largemouth bass", "Bluegill", "Black crappie", "Channel catfish"], "bass": "GOOD", "easy_access": true, "public_shore_m": 1687, "nearest_park_m": 243, "osm_id": 1319888105, "lat": 39.889798, "lon": -82.802773}}, {"type": "Feature", "geometry": {"type": "Polygon", "coordinates": [[[-82.8011483, 39.8960381], [-82.8039259, 39.8949907], [-82.8041299, 39.8942081], [-82.80198, 39.8915593], [-82.8013694, 39.8916383], [-82.8019329, 39.89357], [-82.8015877, 39.8948582], [-82.8002538, 39.8954963], [-82.8011483, 39.8960381]]]}, "properties": {"name": "Blue Wing Pond", "tier": "SLEEPER", "score": 70, "wtype": "pond", "acres": 17.23, "access": "PUBLIC", "owner": "BOARD OF PARK COMMISSIONERS OF THE COLUMBUS AND FRANKLIN COUNTY METROPOLITAN PARK DISTRICT", "owner_addr": "4150 BOWEN RD", "species": ["Largemouth bass", "Bluegill", "Black crappie", "Channel catfish"], "bass": "GOOD", "easy_access": false, "public_shore_m": 1350, "nearest_park_m": 282, "osm_id": 1319888106, "lat": 39.894094, "lon": -82.802408}}, {"type": "Feature", "geometry": {"type": "Polygon", "coordinates": [[[-82.7991083, 39.8957612], [-82.8007874, 39.8948943], [-82.800756, 39.8936061], [-82.7983551, 39.8924021], [-82.7973351, 39.8928476], [-82.7961895, 39.8944128], [-82.7983865, 39.8958214], [-82.7991083, 39.8957612]]]}, "properties": {"name": "Mallard Marsh", "tier": "SLEEPER", "score": 70, "wtype": "pond", "acres": 23.9, "access": "PUBLIC", "owner": "BOARD OF PARK COMMISSIONERS OF THE COLUMBUS AND FRANKLIN COUNTY METROPOLITAN PARK DISTRICT", "owner_addr": "4150 BOWEN RD", "species": ["Largemouth bass", "Bluegill", "Black crappie", "Channel catfish"], "bass": "GOOD", "easy_access": false, "public_shore_m": 1167, "nearest_park_m": 518, "osm_id": 1319888107, "lat": 39.89417, "lon": -82.798639}}, {"type": "Feature", "geometry": {"type": "Polygon", "coordinates": [[[-83.0293041, 40.0454305], [-83.0294927, 40.0454327], [-83.0295785, 40.0454742], [-83.0296642, 40.0455093], [-83.0298414, 40.0455246], [-83.0300443, 40.0454961], [-83.0301443, 40.045448], [-83.0301929, 40.0453692], [-83.0302415, 40.0452555], [-83.0302672, 40.0451351], [-83.0302786, 40.0450258], [-83.0302472, 40.0449536], [-83.0301757, 40.0449054], [-83.0300729, 40.0448792], [-83.0299443, 40.0448748], [-83.0298271, 40.0449273], [-83.0297642, 40.0450039], [-83.0297699, 40.0450673], [-83.0298071, 40.045168], [-83.0297899, 40.0452402], [-83.0297242, 40.0452948], [-83.0296013, 40.0453229], [-83.0295041, 40.0453329], [-83.0293704, 40.0453113], [-83.0293314, 40.0452849], [-83.0292652, 40.0452577], [-83.0290938, 40.0452203], [-83.0289432, 40.0452133], [-83.0288681, 40.0452237], [-83.0288291, 40.0452416], [-83.0287871, 40.0452747], [-83.0287702, 40.0453254], [-83.0287783, 40.0453933], [-83.0288469, 40.0454502], [-83.0289312, 40.0454774], [-83.0290812, 40.0454983], [-83.0291984, 40.045483], [-83.0293041, 40.0454305]]]}, "properties": {"name": "Whetstone Casting Pond", "tier": "SLEEPER", "score": 65, "wtype": "pond", "acres": 1.1, "access": "PUBLIC", "owner": "CITY OF COLUMBUS OHIO", "owner_addr": "3923 N HIGH ST", "species": ["Largemouth bass", "Bluegill", "Black crappie", "Channel catfish"], "bass": "PRIME", "easy_access": true, "public_shore_m": 367, "nearest_park_m": 104, "osm_id": 40416565, "lat": 40.045263, "lon": -83.029681}}, {"type": "Feature", "geometry": {"type": "Polygon", "coordinates": [[[-83.1996562, 40.0045211], [-83.1996884, 40.0045663], [-83.1995328, 40.004628], [-83.19937, 40.0047241], [-83.199329, 40.004854], [-83.1991251, 40.0045663], [-83.199168, 40.0045088], [-83.1992734, 40.0045351], [-83.1994953, 40.0045294], [-83.1996562, 40.0045211]]]}, "properties": {"name": "Unnamed water", "tier": "SLEEPER", "score": 65, "wtype": "pond", "acres": 0.19, "access": "PUBLIC", "owner": "BOARD OF EDUCATION OF THE HILLIARD CITY SCHOOL DIST", "owner_addr": "2800 WALKER RD", "species": ["Largemouth bass", "Bluegill"], "bass": "FAIR", "easy_access": true, "public_shore_m": 139, "nearest_park_m": 56, "osm_id": 180311179, "lat": 40.004622, "lon": -83.199365}}, {"type": "Feature", "geometry": {"type": "Polygon", "coordinates": [[[-83.2021936, 40.0051046], [-83.202274, 40.0051128], [-83.2023955, 40.0052788], [-83.2025315, 40.005421], [-83.2025476, 40.005495], [-83.202494, 40.0055279], [-83.2024224, 40.0055418], [-83.2023813, 40.005532], [-83.2023009, 40.005421], [-83.2021453, 40.0052649], [-83.2021273, 40.0051926], [-83.2021434, 40.0051391], [-83.2021936, 40.0051046]]]}, "properties": {"name": "Unnamed water", "tier": "SLEEPER", "score": 65, "wtype": "pond", "acres": 0.2, "access": "PUBLIC", "owner": "BOARD OF EDUCATION OF THE HILLIARD CITY SCHOOL DIST", "owner_addr": "2800 WALKER RD", "species": ["Largemouth bass", "Bluegill"], "bass": "FAIR", "easy_access": true, "public_shore_m": 128, "nearest_park_m": 25, "osm_id": 180311182, "lat": 40.005326, "lon": -83.202329}}, {"type": "Feature", "geometry": {"type": "Polygon", "coordinates": [[[-83.2026871, 40.0056922], [-83.202755, 40.0056939], [-83.2028301, 40.0057391], [-83.2030841, 40.0060209], [-83.2031109, 40.0060785], [-83.2030715, 40.0061253], [-83.2029607, 40.0061401], [-83.2029105, 40.0061335], [-83.202814, 40.0060842], [-83.2027764, 40.0060431], [-83.2027837, 40.005984], [-83.2027837, 40.0058648], [-83.2027389, 40.0058171], [-83.202671, 40.0057867], [-83.2026477, 40.0057555], [-83.2026871, 40.0056922]]]}, "properties": {"name": "Unnamed water", "tier": "SLEEPER", "score": 65, "wtype": "pond", "acres": 0.22, "access": "PUBLIC", "owner": "BOARD OF EDUCATION OF THE HILLIARD CITY SCHOOL DIST", "owner_addr": "2800 WALKER RD", "species": ["Largemouth bass", "Bluegill"], "bass": "FAIR", "easy_access": true, "public_shore_m": 139, "nearest_park_m": 99, "osm_id": 180311189, "lat": 40.005941, "lon": -83.202883}}, {"type": "Feature", "geometry": {"type": "Polygon", "coordinates": [[[-83.2011314, 40.0039623], [-83.2013192, 40.0040732], [-83.2013245, 40.004139], [-83.2011046, 40.0042828], [-83.201033, 40.0042721], [-83.2010115, 40.0040091], [-83.2010598, 40.0039722], [-83.2011314, 40.0039623]]]}, "properties": {"name": "Unnamed water", "tier": "SLEEPER", "score": 65, "wtype": "pond", "acres": 0.16, "access": "PUBLIC", "owner": "BOARD OF EDUCATION OF THE HILLIARD CITY SCHOOL DIST", "owner_addr": "2800 WALKER RD", "species": ["Largemouth bass", "Bluegill"], "bass": "FAIR", "easy_access": true, "public_shore_m": 100, "nearest_park_m": 77, "osm_id": 180311194, "lat": 40.004116, "lon": -83.201144}}, {"type": "Feature", "geometry": {"type": "Polygon", "coordinates": [[[-82.9877669, 39.9607223], [-82.9878044, 39.960712], [-82.9878499, 39.9607178], [-82.9880323, 39.9607712], [-82.9880592, 39.9607902], [-82.9880807, 39.9608354], [-82.9881209, 39.9608744], [-82.9881396, 39.960909], [-82.9881344, 39.960967], [-82.9880993, 39.9610385], [-82.9881074, 39.9610652], [-82.9880725, 39.9611022], [-82.9880484, 39.9611022], [-82.9880297, 39.9610841], [-82.9880083, 39.9610019], [-82.98796, 39.9609649], [-82.987893, 39.9608539], [-82.9878581, 39.9608272], [-82.9878205, 39.9608148], [-82.9877265, 39.9607959], [-82.9877079, 39.960784], [-82.9877025, 39.9607696], [-82.9877669, 39.9607223]]]}, "properties": {"name": "Unnamed water", "tier": "SLEEPER", "score": 65, "wtype": "pond", "acres": 0.16, "access": "PUBLIC", "owner": "CITY OF COLUMBUS OHIO", "owner_addr": "480 E TOWN ST", "species": ["Largemouth bass", "Bluegill"], "bass": "FAIR", "easy_access": true, "public_shore_m": 126, "nearest_park_m": 56, "osm_id": 231234638, "lat": 39.960871, "lon": -82.987971}}, {"type": "Feature", "geometry": {"type": "Polygon", "coordinates": [[[-83.1586539, 40.116735], [-83.1587216, 40.116709], [-83.1587473, 40.1166724], [-83.1587526, 40.1166075], [-83.1587521, 40.1165439], [-83.1587313, 40.1165005], [-83.1586999, 40.1164599], [-83.1586814, 40.1164366], [-83.158657, 40.1164383], [-83.1586031, 40.1164901], [-83.1585579, 40.1165489], [-83.1585186, 40.116625], [-83.1584916, 40.1167022], [-83.1584973, 40.1167269], [-83.1585234, 40.1167452], [-83.1585455, 40.1167519], [-83.1585814, 40.1167458], [-83.1586539, 40.116735]]]}, "properties": {"name": "Unnamed water", "tier": "SLEEPER", "score": 65, "wtype": "pond", "acres": 0.13, "access": "PUBLIC", "owner": "CITY OF DUBLIN", "owner_addr": "MANTEO DR", "species": ["Largemouth bass", "Bluegill"], "bass": "FAIR", "easy_access": true, "public_shore_m": 91, "nearest_park_m": 50, "osm_id": 452542334, "lat": 40.116612, "lon": -83.158635}}, {"type": "Feature", "geometry": {"type": "Polygon", "coordinates": [[[-82.8156186, 40.0984414], [-82.8157098, 40.0984547], [-82.8157303, 40.0984697], [-82.815742, 40.0984927], [-82.815734, 40.0985204], [-82.8156911, 40.0985398], [-82.8153987, 40.0985727], [-82.8151344, 40.0986148], [-82.8150718, 40.0986157], [-82.8150188, 40.0985939], [-82.8149862, 40.09857], [-82.8149826, 40.0985441], [-82.8150215, 40.0984507], [-82.8150445, 40.0984317], [-82.8150917, 40.0984247], [-82.8153477, 40.0984475], [-82.8156186, 40.0984414]]]}, "properties": {"name": "Unnamed water", "tier": "SLEEPER", "score": 65, "wtype": "pond", "acres": 0.23, "access": "PUBLIC", "owner": "CITY OF NEW ALBANY", "owner_addr": "6500 NEW ALBANY EAST RD", "species": ["Largemouth bass", "Bluegill"], "bass": "FAIR", "easy_access": true, "public_shore_m": 149, "nearest_park_m": 112, "osm_id": 533294230, "lat": 40.098512, "lon": -82.815319}}, {"type": "Feature", "geometry": {"type": "Polygon", "coordinates": [[[-82.8345431, 40.0113705], [-82.8344948, 40.0113931], [-82.8344572, 40.0114168], [-82.8344009, 40.011426], [-82.8343795, 40.0114034], [-82.834366, 40.0113448], [-82.8343687, 40.0113181], [-82.8343687, 40.0112709], [-82.8343741, 40.0112175], [-82.8343795, 40.0111836], [-82.8344063, 40.0111363], [-82.8343795, 40.0111004], [-82.8343312, 40.011085], [-82.8342829, 40.0110768], [-82.8342735, 40.0110542], [-82.8342789, 40.0110305], [-82.8343406, 40.0110295], [-82.8344143, 40.0110542], [-82.8344653, 40.0110829], [-82.8344787, 40.0111456], [-82.8345431, 40.01116], [-82.8346021, 40.0111476], [-82.8346504, 40.0111558], [-82.8346758, 40.0111826], [-82.8346812, 40.0112154], [-82.8346598, 40.0112555], [-82.8346195, 40.0113017], [-82.8345846, 40.0113356], [-82.8345644, 40.0113526], [-82.8345431, 40.0113705]]]}, "properties": {"name": "Unnamed water", "tier": "SLEEPER", "score": 65, "wtype": "pond", "acres": 0.18, "access": "PUBLIC", "owner": "CITY OF GAHANNA", "owner_addr": "TAYLOR STATION RD", "species": ["Largemouth bass", "Bluegill"], "bass": "FAIR", "easy_access": true, "public_shore_m": 134, "nearest_park_m": 57, "osm_id": 545312435, "lat": 40.011236, "lon": -82.834482}}, {"type": "Feature", "geometry": {"type": "Polygon", "coordinates": [[[-82.9046486, 40.1171926], [-82.9046856, 40.1171867], [-82.9047333, 40.1172362], [-82.9047611, 40.1173081], [-82.9048073, 40.1173493], [-82.9048658, 40.1173599], [-82.9049182, 40.1173681], [-82.9049459, 40.1173952], [-82.9049151, 40.1174294], [-82.9048843, 40.1174659], [-82.9048596, 40.1175036], [-82.9048766, 40.117546], [-82.9048519, 40.117592], [-82.9048165, 40.1176462], [-82.9047842, 40.1176556], [-82.9047225, 40.1176014], [-82.904684, 40.1175378], [-82.9046686, 40.1174801], [-82.9046548, 40.1174294], [-82.9046655, 40.1174011], [-82.9046825, 40.1173681], [-82.9046486, 40.1171926]]]}, "properties": {"name": "Unnamed water", "tier": "SLEEPER", "score": 65, "wtype": "pond", "acres": 0.16, "access": "PUBLIC", "owner": "CITY OF WESTERVILLE", "owner_addr": "S DELAWARE DR", "species": ["Largemouth bass", "Bluegill"], "bass": "FAIR", "easy_access": true, "public_shore_m": 127, "nearest_park_m": 60, "osm_id": 551631063, "lat": 40.117438, "lon": -82.90477}}, {"type": "Feature", "geometry": {"type": "Polygon", "coordinates": [[[-82.9881441, 39.9950593], [-82.9882103, 39.9950659], [-82.9882529, 39.9950952], [-82.9883706, 39.9953029], [-82.9883692, 39.9953518], [-82.9883361, 39.9953835], [-82.9882733, 39.9954014], [-82.9882202, 39.9953957], [-82.9881707, 39.9953642], [-82.9880452, 39.9951568], [-82.9880455, 39.9951155], [-82.988071, 39.9950885], [-82.9881127, 39.9950693], [-82.9881441, 39.9950593]]]}, "properties": {"name": "ODNR Kayak Pond", "tier": "SLEEPER", "score": 65, "wtype": "pond", "acres": 0.17, "access": "PUBLIC", "owner": "STATE OF OHIO OEC", "owner_addr": "2180 HIAWATHA PARK DR", "species": ["Largemouth bass", "Bluegill"], "bass": "FAIR", "easy_access": false, "public_shore_m": 102, "nearest_park_m": 303, "osm_id": 1205526004, "lat": 39.995229, "lon": -82.98821}}, {"type": "Feature", "geometry": {"type": "Polygon", "coordinates": [[[-82.9890254, 39.9946029], [-82.9890494, 39.9945754], [-82.989077, 39.9945507], [-82.9891188, 39.9945344], [-82.9891601, 39.9945194], [-82.9891989, 39.9945066], [-82.989215, 39.9944838], [-82.9892021, 39.9944639], [-82.9891495, 39.9944435], [-82.9891213, 39.994427], [-82.9890993, 39.9944153], [-82.9890572, 39.9943993], [-82.9890354, 39.9943726], [-82.9889897, 39.9943475], [-82.9889429, 39.9943245], [-82.9888936, 39.9943279], [-82.9888551, 39.994327], [-82.9888123, 39.9943281], [-82.9887911, 39.9943501], [-82.9888191, 39.9943933], [-82.9888581, 39.9944274], [-82.9888674, 39.9944604], [-82.9888746, 39.994491], [-82.9888956, 39.9945147], [-82.9889229, 39.994534], [-82.98893, 39.9945653], [-82.9889551, 39.9945965], [-82.9889956, 39.9946066], [-82.9890254, 39.9946029]]]}, "properties": {"name": "ODNR Wetland", "tier": "SLEEPER", "score": 65, "wtype": "pond", "acres": 0.15, "access": "PUBLIC", "owner": "STATE OF OHIO OEC", "owner_addr": "2180 HIAWATHA PARK DR", "species": ["Largemouth bass", "Bluegill"], "bass": "FAIR", "easy_access": false, "public_shore_m": 104, "nearest_park_m": 272, "osm_id": 1207542978, "lat": 39.994456, "lon": -82.98899}}, {"type": "Feature", "geometry": {"type": "Polygon", "coordinates": [[[-82.9803288, 39.8436491], [-82.9802896, 39.8438583], [-82.9801809, 39.8442673], [-82.9803317, 39.8448609], [-82.9803479, 39.8454843], [-82.9801034, 39.8460556], [-82.9791407, 39.8465146], [-82.9782357, 39.8466809], [-82.9775603, 39.8469446], [-82.9765913, 39.8474387], [-82.9754235, 39.8477937], [-82.9741836, 39.8480681], [-82.9725629, 39.8483551], [-82.9723742, 39.8483143], [-82.9722678, 39.8480757], [-82.9722471, 39.8465602], [-82.9725193, 39.8459843], [-82.9727138, 39.8449506], [-82.9726752, 39.8445167], [-82.9726577, 39.8443212], [-82.9725353, 39.8440946], [-82.9726424, 39.8439371], [-82.9729581, 39.8440543], [-82.9730867, 39.8442696], [-82.974027, 39.8443754], [-82.9742505, 39.8442389], [-82.9744165, 39.8440541], [-82.9747901, 39.8440962], [-82.9751717, 39.8439777], [-82.9755021, 39.8437365], [-82.9754111, 39.8433852], [-82.9754976, 39.8432092], [-82.9761339, 39.8431643], [-82.976786, 39.842897], [-82.9773066, 39.842718], [-82.9779116, 39.842636], [-82.9784124, 39.8427643], [-82.978826, 39.8425726], [-82.9793635, 39.8424899], [-82.9799618, 39.842622], [-82.9802776, 39.8428495], [-82.9803288, 39.8436491]]]}, "properties": {"name": "Unnamed water", "tier": "SLEEPER", "score": 60, "wtype": "reservoir", "acres": 74.56, "access": "PUBLIC", "owner": "CITY OF COLUMBUS OHIO", "owner_addr": "LOCKBOURNE RD", "species": ["Largemouth bass", "Bluegill", "Black crappie", "Channel catfish", "Saugeye", "White bass"], "bass": "FAIR", "easy_access": false, "public_shore_m": 2374, "nearest_park_m": 474, "osm_id": 38746449, "lat": 39.845364, "lon": -82.976322}}, {"type": "Feature", "geometry": {"type": "Polygon", "coordinates": [[[-82.967613, 39.8488148], [-82.9675583, 39.8488177], [-82.9675036, 39.848822], [-82.9674527, 39.8488278], [-82.9674225, 39.8488452], [-82.9673565, 39.8488973], [-82.9673339, 39.8489422], [-82.9672754, 39.8489871], [-82.9672151, 39.8490306], [-82.9671264, 39.8490581], [-82.9669586, 39.8490856], [-82.9667605, 39.8491116], [-82.9666059, 39.8491464], [-82.9664606, 39.8492], [-82.9662286, 39.8492709], [-82.9661173, 39.8493332], [-82.9660872, 39.8493795], [-82.9659721, 39.8494519], [-82.9658156, 39.8495403], [-82.9657684, 39.8495924], [-82.9656854, 39.8496271], [-82.9655949, 39.8496576], [-82.9655251, 39.8497401], [-82.9655119, 39.8497821], [-82.9655308, 39.8498067], [-82.9655873, 39.8498284], [-82.9656213, 39.849853], [-82.965627, 39.8498907], [-82.9656081, 39.8499414], [-82.9655817, 39.8500036], [-82.9655496, 39.8500659], [-82.9655836, 39.8501253], [-82.9656873, 39.8502092], [-82.9657948, 39.8502788], [-82.9658646, 39.8503627], [-82.9659099, 39.8504134], [-82.9659683, 39.8504351], [-82.9660155, 39.8504496], [-82.9660494, 39.8504728], [-82.9660532, 39.8505061], [-82.9660532, 39.8505408], [-82.9660834, 39.8505655], [-82.9661777, 39.8506465], [-82.9662362, 39.8506871], [-82.9663475, 39.8507175], [-82.966455, 39.8507189], [-82.9666115, 39.8506639], [-82.9667718, 39.8505915], [-82.9669114, 39.850509], [-82.9670189, 39.8504409], [-82.9671057, 39.8503874], [-82.9671924, 39.8503671], [-82.9672641, 39.8504076], [-82.9673245, 39.8504641], [-82.967415, 39.8505235], [-82.9674904, 39.850577], [-82.9675866, 39.8506509], [-82.9676715, 39.8507175], [-82.9677111, 39.8507276], [-82.967762, 39.8507262], [-82.9678073, 39.8507479], [-82.9678413, 39.8507812], [-82.9678526, 39.850829], [-82.9678714, 39.8508942], [-82.9678903, 39.8509535], [-82.967896, 39.8510245], [-82.9679243, 39.8511085], [-82.9679563, 39.8512286], [-82.9679393, 39.8513228], [-82.9679318, 39.8514154], [-82.967896, 39.8514763], [-82.9678545, 39.8515052], [-82.9676696, 39.8515617], [-82.9674282, 39.8516529], [-82.9672698, 39.8517108], [-82.9669529, 39.8518078], [-82.9666436, 39.8518773], [-82.9663682, 39.8519034], [-82.9659929, 39.8519193], [-82.965642, 39.8519454], [-82.9653346, 39.8519353], [-82.9650781, 39.851902], [-82.9647178, 39.8518411], [-82.9643802, 39.8518194], [-82.9640992, 39.8518064], [-82.9639068, 39.8517673], [-82.963754, 39.8516848], [-82.9636387, 39.8516093], [-82.9634202, 39.8513981], [-82.9631486, 39.8511765], [-82.9629336, 39.8509492], [-82.962745, 39.8507725], [-82.9625318, 39.8505003], [-82.9623319, 39.8501861], [-82.9622055, 39.8499558], [-82.9621395, 39.8497705], [-82.9620961, 39.8495214], [-82.9620943, 39.8493028], [-82.962098, 39.8490725], [-82.9621037, 39.8488322], [-82.9621339, 39.8486294], [-82.9621923, 39.8484195], [-82.9622772, 39.8481183], [-82.9623772, 39.847846], [-82.9624677, 39.8476288], [-82.9625149, 39.8474507], [-82.9625677, 39.8473407], [-82.9626375, 39.84729], [-82.9627563, 39.8472697], [-82.9628808, 39.8472581], [-82.9629788, 39.847261], [-82.9631448, 39.8472842], [-82.9632957, 39.8472987], [-82.963456, 39.8472885], [-82.9636171, 39.8472861], [-82.9637266, 39.8472824], [-82.96382, 39.8472799], [-82.9639166, 39.8472626], [-82.9639891, 39.8472477], [-82.9640986, 39.8472477], [-82.9642194, 39.847249], [-82.9643579, 39.8472366], [-82.9644851, 39.847249], [-82.9645543, 39.8472873], [-82.9646654, 39.8473046], [-82.96482, 39.8472947], [-82.9649376, 39.8472712], [-82.96506, 39.847249], [-82.965147, 39.8472477], [-82.9653692, 39.8472601], [-82.9655721, 39.8472601], [-82.9657927, 39.8472589], [-82.9659602, 39.8472576], [-82.9661245, 39.8472576], [-82.9665335, 39.8472848], [-82.9668363, 39.8473293], [-82.9670231, 39.8473479], [-82.9671745, 39.847359], [-82.9673564, 39.8473615], [-82.9677059, 39.8473874], [-82.9678911, 39.8473961], [-82.9680827, 39.8474122], [-82.9682244, 39.8474233], [-82.9683903, 39.8474369], [-82.9685803, 39.8474901], [-82.9687784, 39.8475383], [-82.9689427, 39.8475643], [-82.9690119, 39.8476013], [-82.9690618, 39.847652], [-82.9690618, 39.8476842], [-82.9690345, 39.8477336], [-82.9689201, 39.8478029], [-82.9688944, 39.8478437], [-82.9688944, 39.8478845], [-82.9688831, 39.8479142], [-82.9688509, 39.8479364], [-82.968772, 39.8479376], [-82.9686979, 39.8479376], [-82.9686319, 39.8479587], [-82.9685014, 39.8480291], [-82.9684177, 39.8480996], [-82.9683855, 39.8481824], [-82.9683227, 39.8482504], [-82.9682502, 39.8482962], [-82.9680135, 39.848405], [-82.9678975, 39.8484446], [-82.9678331, 39.8485323], [-82.9677832, 39.84863], [-82.9677623, 39.8486795], [-82.9677268, 39.8487388], [-82.9677059, 39.8487734], [-82.9676737, 39.8488006], [-82.967613, 39.8488148]]]}, "properties": {"name": "Unnamed water", "tier": "SLEEPER", "score": 60, "wtype": "reservoir", "acres": 51.3, "access": "PUBLIC", "owner": "BOARD OF PARK COMMISSIONERS OF THE COLUMBUS AND FRANKLIN CO MET PARK DISTRICT", "owner_addr": "5636 LOCKBOURNE RD", "species": ["Largemouth bass", "Bluegill", "Black crappie", "Channel catfish", "Saugeye", "White bass"], "bass": "FAIR", "easy_access": false, "public_shore_m": 2261, "nearest_park_m": 637, "osm_id": 1227161285, "lat": 39.849371, "lon": -82.965013}}, {"type": "Feature", "geometry": {"type": "Polygon", "coordinates": [[[-82.9785546, 39.8324743], [-82.9786729, 39.8325752], [-82.9786149, 39.8327832], [-82.9787286, 39.8329449], [-82.9789843, 39.8330677], [-82.9790223, 39.8333277], [-82.9790591, 39.8334319], [-82.9792329, 39.8335731], [-82.9793046, 39.833814], [-82.9795104, 39.8338888], [-82.9797609, 39.8344449], [-82.9799107, 39.8352733], [-82.9803181, 39.8360962], [-82.9805269, 39.8366997], [-82.9804431, 39.8368564], [-82.9799002, 39.8370071], [-82.9795986, 39.8369809], [-82.9790209, 39.8371044], [-82.9789791, 39.8372039], [-82.9793438, 39.8376234], [-82.9791993, 39.8377935], [-82.9786511, 39.8379672], [-82.9767373, 39.8377381], [-82.9766038, 39.8375763], [-82.9761536, 39.8373206], [-82.9758967, 39.8372405], [-82.9759881, 39.8369199], [-82.9750221, 39.8366591], [-82.9741592, 39.8366197], [-82.9736812, 39.8365315], [-82.9733552, 39.8360588], [-82.9731612, 39.8355365], [-82.9727464, 39.8356117], [-82.9724472, 39.8356421], [-82.9722755, 39.8354005], [-82.9720688, 39.8348079], [-82.9721048, 39.8346709], [-82.9721396, 39.8342754], [-82.9723865, 39.833856], [-82.9728764, 39.8336075], [-82.9732819, 39.8335986], [-82.973558, 39.833178], [-82.9737959, 39.8330882], [-82.9740566, 39.8327986], [-82.9747183, 39.8328113], [-82.975262, 39.8326725], [-82.9754325, 39.8327748], [-82.9758164, 39.8327953], [-82.9762647, 39.8326995], [-82.9766017, 39.8324933], [-82.9768383, 39.8323926], [-82.9774578, 39.8325496], [-82.9785546, 39.8324743]]]}, "properties": {"name": "Unnamed water", "tier": "WORTH A LOOK", "score": 50, "wtype": "reservoir", "acres": 73.46, "access": "PUBLIC", "owner": "CITY OF COLUMBUS OHIO", "owner_addr": "LOCKBOURNE RD", "species": ["Largemouth bass", "Bluegill", "Black crappie", "Channel catfish", "Saugeye", "White bass"], "bass": "FAIR", "easy_access": false, "public_shore_m": 2303, "nearest_park_m": 1542, "osm_id": 38746388, "lat": 39.835061, "lon": -82.976515}}, {"type": "Feature", "geometry": {"type": "Polygon", "coordinates": [[[-83.0970025, 40.0359998], [-83.0969671, 40.0365055], [-83.0968984, 40.0365802], [-83.0969832, 40.0367766], [-83.0971827, 40.0369375], [-83.0971903, 40.0371437], [-83.0969081, 40.0374452], [-83.0968555, 40.0380958], [-83.097113, 40.0382009], [-83.0971833, 40.0383334], [-83.0971631, 40.0384596], [-83.0969129, 40.0385033], [-83.0968568, 40.0389789], [-83.096771, 40.0390984], [-83.0966662, 40.0393377], [-83.0966839, 40.0397254], [-83.0965637, 40.0403825], [-83.0966047, 40.0406563], [-83.0968441, 40.0413919], [-83.0968727, 40.0414799], [-83.0969102, 40.0417362], [-83.0969472, 40.0419587], [-83.09701, 40.0426167], [-83.0969242, 40.042827], [-83.0970272, 40.0432278], [-83.0968727, 40.0435103], [-83.0969929, 40.0439243], [-83.0970502, 40.0449609], [-83.0971473, 40.0453501], [-83.0971189, 40.0456852], [-83.097113, 40.046592], [-83.0969671, 40.0471833], [-83.0970456, 40.0489306], [-83.0971395, 40.0499864], [-83.0971592, 40.0502052], [-83.0972418, 40.0511255], [-83.0975851, 40.0522227], [-83.0984777, 40.0535892], [-83.1001943, 40.0553565], [-83.1005886, 40.055848], [-83.1006168, 40.0558831], [-83.1007952, 40.0561054], [-83.1009266, 40.0561674], [-83.1015397, 40.0563924], [-83.1016025, 40.0564651], [-83.1014818, 40.0564959], [-83.101168, 40.0564302], [-83.1011385, 40.056539], [-83.1015676, 40.0571171], [-83.1019956, 40.0574578], [-83.1028551, 40.058142], [-83.1040052, 40.0590617], [-83.1051468, 40.0601062], [-83.105945, 40.0607368], [-83.1058506, 40.0609076], [-83.1067174, 40.0619398], [-83.106975, 40.0628455], [-83.1071981, 40.0640936], [-83.1072574, 40.0643457], [-83.1079061, 40.0671022], [-83.1079539, 40.0671883], [-83.1080569, 40.0673052], [-83.1081985, 40.0673926], [-83.1084635, 40.0673665], [-83.1087373, 40.0673259], [-83.1088117, 40.0673845], [-83.1088078, 40.0674184], [-83.1086244, 40.0674766], [-83.1086181, 40.0675358], [-83.1086627, 40.0676313], [-83.10858, 40.0676726], [-83.1082463, 40.0678079], [-83.1081609, 40.0678789], [-83.1081219, 40.067993], [-83.1080848, 40.0680479], [-83.107912, 40.0681232], [-83.1080063, 40.0682795], [-83.1081126, 40.0683433], [-83.1081913, 40.0683196], [-83.1082631, 40.0684371], [-83.1083053, 40.06858], [-83.1085285, 40.0693879], [-83.1088804, 40.0704388], [-83.1097645, 40.071759], [-83.1098589, 40.0720546], [-83.109773, 40.0724749], [-83.110082, 40.0727639], [-83.1104254, 40.072823], [-83.1106313, 40.0731514], [-83.1106798, 40.0732882], [-83.1108212, 40.073681], [-83.1111807, 40.0751678], [-83.1111992, 40.0752573], [-83.1115412, 40.0769148], [-83.1118, 40.0783054], [-83.1119274, 40.0789901], [-83.1120819, 40.0799555], [-83.1123565, 40.0812492], [-83.112392, 40.0818542], [-83.112481, 40.0825192], [-83.1131301, 40.0838556], [-83.1136526, 40.0853405], [-83.1138725, 40.0861236], [-83.1138642, 40.0869402], [-83.1136955, 40.0875272], [-83.1134903, 40.0879169], [-83.113129, 40.0882495], [-83.1120647, 40.0892673], [-83.1111431, 40.0899514], [-83.110648, 40.0904139], [-83.1104993, 40.0909027], [-83.1104291, 40.0914937], [-83.1105455, 40.0935944], [-83.1101495, 40.0936413], [-83.1096191, 40.0936765], [-83.1096089, 40.092742], [-83.1095644, 40.0925447], [-83.1094131, 40.0921224], [-83.1093439, 40.0917888], [-83.1094077, 40.0913242], [-83.1095413, 40.0909023], [-83.1097913, 40.0904398], [-83.1101164, 40.0900159], [-83.1111549, 40.0892016], [-83.1114145, 40.0889395], [-83.1117729, 40.0885778], [-83.112511, 40.0877242], [-83.1127061, 40.0873309], [-83.112784, 40.0867869], [-83.1129432, 40.0866402], [-83.1129804, 40.0861822], [-83.112614, 40.0850318], [-83.1119703, 40.0837841], [-83.1112289, 40.083159], [-83.1110723, 40.0829095], [-83.1110305, 40.0824058], [-83.1109833, 40.0823172], [-83.1108202, 40.0822015], [-83.1104339, 40.0813937], [-83.110082, 40.0803955], [-83.1100595, 40.080251], [-83.1100144, 40.0791625], [-83.1099906, 40.078921], [-83.1095327, 40.0773745], [-83.1088547, 40.0751481], [-83.1084083, 40.073933], [-83.1077818, 40.0726457], [-83.1068548, 40.0710078], [-83.106755, 40.0707959], [-83.1062197, 40.0697229], [-83.1059986, 40.0689955], [-83.1061129, 40.0689556], [-83.106129, 40.0688751], [-83.1060818, 40.0687983], [-83.1059358, 40.0687056], [-83.1057063, 40.0683447], [-83.1057541, 40.0681412], [-83.1054386, 40.0672531], [-83.1048893, 40.0657949], [-83.1047053, 40.0648494], [-83.1041941, 40.0635669], [-83.1035122, 40.0620059], [-83.1031662, 40.0614167], [-83.1029623, 40.0610903], [-83.1021781, 40.0600557], [-83.1019458, 40.0597128], [-83.1017956, 40.0593946], [-83.1017065, 40.0592494], [-83.1011127, 40.0586938], [-83.0991386, 40.0567624], [-83.0974907, 40.0550149], [-83.0969408, 40.054371], [-83.0964521, 40.0536746], [-83.0962113, 40.053289], [-83.0960487, 40.0528534], [-83.0959442, 40.0523084], [-83.095817, 40.0516445], [-83.0958019, 40.0515397], [-83.0956501, 40.0507966], [-83.0956024, 40.0504434], [-83.0955756, 40.0499486], [-83.0955756, 40.0495684], [-83.0955509, 40.0481229], [-83.0955938, 40.0474199], [-83.0955681, 40.0465394], [-83.0956024, 40.045613], [-83.0955509, 40.0444762], [-83.0954822, 40.0435892], [-83.0953878, 40.0429518], [-83.0951217, 40.0419005], [-83.0949587, 40.0410659], [-83.0949023, 40.0405592], [-83.0949077, 40.040378], [-83.0949345, 40.0401542], [-83.0950107, 40.0398277], [-83.0950955, 40.0389221], [-83.0951379, 40.038265], [-83.0951132, 40.0376292], [-83.0950359, 40.0363412], [-83.0947269, 40.0357366], [-83.0946583, 40.0348494], [-83.0944265, 40.0338834], [-83.0939974, 40.0328516], [-83.0937911, 40.0321921], [-83.0935596, 40.0314518], [-83.0934051, 40.0307946], [-83.0934738, 40.0302097], [-83.0934738, 40.0298745], [-83.0933536, 40.0296445], [-83.0930618, 40.0294736], [-83.0926455, 40.0286483], [-83.0925812, 40.0285206], [-83.0922722, 40.0282643], [-83.0928987, 40.0279751], [-83.0928928, 40.0276924], [-83.0928901, 40.0271799], [-83.092948, 40.0262932], [-83.0930017, 40.025471], [-83.093182, 40.0233152], [-83.0937485, 40.0203448], [-83.0938099, 40.0200908], [-83.0938455, 40.0199436], [-83.0938692, 40.0195315], [-83.0938784, 40.0193703], [-83.093892, 40.0192941], [-83.0939208, 40.0191332], [-83.0939329, 40.0187415], [-83.0938958, 40.0186415], [-83.0938348, 40.0183392], [-83.0932764, 40.0174849], [-83.0931133, 40.0170642], [-83.0928806, 40.0166625], [-83.0927647, 40.016377], [-83.0929846, 40.0163477], [-83.0934137, 40.0162623], [-83.0938514, 40.0161111], [-83.0942463, 40.0159402], [-83.0945638, 40.0157298], [-83.0948814, 40.01548], [-83.0952505, 40.0159665], [-83.0955634, 40.016279], [-83.0958608, 40.0166553], [-83.0959448, 40.0169264], [-83.0960382, 40.0174796], [-83.0964607, 40.0183263], [-83.0964681, 40.0183425], [-83.0965484, 40.0185176], [-83.0966012, 40.0186329], [-83.0965411, 40.0186515], [-83.0964087, 40.0185789], [-83.0962878, 40.018541], [-83.0961799, 40.0185375], [-83.0961078, 40.0186243], [-83.0960782, 40.018737], [-83.0961018, 40.018847], [-83.0961135, 40.0190866], [-83.096077, 40.0195014], [-83.0959448, 40.0198281], [-83.095911, 40.0199117], [-83.0958749, 40.0200731], [-83.095886, 40.0206669], [-83.0960655, 40.0207959], [-83.096277, 40.0208584], [-83.0965014, 40.0209247], [-83.0967615, 40.0209663], [-83.0968187, 40.0210295], [-83.0967615, 40.0210977], [-83.0966375, 40.0210977], [-83.096539, 40.0210733], [-83.0964437, 40.0210977], [-83.0963928, 40.0212388], [-83.0964691, 40.0212875], [-83.0966089, 40.0213483], [-83.0967901, 40.0214433], [-83.09686, 40.021526], [-83.0968187, 40.0216258], [-83.0967433, 40.0216015], [-83.0966153, 40.0215601], [-83.0963663, 40.0214288], [-83.0962308, 40.0213848], [-83.0961291, 40.0214189], [-83.0959797, 40.0213775], [-83.0957891, 40.0213435], [-83.0956429, 40.021324], [-83.0955947, 40.0213706], [-83.0955641, 40.0217419], [-83.0954913, 40.0226233], [-83.0953906, 40.022764], [-83.0952709, 40.0230214], [-83.0952787, 40.0233512], [-83.0952368, 40.0236297], [-83.0950955, 40.0238874], [-83.0950746, 40.0247585], [-83.0950636, 40.0253312], [-83.0950647, 40.0255473], [-83.0950505, 40.0270482], [-83.0950401, 40.0275939], [-83.095022, 40.0285398], [-83.0952283, 40.028912], [-83.0951618, 40.0294164], [-83.0952876, 40.0298323], [-83.095435, 40.0301371], [-83.0956453, 40.0312349], [-83.0960198, 40.0327798], [-83.0962805, 40.0332197], [-83.0969242, 40.033568], [-83.0971988, 40.0338768], [-83.0969757, 40.03389], [-83.0964671, 40.0336879], [-83.0965036, 40.034074], [-83.0966133, 40.034254], [-83.096598, 40.0346326], [-83.0968738, 40.0354772], [-83.0969441, 40.0356327], [-83.0976462, 40.035624], [-83.0981371, 40.0357288], [-83.0975309, 40.0357863], [-83.0971125, 40.0358972], [-83.0970025, 40.0359998]]]}, "properties": {"name": "Griggs Reservoir", "tier": "WORTH A LOOK", "score": 45, "wtype": "reservoir", "acres": 364.97, "access": "PUBLIC_BANK", "owner": "CITY OF COLUMBUS", "owner_addr": "DUBLIN RD", "species": ["Largemouth bass", "Bluegill", "Black crappie", "Channel catfish", "Saugeye", "White bass"], "bass": "FAIR", "easy_access": false, "public_shore_m": 13527, "nearest_park_m": 715, "osm_id": 30170260, "lat": 40.052606, "lon": -83.10147}}]}